"../../../Engine/Content/EditorResources/S_Actor.ubulk" 0
"../../../Engine/Content/EditorResources/S_Actor.uasset" 1
"../../../Engine/Content/EditorResources/S_Actor.uexp" 2
"../../../Engine/Content/EditorResources/S_BoxReflectionCapture.uasset" 3
"../../../Engine/Content/EditorResources/S_BoxReflectionCapture.uexp" 4
"../../../Engine/Content/EngineResources/DefaultTexture.ubulk" 5
"../../../Engine/Content/EngineResources/DefaultTexture.uasset" 6
"../../../Engine/Content/EngineResources/DefaultTexture.uexp" 7
"../../../Engine/Content/EngineResources/DefaultVolumeTexture2D.uasset" 8
"../../../Engine/Content/EngineResources/DefaultVolumeTexture2D.uexp" 9
"../../../Engine/Content/EngineResources/DefaultVolumeTexture.uasset" 10
"../../../Engine/Content/EngineResources/DefaultVolumeTexture.uexp" 11
"../../../Engine/Content/EditorResources/S_Trigger.ubulk" 12
"../../../Engine/Content/EditorResources/S_Trigger.uasset" 13
"../../../Engine/Content/EditorResources/S_Trigger.uexp" 14
"../../../Engine/Content/EditorResources/S_TriggerBox.uasset" 15
"../../../Engine/Content/EditorResources/S_TriggerBox.uexp" 16
"../../../Engine/Content/EditorResources/S_TriggerCapsule.uasset" 17
"../../../Engine/Content/EditorResources/S_TriggerCapsule.uexp" 18
"../../../Engine/Content/EditorResources/S_TriggerSphere.uasset" 19
"../../../Engine/Content/EditorResources/S_TriggerSphere.uexp" 20
"../../../Engine/Content/EngineMeshes/Sphere.ubulk" 21
"../../../Engine/Content/EngineMeshes/Sphere.uasset" 22
"../../../Engine/Content/EngineMeshes/Sphere.uexp" 23
"../../../Engine/Content/EngineResources/GradientTexture0.uasset" 24
"../../../Engine/Content/EngineResources/GradientTexture0.uexp" 25
"../../../Engine/Content/EngineResources/Black.uasset" 26
"../../../Engine/Content/EngineResources/Black.uexp" 27
"../../../Engine/Content/VREditor/LaserPointer/VR_LaserPower_01.ubulk" 28
"../../../Engine/Content/VREditor/LaserPointer/VR_LaserPower_01.uasset" 29
"../../../Engine/Content/VREditor/LaserPointer/VR_LaserPower_01.uexp" 30
"../../../Engine/Content/VREditor/TransformGizmo/TransformGizmoMaterial.uasset" 31
"../../../Engine/Content/VREditor/TransformGizmo/TransformGizmoMaterial.uexp" 32
"../../../Engine/Content/VREditor/TransformGizmo/TranslucentTransformGizmoMaterial.uasset" 33
"../../../Engine/Content/VREditor/TransformGizmo/TranslucentTransformGizmoMaterial.uexp" 34
"../../../Engine/Content/VREditor/TransformGizmo/BoundingBoxCorner.ubulk" 35
"../../../Engine/Content/VREditor/TransformGizmo/BoundingBoxCorner.uasset" 36
"../../../Engine/Content/VREditor/TransformGizmo/BoundingBoxCorner.uexp" 37
"../../../Engine/Content/VREditor/TransformGizmo/BoundingBoxEdge.ubulk" 38
"../../../Engine/Content/VREditor/TransformGizmo/BoundingBoxEdge.uasset" 39
"../../../Engine/Content/VREditor/TransformGizmo/BoundingBoxEdge.uexp" 40
"../../../Engine/Content/VREditor/TransformGizmo/Main.uasset" 41
"../../../Engine/Content/VREditor/TransformGizmo/Main.uexp" 42
"../../../Engine/Content/VREditor/TransformGizmo/Xray.uasset" 43
"../../../Engine/Content/VREditor/TransformGizmo/Xray.uexp" 44
"../../../Engine/Content/VREditor/TransformGizmo/SM_Sequencer_Node.ubulk" 45
"../../../Engine/Content/VREditor/TransformGizmo/SM_Sequencer_Node.uasset" 46
"../../../Engine/Content/VREditor/TransformGizmo/SM_Sequencer_Node.uexp" 47
"../../../Engine/Content/EditorResources/S_Solver.ubulk" 48
"../../../Engine/Content/EditorResources/S_Solver.uasset" 49
"../../../Engine/Content/EditorResources/S_Solver.uexp" 50
"../../../Engine/Content/EditorMaterials/Camera/CineMat.uasset" 51
"../../../Engine/Content/EditorMaterials/Camera/CineMat.uexp" 52
"../../../Engine/Content/EditorMaterials/Camera/MI_CineMat_Rig.uasset" 53
"../../../Engine/Content/EditorMaterials/Camera/MI_CineMat_Rig.uexp" 54
"../../../Engine/Content/EditorMeshes/Camera/SM_CraneRig_Base.ubulk" 55
"../../../Engine/Content/EditorMeshes/Camera/SM_CraneRig_Base.uasset" 56
"../../../Engine/Content/EditorMeshes/Camera/SM_CraneRig_Base.uexp" 57
"../../../Engine/Content/EditorMeshes/Camera/SM_CraneRig_Arm.ubulk" 58
"../../../Engine/Content/EditorMeshes/Camera/SM_CraneRig_Arm.uasset" 59
"../../../Engine/Content/EditorMeshes/Camera/SM_CraneRig_Arm.uexp" 60
"../../../Engine/Content/EditorMeshes/Camera/SM_CraneRig_Mount.ubulk" 61
"../../../Engine/Content/EditorMeshes/Camera/SM_CraneRig_Mount.uasset" 62
"../../../Engine/Content/EditorMeshes/Camera/SM_CraneRig_Mount.uexp" 63
"../../../Engine/Content/EditorMeshes/Camera/SM_CraneRig_Body.ubulk" 64
"../../../Engine/Content/EditorMeshes/Camera/SM_CraneRig_Body.uasset" 65
"../../../Engine/Content/EditorMeshes/Camera/SM_CraneRig_Body.uexp" 66
"../../../Engine/Content/EditorMeshes/Camera/SM_RailRig_Track.ubulk" 67
"../../../Engine/Content/EditorMeshes/Camera/SM_RailRig_Track.uasset" 68
"../../../Engine/Content/EditorMeshes/Camera/SM_RailRig_Track.uexp" 69
"../../../Engine/Content/EditorMeshes/Camera/SM_RailRig_Mount.ubulk" 70
"../../../Engine/Content/EditorMeshes/Camera/SM_RailRig_Mount.uasset" 71
"../../../Engine/Content/EditorMeshes/Camera/SM_RailRig_Mount.uexp" 72
"../../../Engine/Content/EngineMaterials/T_Default_Material_Grid_M.ubulk" 73
"../../../Engine/Content/EngineMaterials/T_Default_Material_Grid_M.uasset" 74
"../../../Engine/Content/EngineMaterials/T_Default_Material_Grid_M.uexp" 75
"../../../Engine/Content/EngineMaterials/T_Default_Material_Grid_N.ubulk" 76
"../../../Engine/Content/EngineMaterials/T_Default_Material_Grid_N.uasset" 77
"../../../Engine/Content/EngineMaterials/T_Default_Material_Grid_N.uexp" 78
"../../../Engine/Content/Functions/Engine_MaterialFunctions01/Opacity/CameraDepthFade.uasset" 79
"../../../Engine/Content/Functions/Engine_MaterialFunctions01/Opacity/CameraDepthFade.uexp" 80
"../../../Engine/Content/EngineMaterials/WorldGridMaterial.uasset" 81
"../../../Engine/Content/EngineMaterials/WorldGridMaterial.uexp" 82
"../../../Engine/Content/ArtTools/RenderToTexture/Meshes/S_1_Unit_Plane.ubulk" 83
"../../../Engine/Content/ArtTools/RenderToTexture/Meshes/S_1_Unit_Plane.uasset" 84
"../../../Engine/Content/ArtTools/RenderToTexture/Meshes/S_1_Unit_Plane.uexp" 85
"../../../Engine/Content/EditorMaterials/ParticleSystems/PSysThumbnail_NoImage.ubulk" 86
"../../../Engine/Content/EditorMaterials/ParticleSystems/PSysThumbnail_NoImage.uasset" 87
"../../../Engine/Content/EditorMaterials/ParticleSystems/PSysThumbnail_NoImage.uexp" 88
"../../../Engine/Content/EditorMaterials/ParticleSystems/PSysThumbnail_OOD.ubulk" 89
"../../../Engine/Content/EditorMaterials/ParticleSystems/PSysThumbnail_OOD.uasset" 90
"../../../Engine/Content/EditorMaterials/ParticleSystems/PSysThumbnail_OOD.uexp" 91
"../../../Engine/Content/EditorLandscapeResources/SplineEditorMeshMat.uasset" 92
"../../../Engine/Content/EditorLandscapeResources/SplineEditorMeshMat.uexp" 93
"../../../Engine/Content/EditorLandscapeResources/SplineEditorMesh.ubulk" 94
"../../../Engine/Content/EditorLandscapeResources/SplineEditorMesh.uasset" 95
"../../../Engine/Content/EditorLandscapeResources/SplineEditorMesh.uexp" 96
"../../../Engine/Plugins/Media/MediaPlate/Content/SM_MediaPlateScreen.ubulk" 97
"../../../Engine/Plugins/Media/MediaPlate/Content/SM_MediaPlateScreen.uasset" 98
"../../../Engine/Plugins/Media/MediaPlate/Content/SM_MediaPlateScreen.uexp" 99
"../../../Engine/Content/EngineMaterials/DefaultBokeh.uasset" 100
"../../../Engine/Content/EngineMaterials/DefaultBokeh.uexp" 101
"../../../Engine/Content/EngineMaterials/MiniFont.uasset" 102
"../../../Engine/Content/EngineMaterials/MiniFont.uexp" 103
"../../../Engine/Content/EngineMaterials/WeightMapPlaceholderTexture.uasset" 104
"../../../Engine/Content/EngineMaterials/WeightMapPlaceholderTexture.uexp" 105
"../../../Engine/Content/EngineMaterials/WeightMapArrayPlaceholderTexture.uasset" 106
"../../../Engine/Content/EngineMaterials/WeightMapArrayPlaceholderTexture.uexp" 107
"../../../Engine/Content/EngineMaterials/DefaultWhiteGrid.ubulk" 108
"../../../Engine/Content/EngineMaterials/DefaultWhiteGrid.uasset" 109
"../../../Engine/Content/EngineMaterials/DefaultWhiteGrid.uexp" 110
"../../../Engine/Content/EngineMaterials/PreintegratedSkinBRDF.uasset" 111
"../../../Engine/Content/EngineMaterials/PreintegratedSkinBRDF.uexp" 112
"C:/Users/jeanc/Documents/GitHub/Felix/Multiplayer/Content/NewChaosSolver.uasset" 113
"C:/Users/jeanc/Documents/GitHub/Felix/Multiplayer/Content/NewChaosSolver.uexp" 114
"../../../Engine/Content/BasicShapes/Cube.ubulk" 115
"../../../Engine/Content/BasicShapes/Cube.uasset" 116
"../../../Engine/Content/BasicShapes/Cube.uexp" 117
"../../../Engine/Content/EngineMaterials/DefaultPhysicalMaterial.uasset" 118
"../../../Engine/Content/EngineMaterials/DefaultPhysicalMaterial.uexp" 119
"../../../Engine/Content/BasicShapes/BasicShapeMaterial.uasset" 120
"../../../Engine/Content/BasicShapes/BasicShapeMaterial.uexp" 121
"../../../Engine/Content/Functions/Engine_MaterialFunctions02/ScreenResolution.uasset" 122
"../../../Engine/Content/Functions/Engine_MaterialFunctions02/ScreenResolution.uexp" 123
"../../../Engine/Content/Functions/Engine_MaterialFunctions02/Utility/VectorLength.uasset" 124
"../../../Engine/Content/Functions/Engine_MaterialFunctions02/Utility/VectorLength.uexp" 125
"../../../Engine/Content/EngineMaterials/Grid.ubulk" 126
"../../../Engine/Content/EngineMaterials/Grid.uasset" 127
"../../../Engine/Content/EngineMaterials/Grid.uexp" 128
"../../../Engine/Content/Functions/Engine_MaterialFunctions02/WorldPositionOffset/ObjectScale.uasset" 129
"../../../Engine/Content/Functions/Engine_MaterialFunctions02/WorldPositionOffset/ObjectScale.uexp" 130
"../../../Engine/Content/EngineMaterials/DefaultDiffuse.ubulk" 131
"../../../Engine/Content/EngineMaterials/DefaultDiffuse.uasset" 132
"../../../Engine/Content/EngineMaterials/DefaultDiffuse.uexp" 133
"../../../Engine/Content/Functions/Engine_MaterialFunctions01/Gradient/LinearGradient.uasset" 134
"../../../Engine/Content/Functions/Engine_MaterialFunctions01/Gradient/LinearGradient.uexp" 135
"../../../Engine/Content/Functions/Engine_MaterialFunctions01/ImageAdjustment/CheapContrast.uasset" 136
"../../../Engine/Content/Functions/Engine_MaterialFunctions01/ImageAdjustment/CheapContrast.uexp" 137
"../../../Engine/Content/Functions/Engine_MaterialFunctions01/Texturing/WorldAlignedTexture.uasset" 138
"../../../Engine/Content/Functions/Engine_MaterialFunctions01/Texturing/WorldAlignedTexture.uexp" 139
"../../../Engine/Content/EditorMaterials/GeometryCollection/SelectedGeometryMaterial.uasset" 140
"../../../Engine/Content/EditorMaterials/GeometryCollection/SelectedGeometryMaterial.uexp" 141
"C:/Users/jeanc/Documents/GitHub/Felix/Multiplayer/Content/GC_Cube.uasset" 142
"C:/Users/jeanc/Documents/GitHub/Felix/Multiplayer/Content/GC_Cube.uexp" 143
"C:/Users/jeanc/Documents/GitHub/Felix/Multiplayer/Content/FS_Explosion.uasset" 144
"C:/Users/jeanc/Documents/GitHub/Felix/Multiplayer/Content/FS_Explosion.uexp" 145
"../../../Engine/Content/Functions/Engine_MaterialFunctions02/WorldPositionOffset/CameraOffset.uasset" 146
"../../../Engine/Content/Functions/Engine_MaterialFunctions02/WorldPositionOffset/CameraOffset.uexp" 147
"../../../Engine/Plugins/Animation/ControlRig/Content/M_Manip.uasset" 148
"../../../Engine/Plugins/Animation/ControlRig/Content/M_Manip.uexp" 149
"../../../Engine/Plugins/Animation/ACLPlugin/Content/ACLAnimCurveCompressionSettings.uasset" 150
"../../../Engine/Plugins/Animation/ACLPlugin/Content/ACLAnimCurveCompressionSettings.uexp" 151
"../../../Engine/Plugins/Animation/ACLPlugin/Content/ACLAnimBoneCompressionSettings.uasset" 152
"../../../Engine/Plugins/Animation/ACLPlugin/Content/ACLAnimBoneCompressionSettings.uexp" 153
"../../../Engine/Plugins/2D/Paper2D/Content/PlaceholderTextures/DummySpriteTexture.ubulk" 154
"../../../Engine/Plugins/2D/Paper2D/Content/PlaceholderTextures/DummySpriteTexture.uasset" 155
"../../../Engine/Plugins/2D/Paper2D/Content/PlaceholderTextures/DummySpriteTexture.uexp" 156
"../../../Engine/Plugins/2D/Paper2D/Content/DefaultSpriteMaterial.uasset" 157
"../../../Engine/Plugins/2D/Paper2D/Content/DefaultSpriteMaterial.uexp" 158
"../../../Engine/Plugins/2D/Paper2D/Content/OpaqueUnlitSpriteMaterial.uasset" 159
"../../../Engine/Plugins/2D/Paper2D/Content/OpaqueUnlitSpriteMaterial.uexp" 160
"../../../Engine/Plugins/2D/Paper2D/Content/MaskedUnlitSpriteMaterial.uasset" 161
"../../../Engine/Plugins/2D/Paper2D/Content/MaskedUnlitSpriteMaterial.uexp" 162
"../../../Engine/Plugins/2D/Paper2D/Content/DummySprite.uasset" 163
"../../../Engine/Plugins/2D/Paper2D/Content/DummySprite.uexp" 164
"../../../Engine/Plugins/2D/Paper2D/Content/DefaultPaperTerrainMaterial.uasset" 165
"../../../Engine/Plugins/2D/Paper2D/Content/DefaultPaperTerrainMaterial.uexp" 166
"../../../Engine/Plugins/Runtime/MeshModelingToolset/Content/Materials/M_DynamicMeshComponentVtxColor.uasset" 167
"../../../Engine/Plugins/Runtime/MeshModelingToolset/Content/Materials/M_DynamicMeshComponentVtxColor.uexp" 168
"../../../Engine/Content/Functions/Engine_MaterialFunctions02/WorldPositionOffset/ObjectPivotPoint.uasset" 169
"../../../Engine/Content/Functions/Engine_MaterialFunctions02/WorldPositionOffset/ObjectPivotPoint.uexp" 170
"../../../Engine/Plugins/Runtime/HDRIBackdrop/Content/Materials/HDRI_Attributes.uasset" 171
"../../../Engine/Plugins/Runtime/HDRIBackdrop/Content/Materials/HDRI_Attributes.uexp" 172
"../../../Engine/Content/EngineResources/DefaultTextureCube.uasset" 173
"../../../Engine/Content/EngineResources/DefaultTextureCube.uexp" 174
"../../../Engine/Plugins/Runtime/HDRIBackdrop/Content/Materials/HDRI_Projection_Sky.uasset" 175
"../../../Engine/Plugins/Runtime/HDRIBackdrop/Content/Materials/HDRI_Projection_Sky.uexp" 176
"../../../Engine/Plugins/Runtime/HDRIBackdrop/Content/Materials/MI_HDRI_Sky.uasset" 177
"../../../Engine/Plugins/Runtime/HDRIBackdrop/Content/Materials/MI_HDRI_Sky.uexp" 178
"../../../Engine/Plugins/Runtime/HDRIBackdrop/Content/Materials/HDRI_Projection_Floor.uasset" 179
"../../../Engine/Plugins/Runtime/HDRIBackdrop/Content/Materials/HDRI_Projection_Floor.uexp" 180
"../../../Engine/Plugins/Runtime/HDRIBackdrop/Content/Materials/MI_HDRI_Floor.uasset" 181
"../../../Engine/Plugins/Runtime/HDRIBackdrop/Content/Materials/MI_HDRI_Floor.uexp" 182
"../../../Engine/Plugins/Runtime/HDRIBackdrop/Content/Textures/approaching_storm_4k.uasset" 183
"../../../Engine/Plugins/Runtime/HDRIBackdrop/Content/Textures/approaching_storm_4k.uexp" 184
"../../../Engine/Plugins/Runtime/HDRIBackdrop/Content/Meshes/EnviroDome.ubulk" 185
"../../../Engine/Plugins/Runtime/HDRIBackdrop/Content/Meshes/EnviroDome.uasset" 186
"../../../Engine/Plugins/Runtime/HDRIBackdrop/Content/Meshes/EnviroDome.uexp" 187
"../../../Engine/Plugins/Runtime/HDRIBackdrop/Content/Blueprints/HDRIBackdrop.uasset" 188
"../../../Engine/Plugins/Runtime/HDRIBackdrop/Content/Blueprints/HDRIBackdrop.uexp" 189
"../../../Engine/Plugins/Interchange/Runtime/Content/Pipelines/DefaultTexturePipeline.uasset" 190
"../../../Engine/Plugins/Interchange/Runtime/Content/Pipelines/DefaultTexturePipeline.uexp" 191
"../../../Engine/Plugins/Interchange/Runtime/Content/Pipelines/DefaultSceneLevelPipeline.uasset" 192
"../../../Engine/Plugins/Interchange/Runtime/Content/Pipelines/DefaultSceneLevelPipeline.uexp" 193
"../../../Engine/Plugins/Interchange/Runtime/Content/Pipelines/DefaultSceneAssetsPipeline.uasset" 194
"../../../Engine/Plugins/Interchange/Runtime/Content/Pipelines/DefaultSceneAssetsPipeline.uexp" 195
"../../../Engine/Plugins/Interchange/Runtime/Content/Pipelines/DefaultMaterialXPipeline.uasset" 196
"../../../Engine/Plugins/Interchange/Runtime/Content/Pipelines/DefaultMaterialXPipeline.uexp" 197
"../../../Engine/Plugins/Interchange/Runtime/Content/Pipelines/DefaultMaterialPipeline.uasset" 198
"../../../Engine/Plugins/Interchange/Runtime/Content/Pipelines/DefaultMaterialPipeline.uexp" 199
"../../../Engine/Plugins/Interchange/Runtime/Content/Pipelines/DefaultGLTFSceneAssetsPipeline.uasset" 200
"../../../Engine/Plugins/Interchange/Runtime/Content/Pipelines/DefaultGLTFSceneAssetsPipeline.uexp" 201
"../../../Engine/Plugins/Interchange/Runtime/Content/Pipelines/DefaultGLTFPipeline.uasset" 202
"../../../Engine/Plugins/Interchange/Runtime/Content/Pipelines/DefaultGLTFPipeline.uexp" 203
"../../../Engine/Plugins/Interchange/Runtime/Content/Pipelines/DefaultGLTFAssetsPipeline.uasset" 204
"../../../Engine/Plugins/Interchange/Runtime/Content/Pipelines/DefaultGLTFAssetsPipeline.uexp" 205
"../../../Engine/Plugins/Interchange/Runtime/Content/Pipelines/DefaultAssetsPipeline.uasset" 206
"../../../Engine/Plugins/Interchange/Runtime/Content/Pipelines/DefaultAssetsPipeline.uexp" 207
"../../../Engine/Plugins/Interchange/Runtime/Content/Functions/MX_UsdPreviewSurface.uasset" 208
"../../../Engine/Plugins/Interchange/Runtime/Content/Functions/MX_UsdPreviewSurface.uexp" 209
"../../../Engine/Plugins/Interchange/Runtime/Content/Functions/MX_UniformEDF.uasset" 210
"../../../Engine/Plugins/Interchange/Runtime/Content/Functions/MX_UniformEDF.uexp" 211
"../../../Engine/Plugins/Interchange/Runtime/Content/Functions/MX_TranslucentBSDF.uasset" 212
"../../../Engine/Plugins/Interchange/Runtime/Content/Functions/MX_TranslucentBSDF.uexp" 213
"../../../Engine/Plugins/Interchange/Runtime/Content/Functions/MX_ThinFilmBSDF.uasset" 214
"../../../Engine/Plugins/Interchange/Runtime/Content/Functions/MX_ThinFilmBSDF.uexp" 215
"../../../Engine/Plugins/Interchange/Runtime/Content/Functions/MX_SurfaceUnlit.uasset" 216
"../../../Engine/Plugins/Interchange/Runtime/Content/Functions/MX_SurfaceUnlit.uexp" 217
"../../../Engine/Plugins/Interchange/Runtime/Content/Functions/MX_Surface.uasset" 218
"../../../Engine/Plugins/Interchange/Runtime/Content/Functions/MX_Surface.uexp" 219
"../../../Engine/Plugins/Interchange/Runtime/Content/Functions/MX_SubsurfaceBSDF.uasset" 220
"../../../Engine/Plugins/Interchange/Runtime/Content/Functions/MX_SubsurfaceBSDF.uexp" 221
"../../../Engine/Plugins/Interchange/Runtime/Content/Functions/MX_SheenBSDF.uasset" 222
"../../../Engine/Plugins/Interchange/Runtime/Content/Functions/MX_SheenBSDF.uexp" 223
"../../../Engine/Plugins/Interchange/Runtime/Content/Functions/MX_OrenNayarBSDF.uasset" 224
"../../../Engine/Plugins/Interchange/Runtime/Content/Functions/MX_OrenNayarBSDF.uexp" 225
"../../../Engine/Content/Functions/Engine_MaterialFunctions02/Utility/CameraDirectionVector.uasset" 226
"../../../Engine/Content/Functions/Engine_MaterialFunctions02/Utility/CameraDirectionVector.uexp" 227
"../../../Engine/Content/Functions/Engine_MaterialFunctions01/Volumetrics/BeersLaw.uasset" 228
"../../../Engine/Content/Functions/Engine_MaterialFunctions01/Volumetrics/BeersLaw.uexp" 229
"../../../Engine/Content/EngineMaterials/Good64x64TilingNoiseHighFreq.uasset" 230
"../../../Engine/Content/EngineMaterials/Good64x64TilingNoiseHighFreq.uexp" 231
"../../../Engine/Content/Functions/Engine_MaterialFunctions02/Texturing/ScreenAlignedPixelToPixelUVs.uasset" 232
"../../../Engine/Content/Functions/Engine_MaterialFunctions02/Texturing/ScreenAlignedPixelToPixelUVs.uexp" 233
"../../../Engine/Plugins/Interchange/Runtime/Content/gltf/MaterialFunctions/MF_Temporal_Blur.uasset" 234
"../../../Engine/Plugins/Interchange/Runtime/Content/gltf/MaterialFunctions/MF_Temporal_Blur.uexp" 235
"../../../Engine/Plugins/Interchange/Runtime/Content/gltf/MaterialFunctions/MF_Fresnel_DS.uasset" 236
"../../../Engine/Plugins/Interchange/Runtime/Content/gltf/MaterialFunctions/MF_Fresnel_DS.uexp" 237
"../../../Engine/Content/Functions/Engine_MaterialFunctions02/Utility/BreakOutFloat3Components.uasset" 238
"../../../Engine/Content/Functions/Engine_MaterialFunctions02/Utility/BreakOutFloat3Components.uexp" 239
"../../../Engine/Plugins/Interchange/Runtime/Content/Functions/MX_Transmission.uasset" 240
"../../../Engine/Plugins/Interchange/Runtime/Content/Functions/MX_Transmission.uexp" 241
"../../../Engine/Plugins/Interchange/Runtime/Content/Functions/MF_OrenNayerView.uasset" 242
"../../../Engine/Plugins/Interchange/Runtime/Content/Functions/MF_OrenNayerView.uexp" 243
"../../../Engine/Plugins/Interchange/Runtime/Content/Functions/MF_SchlickApprox.uasset" 244
"../../../Engine/Plugins/Interchange/Runtime/Content/Functions/MF_SchlickApprox.uexp" 245
"../../../Engine/Plugins/Interchange/Runtime/Content/Utilities/New_LUT.uasset" 246
"../../../Engine/Plugins/Interchange/Runtime/Content/Utilities/New_LUT.uexp" 247
"../../../Engine/Content/Functions/Engine_MaterialFunctions03/Math/RemapValueRange.uasset" 248
"../../../Engine/Content/Functions/Engine_MaterialFunctions03/Math/RemapValueRange.uexp" 249
"../../../Engine/Plugins/Interchange/Runtime/Content/Functions/MF_Iridescence.uasset" 250
"../../../Engine/Plugins/Interchange/Runtime/Content/Functions/MF_Iridescence.uexp" 251
"../../../Engine/Plugins/Interchange/Runtime/Content/Functions/MX_StandardSurface.uasset" 252
"../../../Engine/Plugins/Interchange/Runtime/Content/Functions/MX_StandardSurface.uexp" 253
"../../../Engine/Plugins/Interchange/Runtime/Content/Functions/MX_TransmissionSurface.uasset" 254
"../../../Engine/Plugins/Interchange/Runtime/Content/Functions/MX_TransmissionSurface.uexp" 255
"../../../Engine/Plugins/Interchange/Runtime/Content/Functions/MX_OpenPBR_Translucent.uasset" 256
"../../../Engine/Plugins/Interchange/Runtime/Content/Functions/MX_OpenPBR_Translucent.uexp" 257
"../../../Engine/Plugins/Interchange/Runtime/Content/Functions/MX_OpenPBR_Opaque.uasset" 258
"../../../Engine/Plugins/Interchange/Runtime/Content/Functions/MX_OpenPBR_Opaque.uexp" 259
"../../../Engine/Plugins/Interchange/Runtime/Content/Functions/MX_MeasuredEDF.uasset" 260
"../../../Engine/Plugins/Interchange/Runtime/Content/Functions/MX_MeasuredEDF.uexp" 261
"../../../Engine/Plugins/Interchange/Runtime/Content/Functions/MX_GeneralizedSchlickBSDF.uasset" 262
"../../../Engine/Plugins/Interchange/Runtime/Content/Functions/MX_GeneralizedSchlickBSDF.uexp" 263
"../../../Engine/Plugins/Interchange/Runtime/Content/Functions/MX_DielectricBSDF.uasset" 264
"../../../Engine/Plugins/Interchange/Runtime/Content/Functions/MX_DielectricBSDF.uexp" 265
"../../../Engine/Plugins/Interchange/Runtime/Content/Functions/MX_ConicalEDF.uasset" 266
"../../../Engine/Plugins/Interchange/Runtime/Content/Functions/MX_ConicalEDF.uexp" 267
"../../../Engine/Plugins/Interchange/Runtime/Content/Functions/MX_ConductorBSDF.uasset" 268
"../../../Engine/Plugins/Interchange/Runtime/Content/Functions/MX_ConductorBSDF.uexp" 269
"../../../Engine/Plugins/Interchange/Runtime/Content/Functions/MX_BurleyDiffuseBSDF.uasset" 270
"../../../Engine/Plugins/Interchange/Runtime/Content/Functions/MX_BurleyDiffuseBSDF.uexp" 271
"../../../Engine/Plugins/Interchange/Runtime/Content/Functions/MX_AnisotropicVDF.uasset" 272
"../../../Engine/Plugins/Interchange/Runtime/Content/Functions/MX_AnisotropicVDF.uexp" 273
"../../../Engine/Plugins/Interchange/Runtime/Content/Functions/MX_AbsorptionVDF.uasset" 274
"../../../Engine/Plugins/Interchange/Runtime/Content/Functions/MX_AbsorptionVDF.uexp" 275
"../../../Engine/Plugins/Editor/SpeedTreeImporter/Content/SpeedTree9/game_wind_noise.ubulk" 276
"../../../Engine/Plugins/Editor/SpeedTreeImporter/Content/SpeedTree9/game_wind_noise.uasset" 277
"../../../Engine/Plugins/Editor/SpeedTreeImporter/Content/SpeedTree9/game_wind_noise.uexp" 278
"../../../Engine/Plugins/Editor/SpeedTreeImporter/Content/SpeedTree9/UnpackDirection.uasset" 279
"../../../Engine/Plugins/Editor/SpeedTreeImporter/Content/SpeedTree9/UnpackDirection.uexp" 280
"../../../Engine/Content/Functions/Engine_MaterialFunctions02/ObjectLocalBounds.uasset" 281
"../../../Engine/Content/Functions/Engine_MaterialFunctions02/ObjectLocalBounds.uexp" 282
"../../../Engine/Content/Functions/Engine_MaterialFunctions02/UVs/BoundingBoxBased_0-1_UVW.uasset" 283
"../../../Engine/Content/Functions/Engine_MaterialFunctions02/UVs/BoundingBoxBased_0-1_UVW.uexp" 284
"../../../Engine/Plugins/Editor/SpeedTreeImporter/Content/SpeedTree9/UnpackInteger3.uasset" 285
"../../../Engine/Plugins/Editor/SpeedTreeImporter/Content/SpeedTree9/UnpackInteger3.uexp" 286
"../../../Engine/Plugins/Editor/SpeedTreeImporter/Content/SpeedTree9/SpeedTreeCameraFacing.uasset" 287
"../../../Engine/Plugins/Editor/SpeedTreeImporter/Content/SpeedTree9/SpeedTreeCameraFacing.uexp" 288
"../../../Engine/Content/Functions/Engine_MaterialFunctions02/SafeNormalize.uasset" 289
"../../../Engine/Content/Functions/Engine_MaterialFunctions02/SafeNormalize.uexp" 290
"../../../Engine/Plugins/Editor/SpeedTreeImporter/Content/SpeedTree9/SpeedTreeWindMotion.uasset" 291
"../../../Engine/Plugins/Editor/SpeedTreeImporter/Content/SpeedTree9/SpeedTreeWindMotion.uexp" 292
"../../../Engine/Plugins/Editor/SpeedTreeImporter/Content/SpeedTree9/SpeedTreeBranchMotion.uasset" 293
"../../../Engine/Plugins/Editor/SpeedTreeImporter/Content/SpeedTree9/SpeedTreeBranchMotion.uexp" 294
"../../../Engine/Plugins/Editor/SpeedTreeImporter/Content/SpeedTree9/SpeedTreeWind.uasset" 295
"../../../Engine/Plugins/Editor/SpeedTreeImporter/Content/SpeedTree9/SpeedTreeWind.uexp" 296
"../../../Engine/Plugins/Editor/SpeedTreeImporter/Content/SpeedTree9/EmptyNormal.uasset" 297
"../../../Engine/Plugins/Editor/SpeedTreeImporter/Content/SpeedTree9/EmptyNormal.uexp" 298
"../../../Engine/Plugins/Editor/SpeedTreeImporter/Content/SpeedTree9/Empty.uasset" 299
"../../../Engine/Plugins/Editor/SpeedTreeImporter/Content/SpeedTree9/Empty.uexp" 300
"../../../Engine/Plugins/Editor/SpeedTreeImporter/Content/SpeedTree9/SpeedTreeMaster.uasset" 301
"../../../Engine/Plugins/Editor/SpeedTreeImporter/Content/SpeedTree9/SpeedTreeMaster.uexp" 302
"../../../Engine/Plugins/Editor/SpeedTreeImporter/Content/SpeedTree9/SpeedTreeBillboard.uasset" 303
"../../../Engine/Plugins/Editor/SpeedTreeImporter/Content/SpeedTree9/SpeedTreeBillboard.uexp" 304
"../../../Engine/Plugins/Editor/SpeedTreeImporter/Content/SpeedTree9/SpeedTreeBillboardMaster.uasset" 305
"../../../Engine/Plugins/Editor/SpeedTreeImporter/Content/SpeedTree9/SpeedTreeBillboardMaster.uexp" 306
"../../../Engine/Plugins/Animation/ControlRig/Content/Controls/DefaultGizmoLibraryNormalized.uasset" 307
"../../../Engine/Plugins/Animation/ControlRig/Content/Controls/DefaultGizmoLibraryNormalized.uexp" 308
"../../../Engine/Plugins/Animation/ControlRig/Content/Controls/ControlRig_Wedge_solid.ubulk" 309
"../../../Engine/Plugins/Animation/ControlRig/Content/Controls/ControlRig_Wedge_solid.uasset" 310
"../../../Engine/Plugins/Animation/ControlRig/Content/Controls/ControlRig_Wedge_solid.uexp" 311
"../../../Engine/Plugins/Animation/ControlRig/Content/Controls/ControlRig_Wedge_3mm.ubulk" 312
"../../../Engine/Plugins/Animation/ControlRig/Content/Controls/ControlRig_Wedge_3mm.uasset" 313
"../../../Engine/Plugins/Animation/ControlRig/Content/Controls/ControlRig_Wedge_3mm.uexp" 314
"../../../Engine/Plugins/Animation/ControlRig/Content/Controls/ControlRig_Wedge_1mm.ubulk" 315
"../../../Engine/Plugins/Animation/ControlRig/Content/Controls/ControlRig_Wedge_1mm.uasset" 316
"../../../Engine/Plugins/Animation/ControlRig/Content/Controls/ControlRig_Wedge_1mm.uexp" 317
"../../../Engine/Plugins/Animation/ControlRig/Content/Controls/ControlRig_Triangle_solid.ubulk" 318
"../../../Engine/Plugins/Animation/ControlRig/Content/Controls/ControlRig_Triangle_solid.uasset" 319
"../../../Engine/Plugins/Animation/ControlRig/Content/Controls/ControlRig_Triangle_solid.uexp" 320
"../../../Engine/Plugins/Animation/ControlRig/Content/Controls/ControlRig_Triangle_3mm.ubulk" 321
"../../../Engine/Plugins/Animation/ControlRig/Content/Controls/ControlRig_Triangle_3mm.uasset" 322
"../../../Engine/Plugins/Animation/ControlRig/Content/Controls/ControlRig_Triangle_3mm.uexp" 323
"../../../Engine/Plugins/Animation/ControlRig/Content/Controls/ControlRig_Triangle_1mm.ubulk" 324
"../../../Engine/Plugins/Animation/ControlRig/Content/Controls/ControlRig_Triangle_1mm.uasset" 325
"../../../Engine/Plugins/Animation/ControlRig/Content/Controls/ControlRig_Triangle_1mm.uexp" 326
"../../../Engine/Plugins/Animation/ControlRig/Content/Controls/ControlRig_Star4_solid.ubulk" 327
"../../../Engine/Plugins/Animation/ControlRig/Content/Controls/ControlRig_Star4_solid.uasset" 328
"../../../Engine/Plugins/Animation/ControlRig/Content/Controls/ControlRig_Star4_solid.uexp" 329
"../../../Engine/Plugins/Animation/ControlRig/Content/Controls/ControlRig_Star4_3mm.ubulk" 330
"../../../Engine/Plugins/Animation/ControlRig/Content/Controls/ControlRig_Star4_3mm.uasset" 331
"../../../Engine/Plugins/Animation/ControlRig/Content/Controls/ControlRig_Star4_3mm.uexp" 332
"../../../Engine/Plugins/Animation/ControlRig/Content/Controls/ControlRig_Star4_1mm.ubulk" 333
"../../../Engine/Plugins/Animation/ControlRig/Content/Controls/ControlRig_Star4_1mm.uasset" 334
"../../../Engine/Plugins/Animation/ControlRig/Content/Controls/ControlRig_Star4_1mm.uexp" 335
"../../../Engine/Plugins/Animation/ControlRig/Content/Controls/ControlRig_Square_solid.ubulk" 336
"../../../Engine/Plugins/Animation/ControlRig/Content/Controls/ControlRig_Square_solid.uasset" 337
"../../../Engine/Plugins/Animation/ControlRig/Content/Controls/ControlRig_Square_solid.uexp" 338
"../../../Engine/Plugins/Animation/ControlRig/Content/Controls/ControlRig_Square_3mm.ubulk" 339
"../../../Engine/Plugins/Animation/ControlRig/Content/Controls/ControlRig_Square_3mm.uasset" 340
"../../../Engine/Plugins/Animation/ControlRig/Content/Controls/ControlRig_Square_3mm.uexp" 341
"../../../Engine/Plugins/Animation/ControlRig/Content/Controls/ControlRig_Square_1mm.ubulk" 342
"../../../Engine/Plugins/Animation/ControlRig/Content/Controls/ControlRig_Square_1mm.uasset" 343
"../../../Engine/Plugins/Animation/ControlRig/Content/Controls/ControlRig_Square_1mm.uexp" 344
"../../../Engine/Plugins/Animation/ControlRig/Content/Controls/ControlRig_Sphere_solid.ubulk" 345
"../../../Engine/Plugins/Animation/ControlRig/Content/Controls/ControlRig_Sphere_solid.uasset" 346
"../../../Engine/Plugins/Animation/ControlRig/Content/Controls/ControlRig_Sphere_solid.uexp" 347
"../../../Engine/Plugins/Animation/ControlRig/Content/Controls/ControlRig_Sphere_3mm.ubulk" 348
"../../../Engine/Plugins/Animation/ControlRig/Content/Controls/ControlRig_Sphere_3mm.uasset" 349
"../../../Engine/Plugins/Animation/ControlRig/Content/Controls/ControlRig_Sphere_3mm.uexp" 350
"../../../Engine/Plugins/Animation/ControlRig/Content/Controls/ControlRig_RoundedTriangle_solid.ubulk" 351
"../../../Engine/Plugins/Animation/ControlRig/Content/Controls/ControlRig_RoundedTriangle_solid.uasset" 352
"../../../Engine/Plugins/Animation/ControlRig/Content/Controls/ControlRig_RoundedTriangle_solid.uexp" 353
"../../../Engine/Plugins/Animation/ControlRig/Content/Controls/ControlRig_RoundedTriangle_3mm.ubulk" 354
"../../../Engine/Plugins/Animation/ControlRig/Content/Controls/ControlRig_RoundedTriangle_3mm.uasset" 355
"../../../Engine/Plugins/Animation/ControlRig/Content/Controls/ControlRig_RoundedTriangle_3mm.uexp" 356
"../../../Engine/Plugins/Animation/ControlRig/Content/Controls/ControlRig_RoundedTriangle_1mm.ubulk" 357
"../../../Engine/Plugins/Animation/ControlRig/Content/Controls/ControlRig_RoundedTriangle_1mm.uasset" 358
"../../../Engine/Plugins/Animation/ControlRig/Content/Controls/ControlRig_RoundedTriangle_1mm.uexp" 359
"../../../Engine/Plugins/Animation/ControlRig/Content/Controls/ControlRig_RoundedSquare_solid.ubulk" 360
"../../../Engine/Plugins/Animation/ControlRig/Content/Controls/ControlRig_RoundedSquare_solid.uasset" 361
"../../../Engine/Plugins/Animation/ControlRig/Content/Controls/ControlRig_RoundedSquare_solid.uexp" 362
"../../../Engine/Plugins/Animation/ControlRig/Content/Controls/ControlRig_RoundedSquare_3mm.ubulk" 363
"../../../Engine/Plugins/Animation/ControlRig/Content/Controls/ControlRig_RoundedSquare_3mm.uasset" 364
"../../../Engine/Plugins/Animation/ControlRig/Content/Controls/ControlRig_RoundedSquare_3mm.uexp" 365
"../../../Engine/Plugins/Animation/ControlRig/Content/Controls/ControlRig_RoundedSquare_1mm.ubulk" 366
"../../../Engine/Plugins/Animation/ControlRig/Content/Controls/ControlRig_RoundedSquare_1mm.uasset" 367
"../../../Engine/Plugins/Animation/ControlRig/Content/Controls/ControlRig_RoundedSquare_1mm.uexp" 368
"../../../Engine/Plugins/Animation/ControlRig/Content/Controls/ControlRig_QuarterCircle_solid.ubulk" 369
"../../../Engine/Plugins/Animation/ControlRig/Content/Controls/ControlRig_QuarterCircle_solid.uasset" 370
"../../../Engine/Plugins/Animation/ControlRig/Content/Controls/ControlRig_QuarterCircle_solid.uexp" 371
"../../../Engine/Plugins/Animation/ControlRig/Content/Controls/ControlRig_QuarterCircle_3mm.ubulk" 372
"../../../Engine/Plugins/Animation/ControlRig/Content/Controls/ControlRig_QuarterCircle_3mm.uasset" 373
"../../../Engine/Plugins/Animation/ControlRig/Content/Controls/ControlRig_QuarterCircle_3mm.uexp" 374
"../../../Engine/Plugins/Animation/ControlRig/Content/Controls/ControlRig_QuarterCircle_1mm.ubulk" 375
"../../../Engine/Plugins/Animation/ControlRig/Content/Controls/ControlRig_QuarterCircle_1mm.uasset" 376
"../../../Engine/Plugins/Animation/ControlRig/Content/Controls/ControlRig_QuarterCircle_1mm.uexp" 377
"../../../Engine/Plugins/Animation/ControlRig/Content/Controls/ControlRig_Pyramid_solid.ubulk" 378
"../../../Engine/Plugins/Animation/ControlRig/Content/Controls/ControlRig_Pyramid_solid.uasset" 379
"../../../Engine/Plugins/Animation/ControlRig/Content/Controls/ControlRig_Pyramid_solid.uexp" 380
"../../../Engine/Plugins/Animation/ControlRig/Content/Controls/ControlRig_Pyramid_3mm.ubulk" 381
"../../../Engine/Plugins/Animation/ControlRig/Content/Controls/ControlRig_Pyramid_3mm.uasset" 382
"../../../Engine/Plugins/Animation/ControlRig/Content/Controls/ControlRig_Pyramid_3mm.uexp" 383
"../../../Engine/Plugins/Animation/ControlRig/Content/Controls/ControlRig_Pyramid_1mm.ubulk" 384
"../../../Engine/Plugins/Animation/ControlRig/Content/Controls/ControlRig_Pyramid_1mm.uasset" 385
"../../../Engine/Plugins/Animation/ControlRig/Content/Controls/ControlRig_Pyramid_1mm.uexp" 386
"../../../Engine/Plugins/Animation/ControlRig/Content/Controls/ControlRig_Octagon_solid.ubulk" 387
"../../../Engine/Plugins/Animation/ControlRig/Content/Controls/ControlRig_Octagon_solid.uasset" 388
"../../../Engine/Plugins/Animation/ControlRig/Content/Controls/ControlRig_Octagon_solid.uexp" 389
"../../../Engine/Plugins/Animation/ControlRig/Content/Controls/ControlRig_Octagon_3mm.ubulk" 390
"../../../Engine/Plugins/Animation/ControlRig/Content/Controls/ControlRig_Octagon_3mm.uasset" 391
"../../../Engine/Plugins/Animation/ControlRig/Content/Controls/ControlRig_Octagon_3mm.uexp" 392
"../../../Engine/Plugins/Animation/ControlRig/Content/Controls/ControlRig_Octagon_1mm.ubulk" 393
"../../../Engine/Plugins/Animation/ControlRig/Content/Controls/ControlRig_Octagon_1mm.uasset" 394
"../../../Engine/Plugins/Animation/ControlRig/Content/Controls/ControlRig_Octagon_1mm.uexp" 395
"../../../Engine/Plugins/Animation/ControlRig/Content/Controls/ControlRig_Hexagon_solid.ubulk" 396
"../../../Engine/Plugins/Animation/ControlRig/Content/Controls/ControlRig_Hexagon_solid.uasset" 397
"../../../Engine/Plugins/Animation/ControlRig/Content/Controls/ControlRig_Hexagon_solid.uexp" 398
"../../../Engine/Plugins/Animation/ControlRig/Content/Controls/ControlRig_Hexagon_3mm.ubulk" 399
"../../../Engine/Plugins/Animation/ControlRig/Content/Controls/ControlRig_Hexagon_3mm.uasset" 400
"../../../Engine/Plugins/Animation/ControlRig/Content/Controls/ControlRig_Hexagon_3mm.uexp" 401
"../../../Engine/Plugins/Animation/ControlRig/Content/Controls/ControlRig_Hexagon_1mm.ubulk" 402
"../../../Engine/Plugins/Animation/ControlRig/Content/Controls/ControlRig_Hexagon_1mm.uasset" 403
"../../../Engine/Plugins/Animation/ControlRig/Content/Controls/ControlRig_Hexagon_1mm.uexp" 404
"../../../Engine/Plugins/Animation/ControlRig/Content/Controls/ControlRig_HalfCircle_solid.ubulk" 405
"../../../Engine/Plugins/Animation/ControlRig/Content/Controls/ControlRig_HalfCircle_solid.uasset" 406
"../../../Engine/Plugins/Animation/ControlRig/Content/Controls/ControlRig_HalfCircle_solid.uexp" 407
"../../../Engine/Plugins/Animation/ControlRig/Content/Controls/ControlRig_HalfCircle_3mm.ubulk" 408
"../../../Engine/Plugins/Animation/ControlRig/Content/Controls/ControlRig_HalfCircle_3mm.uasset" 409
"../../../Engine/Plugins/Animation/ControlRig/Content/Controls/ControlRig_HalfCircle_3mm.uexp" 410
"../../../Engine/Plugins/Animation/ControlRig/Content/Controls/ControlRig_HalfCircle_1mm.ubulk" 411
"../../../Engine/Plugins/Animation/ControlRig/Content/Controls/ControlRig_HalfCircle_1mm.uasset" 412
"../../../Engine/Plugins/Animation/ControlRig/Content/Controls/ControlRig_HalfCircle_1mm.uexp" 413
"../../../Engine/Plugins/Animation/ControlRig/Content/Controls/ControlRig_Diamond_solid.ubulk" 414
"../../../Engine/Plugins/Animation/ControlRig/Content/Controls/ControlRig_Diamond_solid.uasset" 415
"../../../Engine/Plugins/Animation/ControlRig/Content/Controls/ControlRig_Diamond_solid.uexp" 416
"../../../Engine/Plugins/Animation/ControlRig/Content/Controls/ControlRig_Diamond_3mm.ubulk" 417
"../../../Engine/Plugins/Animation/ControlRig/Content/Controls/ControlRig_Diamond_3mm.uasset" 418
"../../../Engine/Plugins/Animation/ControlRig/Content/Controls/ControlRig_Diamond_3mm.uexp" 419
"../../../Engine/Plugins/Animation/ControlRig/Content/Controls/ControlRig_Diamond_1mm.ubulk" 420
"../../../Engine/Plugins/Animation/ControlRig/Content/Controls/ControlRig_Diamond_1mm.uasset" 421
"../../../Engine/Plugins/Animation/ControlRig/Content/Controls/ControlRig_Diamond_1mm.uexp" 422
"../../../Engine/Plugins/Animation/ControlRig/Content/Controls/ControlRig_Circle_solid.ubulk" 423
"../../../Engine/Plugins/Animation/ControlRig/Content/Controls/ControlRig_Circle_solid.uasset" 424
"../../../Engine/Plugins/Animation/ControlRig/Content/Controls/ControlRig_Circle_solid.uexp" 425
"../../../Engine/Plugins/Animation/ControlRig/Content/Controls/ControlRig_Circle_3mm.ubulk" 426
"../../../Engine/Plugins/Animation/ControlRig/Content/Controls/ControlRig_Circle_3mm.uasset" 427
"../../../Engine/Plugins/Animation/ControlRig/Content/Controls/ControlRig_Circle_3mm.uexp" 428
"../../../Engine/Plugins/Animation/ControlRig/Content/Controls/ControlRig_Circle_1mm.ubulk" 429
"../../../Engine/Plugins/Animation/ControlRig/Content/Controls/ControlRig_Circle_1mm.uasset" 430
"../../../Engine/Plugins/Animation/ControlRig/Content/Controls/ControlRig_Circle_1mm.uexp" 431
"../../../Engine/Plugins/Animation/ControlRig/Content/Controls/ControlRig_Box_solid.ubulk" 432
"../../../Engine/Plugins/Animation/ControlRig/Content/Controls/ControlRig_Box_solid.uasset" 433
"../../../Engine/Plugins/Animation/ControlRig/Content/Controls/ControlRig_Box_solid.uexp" 434
"../../../Engine/Plugins/Animation/ControlRig/Content/Controls/ControlRig_Box_3mm.ubulk" 435
"../../../Engine/Plugins/Animation/ControlRig/Content/Controls/ControlRig_Box_3mm.uasset" 436
"../../../Engine/Plugins/Animation/ControlRig/Content/Controls/ControlRig_Box_3mm.uexp" 437
"../../../Engine/Plugins/Animation/ControlRig/Content/Controls/ControlRig_Box_1mm.ubulk" 438
"../../../Engine/Plugins/Animation/ControlRig/Content/Controls/ControlRig_Box_1mm.uasset" 439
"../../../Engine/Plugins/Animation/ControlRig/Content/Controls/ControlRig_Box_1mm.uexp" 440
"../../../Engine/Plugins/Animation/ControlRig/Content/Controls/ControlRig_Arrow_solid.ubulk" 441
"../../../Engine/Plugins/Animation/ControlRig/Content/Controls/ControlRig_Arrow_solid.uasset" 442
"../../../Engine/Plugins/Animation/ControlRig/Content/Controls/ControlRig_Arrow_solid.uexp" 443
"../../../Engine/Plugins/Animation/ControlRig/Content/Controls/ControlRig_Arrow_3mm.ubulk" 444
"../../../Engine/Plugins/Animation/ControlRig/Content/Controls/ControlRig_Arrow_3mm.uasset" 445
"../../../Engine/Plugins/Animation/ControlRig/Content/Controls/ControlRig_Arrow_3mm.uexp" 446
"../../../Engine/Plugins/Animation/ControlRig/Content/Controls/ControlRig_Arrow_1mm.ubulk" 447
"../../../Engine/Plugins/Animation/ControlRig/Content/Controls/ControlRig_Arrow_1mm.uasset" 448
"../../../Engine/Plugins/Animation/ControlRig/Content/Controls/ControlRig_Arrow_1mm.uexp" 449
"../../../Engine/Plugins/Animation/ControlRig/Content/Controls/ControlRig_Arrow4_1mm.ubulk" 450
"../../../Engine/Plugins/Animation/ControlRig/Content/Controls/ControlRig_Arrow4_1mm.uasset" 451
"../../../Engine/Plugins/Animation/ControlRig/Content/Controls/ControlRig_Arrow4_1mm.uexp" 452
"../../../Engine/Plugins/Animation/ControlRig/Content/Controls/ControlRig_Arrow2_solid.ubulk" 453
"../../../Engine/Plugins/Animation/ControlRig/Content/Controls/ControlRig_Arrow2_solid.uasset" 454
"../../../Engine/Plugins/Animation/ControlRig/Content/Controls/ControlRig_Arrow2_solid.uexp" 455
"../../../Engine/Plugins/Animation/ControlRig/Content/Controls/ControlRig_Arrow2_3mm.ubulk" 456
"../../../Engine/Plugins/Animation/ControlRig/Content/Controls/ControlRig_Arrow2_3mm.uasset" 457
"../../../Engine/Plugins/Animation/ControlRig/Content/Controls/ControlRig_Arrow2_3mm.uexp" 458
"../../../Engine/Plugins/Animation/ControlRig/Content/Controls/ControlRig_Arrow2_1mm.ubulk" 459
"../../../Engine/Plugins/Animation/ControlRig/Content/Controls/ControlRig_Arrow2_1mm.uasset" 460
"../../../Engine/Plugins/Animation/ControlRig/Content/Controls/ControlRig_Arrow2_1mm.uexp" 461
"../../../Engine/Plugins/Animation/ControlRig/Content/Controls/ControlRigXRayMaterial.uasset" 462
"../../../Engine/Plugins/Animation/ControlRig/Content/Controls/ControlRigXRayMaterial.uexp" 463
"../../../Engine/Plugins/Animation/ControlRig/Content/Controls/ControlRigGizmoMaterial.uasset" 464
"../../../Engine/Plugins/Animation/ControlRig/Content/Controls/ControlRigGizmoMaterial.uexp" 465
"../../../Engine/Content/VREditor/TransformGizmo/StartRotationHandleIndicator.ubulk" 466
"../../../Engine/Content/VREditor/TransformGizmo/StartRotationHandleIndicator.uasset" 467
"../../../Engine/Content/VREditor/TransformGizmo/StartRotationHandleIndicator.uexp" 468
"../../../Engine/Content/VREditor/Sounds/UI/Drop_Item_From_ContentBrowser.ubulk" 469
"../../../Engine/Content/VREditor/Sounds/UI/Drop_Item_From_ContentBrowser.uasset" 470
"../../../Engine/Content/VREditor/Sounds/UI/Drop_Item_From_ContentBrowser.uexp" 471
"../../../Engine/Content/VREditor/TransformGizmo/PlaneTranslationHandle.ubulk" 472
"../../../Engine/Content/VREditor/TransformGizmo/PlaneTranslationHandle.uasset" 473
"../../../Engine/Content/VREditor/TransformGizmo/PlaneTranslationHandle.uexp" 474
"../../../Engine/Content/VREditor/Sounds/UI/Object_Snaps_To_Grid.ubulk" 475
"../../../Engine/Content/VREditor/Sounds/UI/Object_Snaps_To_Grid.uasset" 476
"../../../Engine/Content/VREditor/Sounds/UI/Object_Snaps_To_Grid.uexp" 477
"../../../Engine/Content/VREditor/Sounds/UI/Selection_Changes.ubulk" 478
"../../../Engine/Content/VREditor/Sounds/UI/Selection_Changes.uasset" 479
"../../../Engine/Content/VREditor/Sounds/UI/Selection_Changes.uexp" 480
"../../../Engine/Content/VREditor/Sounds/UI/Object_Snaps_To_Another_Actor.ubulk" 481
"../../../Engine/Content/VREditor/Sounds/UI/Object_Snaps_To_Another_Actor.uasset" 482
"../../../Engine/Content/VREditor/Sounds/UI/Object_Snaps_To_Another_Actor.uexp" 483
"../../../Engine/Content/VREditor/TransformGizmo/TranslucentTransformGizmoMaterial_Inst.uasset" 484
"../../../Engine/Content/VREditor/TransformGizmo/TranslucentTransformGizmoMaterial_Inst.uexp" 485
"../../../Engine/Content/VREditor/TransformGizmo/TransformGizmoFreeRotation.ubulk" 486
"../../../Engine/Content/VREditor/TransformGizmo/TransformGizmoFreeRotation.uasset" 487
"../../../Engine/Content/VREditor/TransformGizmo/TransformGizmoFreeRotation.uexp" 488
"../../../Engine/Content/VREditor/Sounds/UI/Scaling_Down.ubulk" 489
"../../../Engine/Content/VREditor/Sounds/UI/Scaling_Down.uasset" 490
"../../../Engine/Content/VREditor/Sounds/UI/Scaling_Down.uexp" 491
"../../../Engine/Content/Functions/Engine_MaterialFunctions02/Math/Transform3x3Matrix.uasset" 492
"../../../Engine/Content/Functions/Engine_MaterialFunctions02/Math/Transform3x3Matrix.uexp" 493
"../../../Engine/Content/Functions/Engine_MaterialFunctions02/SplitComponents.uasset" 494
"../../../Engine/Content/Functions/Engine_MaterialFunctions02/SplitComponents.uexp" 495
"../../../Engine/Content/Functions/Engine_MaterialFunctions02/Utility/MakeFloat3.uasset" 496
"../../../Engine/Content/Functions/Engine_MaterialFunctions02/Utility/MakeFloat3.uexp" 497
"../../../Engine/Content/VREditor/SnapGrid/SnapGridMaterial.uasset" 498
"../../../Engine/Content/VREditor/SnapGrid/SnapGridMaterial.uexp" 499
"../../../Engine/Content/VREditor/SnapGrid/SnapGridPlaneMesh.ubulk" 500
"../../../Engine/Content/VREditor/SnapGrid/SnapGridPlaneMesh.uasset" 501
"../../../Engine/Content/VREditor/SnapGrid/SnapGridPlaneMesh.uexp" 502
"../../../Engine/Content/VREditor/Sounds/UI/Scaling_Up.ubulk" 503
"../../../Engine/Content/VREditor/Sounds/UI/Scaling_Up.uasset" 504
"../../../Engine/Content/VREditor/Sounds/UI/Scaling_Up.uexp" 505
"../../../Engine/Content/VREditor/TransformGizmo/TransformGizmoMaterial_Inst.uasset" 506
"../../../Engine/Content/VREditor/TransformGizmo/TransformGizmoMaterial_Inst.uexp" 507
"../../../Engine/Content/VREditor/Sounds/UI/Gizmo_Handle_Clicked.ubulk" 508
"../../../Engine/Content/VREditor/Sounds/UI/Gizmo_Handle_Clicked.uasset" 509
"../../../Engine/Content/VREditor/Sounds/UI/Gizmo_Handle_Clicked.uexp" 510
"../../../Engine/Content/VREditor/TransformGizmo/RotationHandleQuarter.ubulk" 511
"../../../Engine/Content/VREditor/TransformGizmo/RotationHandleQuarter.uasset" 512
"../../../Engine/Content/VREditor/TransformGizmo/RotationHandleQuarter.uexp" 513
"../../../Engine/Content/VREditor/TransformGizmo/TranslateArrowHandle.ubulk" 514
"../../../Engine/Content/VREditor/TransformGizmo/TranslateArrowHandle.uasset" 515
"../../../Engine/Content/VREditor/TransformGizmo/TranslateArrowHandle.uexp" 516
"../../../Engine/Content/VREditor/TransformGizmo/RotationHandleIndicator.ubulk" 517
"../../../Engine/Content/VREditor/TransformGizmo/RotationHandleIndicator.uasset" 518
"../../../Engine/Content/VREditor/TransformGizmo/RotationHandleIndicator.uexp" 519
"../../../Engine/Content/VREditor/TransformGizmo/UniformScaleHandle.ubulk" 520
"../../../Engine/Content/VREditor/TransformGizmo/UniformScaleHandle.uasset" 521
"../../../Engine/Content/VREditor/TransformGizmo/UniformScaleHandle.uexp" 522
"../../../Engine/Content/VREditor/TransformGizmo/RotationHandleFull.ubulk" 523
"../../../Engine/Content/VREditor/TransformGizmo/RotationHandleFull.uasset" 524
"../../../Engine/Content/VREditor/TransformGizmo/RotationHandleFull.uexp" 525
"../../../Engine/Content/VREditor/Sounds/UI/Object_PickUp.ubulk" 526
"../../../Engine/Content/VREditor/Sounds/UI/Object_PickUp.uasset" 527
"../../../Engine/Content/VREditor/Sounds/UI/Object_PickUp.uexp" 528
"../../../Engine/Content/EngineSounds/Master.uasset" 529
"../../../Engine/Content/EngineSounds/Master.uexp" 530
"../../../Engine/Content/EngineResources/WhiteSquareTexture.uasset" 531
"../../../Engine/Content/EngineResources/WhiteSquareTexture.uexp" 532
"../../../Engine/Content/EngineMaterials/Widget3DPassThrough.uasset" 533
"../../../Engine/Content/EngineMaterials/Widget3DPassThrough.uexp" 534
"../../../Engine/Content/EngineMaterials/Widget3DPassThrough_Translucent.uasset" 535
"../../../Engine/Content/EngineMaterials/Widget3DPassThrough_Translucent.uexp" 536
"../../../Engine/Content/EngineMaterials/Widget3DPassThrough_Translucent_OneSided.uasset" 537
"../../../Engine/Content/EngineMaterials/Widget3DPassThrough_Translucent_OneSided.uexp" 538
"../../../Engine/Content/EngineMaterials/Widget3DPassThrough_Opaque.uasset" 539
"../../../Engine/Content/EngineMaterials/Widget3DPassThrough_Opaque.uexp" 540
"../../../Engine/Content/EngineMaterials/Widget3DPassThrough_Opaque_OneSided.uasset" 541
"../../../Engine/Content/EngineMaterials/Widget3DPassThrough_Opaque_OneSided.uexp" 542
"../../../Engine/Content/EngineMaterials/Widget3DPassThrough_Masked_OneSided.uasset" 543
"../../../Engine/Content/EngineMaterials/Widget3DPassThrough_Masked_OneSided.uexp" 544
"../../../Engine/Content/EngineMaterials/Widget3DPassThrough_Masked.uasset" 545
"../../../Engine/Content/EngineMaterials/Widget3DPassThrough_Masked.uexp" 546
"../../../Engine/Content/EngineMaterials/STBlueNoise_vec2_128x128x64.uasset" 547
"../../../Engine/Content/EngineMaterials/STBlueNoise_vec2_128x128x64.uexp" 548
"../../../Engine/Content/EngineMaterials/STBlueNoise_scalar_128x128x64.uasset" 549
"../../../Engine/Content/EngineMaterials/STBlueNoise_scalar_128x128x64.uexp" 550
"../../../Engine/Content/EngineMaterials/RemoveSurfaceMaterial.uasset" 551
"../../../Engine/Content/EngineMaterials/RemoveSurfaceMaterial.uexp" 552
"../../../Engine/Content/EngineMaterials/DefaultCalibrationGrayscale.uasset" 553
"../../../Engine/Content/EngineMaterials/DefaultCalibrationGrayscale.uexp" 554
"../../../Engine/Content/EngineMaterials/PPM_DefaultCalibrationGrayscale.uasset" 555
"../../../Engine/Content/EngineMaterials/PPM_DefaultCalibrationGrayscale.uexp" 556
"../../../Engine/Content/EngineMaterials/DefaultCalibrationColor.uasset" 557
"../../../Engine/Content/EngineMaterials/DefaultCalibrationColor.uexp" 558
"../../../Engine/Content/EngineMaterials/PPM_DefaultCalibrationColor.uasset" 559
"../../../Engine/Content/EngineMaterials/PPM_DefaultCalibrationColor.uexp" 560
"../../../Engine/Content/EngineMaterials/PhAT_JointLimitMaterial.uasset" 561
"../../../Engine/Content/EngineMaterials/PhAT_JointLimitMaterial.uexp" 562
"../../../Engine/Content/EngineMaterials/NaniteHiddenSectionMaterial.uasset" 563
"../../../Engine/Content/EngineMaterials/NaniteHiddenSectionMaterial.uexp" 564
"../../../Engine/Content/EngineMaterials/InvalidLightmapSettings.ubulk" 565
"../../../Engine/Content/EngineMaterials/InvalidLightmapSettings.uasset" 566
"../../../Engine/Content/EngineMaterials/InvalidLightmapSettings.uexp" 567
"../../../Engine/Content/EngineMaterials/M_InvalidLightmapSettings.uasset" 568
"../../../Engine/Content/EngineMaterials/M_InvalidLightmapSettings.uexp" 569
"../../../Engine/Content/EngineMaterials/GizmoMaterial.uasset" 570
"../../../Engine/Content/EngineMaterials/GizmoMaterial.uexp" 571
"../../../Engine/Content/EngineMaterials/BaseFlattenEmissiveMap_VT.uasset" 572
"../../../Engine/Content/EngineMaterials/BaseFlattenEmissiveMap_VT.uexp" 573
"../../../Engine/Content/EngineMaterials/BaseFlattenGrayscaleMap_VT.uasset" 574
"../../../Engine/Content/EngineMaterials/BaseFlattenGrayscaleMap_VT.uexp" 575
"../../../Engine/Content/EngineMaterials/BaseFlattenLinearColor_VT.uasset" 576
"../../../Engine/Content/EngineMaterials/BaseFlattenLinearColor_VT.uexp" 577
"../../../Engine/Content/EngineMaterials/Black_1x1_EXR_Texture_VT.uasset" 578
"../../../Engine/Content/EngineMaterials/Black_1x1_EXR_Texture_VT.uexp" 579
"../../../Engine/Content/EngineMaterials/BaseFlattenDiffuseMap_VT.uasset" 580
"../../../Engine/Content/EngineMaterials/BaseFlattenDiffuseMap_VT.uexp" 581
"../../../Engine/Content/EngineMaterials/BaseFlattenNormalMap_VT.uasset" 582
"../../../Engine/Content/EngineMaterials/BaseFlattenNormalMap_VT.uexp" 583
"../../../Engine/Content/EngineMaterials/FlattenMaterial_WS_Normal_VT.uasset" 584
"../../../Engine/Content/EngineMaterials/FlattenMaterial_WS_Normal_VT.uexp" 585
"../../../Engine/Content/EngineMaterials/FlattenMaterial_VT.uasset" 586
"../../../Engine/Content/EngineMaterials/FlattenMaterial_VT.uexp" 587
"../../../Engine/Content/EngineMaterials/BaseFlattenNormalMap.uasset" 588
"../../../Engine/Content/EngineMaterials/BaseFlattenNormalMap.uexp" 589
"../../../Engine/Content/EngineMaterials/BaseFlattenGrayscaleMap.uasset" 590
"../../../Engine/Content/EngineMaterials/BaseFlattenGrayscaleMap.uexp" 591
"../../../Engine/Content/EngineMaterials/BaseFlattenDiffuseMap.uasset" 592
"../../../Engine/Content/EngineMaterials/BaseFlattenDiffuseMap.uexp" 593
"../../../Engine/Content/Functions/Engine_MaterialFunctions02/PivotPainter2/Black_1x1_EXR_Texture.uasset" 594
"../../../Engine/Content/Functions/Engine_MaterialFunctions02/PivotPainter2/Black_1x1_EXR_Texture.uexp" 595
"../../../Engine/Content/EngineMaterials/BaseFlattenEmissiveMap.uasset" 596
"../../../Engine/Content/EngineMaterials/BaseFlattenEmissiveMap.uexp" 597
"../../../Engine/Content/EngineMaterials/BaseFlattenLinearColor.uasset" 598
"../../../Engine/Content/EngineMaterials/BaseFlattenLinearColor.uexp" 599
"../../../Engine/Content/EngineMaterials/FlattenMaterial.uasset" 600
"../../../Engine/Content/EngineMaterials/FlattenMaterial.uexp" 601
"../../../Engine/Content/EngineMaterials/DefaultWhiteGrid_Low.uasset" 602
"../../../Engine/Content/EngineMaterials/DefaultWhiteGrid_Low.uexp" 603
"../../../Engine/Content/EngineMaterials/EmissiveMeshMaterial.uasset" 604
"../../../Engine/Content/EngineMaterials/EmissiveMeshMaterial.uexp" 605
"../../../Engine/Content/EngineFonts/RobotoDistanceField.uasset" 606
"../../../Engine/Content/EngineFonts/RobotoDistanceField.uexp" 607
"../../../Engine/Content/EngineMaterials/DefaultTextMaterialOpaque.uasset" 608
"../../../Engine/Content/EngineMaterials/DefaultTextMaterialOpaque.uexp" 609
"../../../Engine/Content/Functions/Engine_MaterialFunctions02/Utility/BreakOutFloat2Components.uasset" 610
"../../../Engine/Content/Functions/Engine_MaterialFunctions02/Utility/BreakOutFloat2Components.uexp" 611
"../../../Engine/Content/EngineMaterials/DefaultPostProcessMaterial.uasset" 612
"../../../Engine/Content/EngineMaterials/DefaultPostProcessMaterial.uexp" 613
"../../../Engine/Content/EngineMaterials/DefaultLightFunctionMaterial.uasset" 614
"../../../Engine/Content/EngineMaterials/DefaultLightFunctionMaterial.uexp" 615
"../../../Engine/Content/EngineMaterials/DefaultDestructiblePhysicalMaterial.uasset" 616
"../../../Engine/Content/EngineMaterials/DefaultDestructiblePhysicalMaterial.uexp" 617
"../../../Engine/Content/EngineMaterials/DefaultDeferredDecalMaterial.uasset" 618
"../../../Engine/Content/EngineMaterials/DefaultDeferredDecalMaterial.uexp" 619
"../../../Engine/Content/EngineMaterials/DefaultBloomKernel.uasset" 620
"../../../Engine/Content/EngineMaterials/DefaultBloomKernel.uexp" 621
"../../../Engine/Content/EngineFonts/Faces/RobotoLight.uexp" 622
"../../../Engine/Content/EngineFonts/Faces/RobotoLight.uasset" 623
"../../../Engine/Content/EngineFonts/Faces/RobotoLight.ufont" 624
"../../../Engine/Content/EngineFonts/Faces/RobotoBold.uexp" 625
"../../../Engine/Content/EngineFonts/Faces/RobotoBold.uasset" 626
"../../../Engine/Content/EngineFonts/Faces/RobotoBold.ufont" 627
"../../../Engine/Content/EngineFonts/Faces/RobotoRegular.uexp" 628
"../../../Engine/Content/EngineFonts/Faces/RobotoRegular.uasset" 629
"../../../Engine/Content/EngineFonts/Faces/RobotoRegular.ufont" 630
"../../../Engine/Content/EngineFonts/Faces/DroidSansFallback.uexp" 631
"../../../Engine/Content/EngineFonts/Faces/DroidSansFallback.uasset" 632
"../../../Engine/Content/EngineFonts/Faces/DroidSansFallback.ufont" 633
"../../../Engine/Content/EngineFonts/Faces/RobotoItalic.uexp" 634
"../../../Engine/Content/EngineFonts/Faces/RobotoItalic.uasset" 635
"../../../Engine/Content/EngineFonts/Faces/RobotoItalic.ufont" 636
"../../../Engine/Content/EngineFonts/Faces/RobotoBoldItalic.uexp" 637
"../../../Engine/Content/EngineFonts/Faces/RobotoBoldItalic.uasset" 638
"../../../Engine/Content/EngineFonts/Faces/RobotoBoldItalic.ufont" 639
"../../../Engine/Content/EngineFonts/Roboto.uasset" 640
"../../../Engine/Content/EngineFonts/Roboto.uexp" 641
"../../../Engine/Content/EngineDebugMaterials/VolumeToRender.uasset" 642
"../../../Engine/Content/EngineDebugMaterials/VolumeToRender.uexp" 643
"../../../Engine/Content/EngineDebugMaterials/M_VolumeRenderSphereTracePP.uasset" 644
"../../../Engine/Content/EngineDebugMaterials/M_VolumeRenderSphereTracePP.uexp" 645
"../../../Engine/Content/EngineDebugMaterials/M_SimpleUnlitTranslucent.uasset" 646
"../../../Engine/Content/EngineDebugMaterials/M_SimpleUnlitTranslucent.uexp" 647
"../../../Engine/Content/EngineDebugMaterials/DebugMeshMaterial.uasset" 648
"../../../Engine/Content/EngineDebugMaterials/DebugMeshMaterial.uexp" 649
"../../../Engine/Content/EngineDebugMaterials/DebugEditorMaterial.uasset" 650
"../../../Engine/Content/EngineDebugMaterials/DebugEditorMaterial.uexp" 651
"../../../Engine/Content/EngineDamageTypes/DmgTypeBP_Environmental.uasset" 652
"../../../Engine/Content/EngineDamageTypes/DmgTypeBP_Environmental.uexp" 653
"../../../Engine/Content/EditorResources/S_Terrain.ubulk" 654
"../../../Engine/Content/EditorResources/S_Terrain.uasset" 655
"../../../Engine/Content/EditorResources/S_Terrain.uexp" 656
"../../../Engine/Content/EditorResources/EmptyActor.uasset" 657
"../../../Engine/Content/EditorResources/EmptyActor.uexp" 658
"../../../Engine/Content/EditorResources/BSPVertex.uasset" 659
"../../../Engine/Content/EditorResources/BSPVertex.uexp" 660
"../../../Engine/Content/EditorMaterials/PreviewShadowIndicator.ubulk" 661
"../../../Engine/Content/EditorMaterials/PreviewShadowIndicator.uasset" 662
"../../../Engine/Content/EditorMaterials/PreviewShadowIndicator.uexp" 663
"../../../Engine/Content/EditorMaterials/PreviewShadowIndicatorMaterial.uasset" 664
"../../../Engine/Content/EditorMaterials/PreviewShadowIndicatorMaterial.uexp" 665
"../../../Engine/Content/EditorMaterials/PhAT_UnselectedMaterial.uasset" 666
"../../../Engine/Content/EditorMaterials/PhAT_UnselectedMaterial.uexp" 667
"../../../Engine/Content/EditorMaterials/PhAT_NoCollisionMaterial.uasset" 668
"../../../Engine/Content/EditorMaterials/PhAT_NoCollisionMaterial.uexp" 669
"../../../Engine/Content/EditorLandscapeResources/DefaultAlphaTexture.uasset" 670
"../../../Engine/Content/EditorLandscapeResources/DefaultAlphaTexture.uexp" 671
"../../../Engine/Content/EditorLandscapeResources/DataLayer.uasset" 672
"../../../Engine/Content/EditorLandscapeResources/DataLayer.uexp" 673
"../../../Engine/Content/EngineMaterials/DefaultMaterial.uasset" 674
"../../../Engine/Content/EngineMaterials/DefaultMaterial.uexp" 675
"../../../Engine/Content/BasicShapes/Cylinder.ubulk" 676
"../../../Engine/Content/BasicShapes/Cylinder.uasset" 677
"../../../Engine/Content/BasicShapes/Cylinder.uexp" 678
"../../../Engine/Content/BasicShapes/Cone.ubulk" 679
"../../../Engine/Content/BasicShapes/Cone.uasset" 680
"../../../Engine/Content/BasicShapes/Cone.uexp" 681
"../../../Engine/Content/Animation/DefaultVariableFrameStrippingSettings.uasset" 682
"../../../Engine/Content/Animation/DefaultVariableFrameStrippingSettings.uexp" 683
"../../../Engine/Content/Animation/DefaultRecorderBoneCompression.uasset" 684
"../../../Engine/Content/Animation/DefaultRecorderBoneCompression.uexp" 685
"C:/Users/jeanc/Documents/GitHub/Felix/Multiplayer/Content/Weapons_Free/Textures/T_Textures.ubulk" 686
"C:/Users/jeanc/Documents/GitHub/Felix/Multiplayer/Content/Weapons_Free/Textures/T_Textures.uasset" 687
"C:/Users/jeanc/Documents/GitHub/Felix/Multiplayer/Content/Weapons_Free/Textures/T_Textures.uexp" 688
"C:/Users/jeanc/Documents/GitHub/Felix/Multiplayer/Content/Weapons_Free/Materials/M_Material.uasset" 689
"C:/Users/jeanc/Documents/GitHub/Felix/Multiplayer/Content/Weapons_Free/Materials/M_Material.uexp" 690
"C:/Users/jeanc/Documents/GitHub/Felix/Multiplayer/Content/Weapons_Free/Meshes/SKM_shotgun_001.uasset" 691
"C:/Users/jeanc/Documents/GitHub/Felix/Multiplayer/Content/Weapons_Free/Meshes/SKM_shotgun_001.uexp" 692
"C:/Users/jeanc/Documents/GitHub/Felix/Multiplayer/Content/ThirdPersonBP/Blueprints/ThirdPersonGameMode.uasset" 693
"C:/Users/jeanc/Documents/GitHub/Felix/Multiplayer/Content/ThirdPersonBP/Blueprints/ThirdPersonGameMode.uexp" 694
"C:/Users/jeanc/Documents/GitHub/Felix/Multiplayer/Content/StarterContent/Materials/M_Basic_Wall.uasset" 695
"C:/Users/jeanc/Documents/GitHub/Felix/Multiplayer/Content/StarterContent/Materials/M_Basic_Wall.uexp" 696
"C:/Users/jeanc/Documents/GitHub/Felix/Multiplayer/Content/StarterContent/Shapes/Shape_WideCapsule.ubulk" 697
"C:/Users/jeanc/Documents/GitHub/Felix/Multiplayer/Content/StarterContent/Shapes/Shape_WideCapsule.uasset" 698
"C:/Users/jeanc/Documents/GitHub/Felix/Multiplayer/Content/StarterContent/Shapes/Shape_WideCapsule.uexp" 699
"C:/Users/jeanc/Documents/GitHub/Felix/Multiplayer/Content/StarterContent/Shapes/Shape_Wedge_B.ubulk" 700
"C:/Users/jeanc/Documents/GitHub/Felix/Multiplayer/Content/StarterContent/Shapes/Shape_Wedge_B.uasset" 701
"C:/Users/jeanc/Documents/GitHub/Felix/Multiplayer/Content/StarterContent/Shapes/Shape_Wedge_B.uexp" 702
"C:/Users/jeanc/Documents/GitHub/Felix/Multiplayer/Content/StarterContent/Shapes/Shape_Wedge_A.ubulk" 703
"C:/Users/jeanc/Documents/GitHub/Felix/Multiplayer/Content/StarterContent/Shapes/Shape_Wedge_A.uasset" 704
"C:/Users/jeanc/Documents/GitHub/Felix/Multiplayer/Content/StarterContent/Shapes/Shape_Wedge_A.uexp" 705
"C:/Users/jeanc/Documents/GitHub/Felix/Multiplayer/Content/StarterContent/Shapes/Shape_Tube.ubulk" 706
"C:/Users/jeanc/Documents/GitHub/Felix/Multiplayer/Content/StarterContent/Shapes/Shape_Tube.uasset" 707
"C:/Users/jeanc/Documents/GitHub/Felix/Multiplayer/Content/StarterContent/Shapes/Shape_Tube.uexp" 708
"C:/Users/jeanc/Documents/GitHub/Felix/Multiplayer/Content/StarterContent/Shapes/Shape_TriPyramid.ubulk" 709
"C:/Users/jeanc/Documents/GitHub/Felix/Multiplayer/Content/StarterContent/Shapes/Shape_TriPyramid.uasset" 710
"C:/Users/jeanc/Documents/GitHub/Felix/Multiplayer/Content/StarterContent/Shapes/Shape_TriPyramid.uexp" 711
"C:/Users/jeanc/Documents/GitHub/Felix/Multiplayer/Content/StarterContent/Shapes/Shape_Trim_90_Out.ubulk" 712
"C:/Users/jeanc/Documents/GitHub/Felix/Multiplayer/Content/StarterContent/Shapes/Shape_Trim_90_Out.uasset" 713
"C:/Users/jeanc/Documents/GitHub/Felix/Multiplayer/Content/StarterContent/Shapes/Shape_Trim_90_Out.uexp" 714
"C:/Users/jeanc/Documents/GitHub/Felix/Multiplayer/Content/StarterContent/Shapes/Shape_Trim_90_In.ubulk" 715
"C:/Users/jeanc/Documents/GitHub/Felix/Multiplayer/Content/StarterContent/Shapes/Shape_Trim_90_In.uasset" 716
"C:/Users/jeanc/Documents/GitHub/Felix/Multiplayer/Content/StarterContent/Shapes/Shape_Trim_90_In.uexp" 717
"C:/Users/jeanc/Documents/GitHub/Felix/Multiplayer/Content/StarterContent/Shapes/Shape_Trim.ubulk" 718
"C:/Users/jeanc/Documents/GitHub/Felix/Multiplayer/Content/StarterContent/Shapes/Shape_Trim.uasset" 719
"C:/Users/jeanc/Documents/GitHub/Felix/Multiplayer/Content/StarterContent/Shapes/Shape_Trim.uexp" 720
"C:/Users/jeanc/Documents/GitHub/Felix/Multiplayer/Content/StarterContent/Shapes/Shape_Torus.ubulk" 721
"C:/Users/jeanc/Documents/GitHub/Felix/Multiplayer/Content/StarterContent/Shapes/Shape_Torus.uasset" 722
"C:/Users/jeanc/Documents/GitHub/Felix/Multiplayer/Content/StarterContent/Shapes/Shape_Torus.uexp" 723
"C:/Users/jeanc/Documents/GitHub/Felix/Multiplayer/Content/StarterContent/Shapes/Shape_Plane.ubulk" 724
"C:/Users/jeanc/Documents/GitHub/Felix/Multiplayer/Content/StarterContent/Shapes/Shape_Plane.uasset" 725
"C:/Users/jeanc/Documents/GitHub/Felix/Multiplayer/Content/StarterContent/Shapes/Shape_Plane.uexp" 726
"C:/Users/jeanc/Documents/GitHub/Felix/Multiplayer/Content/StarterContent/Shapes/Shape_Pipe_90.ubulk" 727
"C:/Users/jeanc/Documents/GitHub/Felix/Multiplayer/Content/StarterContent/Shapes/Shape_Pipe_90.uasset" 728
"C:/Users/jeanc/Documents/GitHub/Felix/Multiplayer/Content/StarterContent/Shapes/Shape_Pipe_90.uexp" 729
"C:/Users/jeanc/Documents/GitHub/Felix/Multiplayer/Content/StarterContent/Shapes/Shape_Pipe_180.ubulk" 730
"C:/Users/jeanc/Documents/GitHub/Felix/Multiplayer/Content/StarterContent/Shapes/Shape_Pipe_180.uasset" 731
"C:/Users/jeanc/Documents/GitHub/Felix/Multiplayer/Content/StarterContent/Shapes/Shape_Pipe_180.uexp" 732
"C:/Users/jeanc/Documents/GitHub/Felix/Multiplayer/Content/StarterContent/Shapes/Shape_Pipe.ubulk" 733
"C:/Users/jeanc/Documents/GitHub/Felix/Multiplayer/Content/StarterContent/Shapes/Shape_Pipe.uasset" 734
"C:/Users/jeanc/Documents/GitHub/Felix/Multiplayer/Content/StarterContent/Shapes/Shape_Pipe.uexp" 735
"C:/Users/jeanc/Documents/GitHub/Felix/Multiplayer/Content/StarterContent/Shapes/Shape_NarrowCapsule.ubulk" 736
"C:/Users/jeanc/Documents/GitHub/Felix/Multiplayer/Content/StarterContent/Shapes/Shape_NarrowCapsule.uasset" 737
"C:/Users/jeanc/Documents/GitHub/Felix/Multiplayer/Content/StarterContent/Shapes/Shape_NarrowCapsule.uexp" 738
"C:/Users/jeanc/Documents/GitHub/Felix/Multiplayer/Content/StarterContent/Shapes/Shape_Cylinder.ubulk" 739
"C:/Users/jeanc/Documents/GitHub/Felix/Multiplayer/Content/StarterContent/Shapes/Shape_Cylinder.uasset" 740
"C:/Users/jeanc/Documents/GitHub/Felix/Multiplayer/Content/StarterContent/Shapes/Shape_Cylinder.uexp" 741
"C:/Users/jeanc/Documents/GitHub/Felix/Multiplayer/Content/StarterContent/Shapes/Shape_Cone.ubulk" 742
"C:/Users/jeanc/Documents/GitHub/Felix/Multiplayer/Content/StarterContent/Shapes/Shape_Cone.uasset" 743
"C:/Users/jeanc/Documents/GitHub/Felix/Multiplayer/Content/StarterContent/Shapes/Shape_Cone.uexp" 744
"C:/Users/jeanc/Documents/GitHub/Felix/Multiplayer/Content/StarterContent/Materials/M_Basic_Floor.uasset" 745
"C:/Users/jeanc/Documents/GitHub/Felix/Multiplayer/Content/StarterContent/Materials/M_Basic_Floor.uexp" 746
"C:/Users/jeanc/Documents/GitHub/Felix/Multiplayer/Content/StarterContent/Props/SM_Stairs.ubulk" 747
"C:/Users/jeanc/Documents/GitHub/Felix/Multiplayer/Content/StarterContent/Props/SM_Stairs.uasset" 748
"C:/Users/jeanc/Documents/GitHub/Felix/Multiplayer/Content/StarterContent/Props/SM_Stairs.uexp" 749
"C:/Users/jeanc/Documents/GitHub/Felix/Multiplayer/Content/StarterContent/Textures/T_Shelf_N.ubulk" 750
"C:/Users/jeanc/Documents/GitHub/Felix/Multiplayer/Content/StarterContent/Textures/T_Shelf_N.uasset" 751
"C:/Users/jeanc/Documents/GitHub/Felix/Multiplayer/Content/StarterContent/Textures/T_Shelf_N.uexp" 752
"C:/Users/jeanc/Documents/GitHub/Felix/Multiplayer/Content/StarterContent/Textures/T_Shelf_M.ubulk" 753
"C:/Users/jeanc/Documents/GitHub/Felix/Multiplayer/Content/StarterContent/Textures/T_Shelf_M.uasset" 754
"C:/Users/jeanc/Documents/GitHub/Felix/Multiplayer/Content/StarterContent/Textures/T_Shelf_M.uexp" 755
"C:/Users/jeanc/Documents/GitHub/Felix/Multiplayer/Content/StarterContent/Props/Materials/M_Shelf.uasset" 756
"C:/Users/jeanc/Documents/GitHub/Felix/Multiplayer/Content/StarterContent/Props/Materials/M_Shelf.uexp" 757
"C:/Users/jeanc/Documents/GitHub/Felix/Multiplayer/Content/StarterContent/Props/SM_Shelf.ubulk" 758
"C:/Users/jeanc/Documents/GitHub/Felix/Multiplayer/Content/StarterContent/Props/SM_Shelf.uasset" 759
"C:/Users/jeanc/Documents/GitHub/Felix/Multiplayer/Content/StarterContent/Props/SM_Shelf.uexp" 760
"../../../Engine/Content/Functions/Engine_MaterialFunctions02/Utility/BlendAngleCorrectedNormals.uasset" 761
"../../../Engine/Content/Functions/Engine_MaterialFunctions02/Utility/BlendAngleCorrectedNormals.uexp" 762
"C:/Users/jeanc/Documents/GitHub/Felix/Multiplayer/Content/StarterContent/Textures/T_Detail_Rocky_N.ubulk" 763
"C:/Users/jeanc/Documents/GitHub/Felix/Multiplayer/Content/StarterContent/Textures/T_Detail_Rocky_N.uasset" 764
"C:/Users/jeanc/Documents/GitHub/Felix/Multiplayer/Content/StarterContent/Textures/T_Detail_Rocky_N.uexp" 765
"C:/Users/jeanc/Documents/GitHub/Felix/Multiplayer/Content/StarterContent/Textures/T_Rock_Basalt_D.ubulk" 766
"C:/Users/jeanc/Documents/GitHub/Felix/Multiplayer/Content/StarterContent/Textures/T_Rock_Basalt_D.uasset" 767
"C:/Users/jeanc/Documents/GitHub/Felix/Multiplayer/Content/StarterContent/Textures/T_Rock_Basalt_D.uexp" 768
"C:/Users/jeanc/Documents/GitHub/Felix/Multiplayer/Content/StarterContent/Textures/T_RockMesh_N.ubulk" 769
"C:/Users/jeanc/Documents/GitHub/Felix/Multiplayer/Content/StarterContent/Textures/T_RockMesh_N.uasset" 770
"C:/Users/jeanc/Documents/GitHub/Felix/Multiplayer/Content/StarterContent/Textures/T_RockMesh_N.uexp" 771
"C:/Users/jeanc/Documents/GitHub/Felix/Multiplayer/Content/StarterContent/Textures/T_RockMesh_M.ubulk" 772
"C:/Users/jeanc/Documents/GitHub/Felix/Multiplayer/Content/StarterContent/Textures/T_RockMesh_M.uasset" 773
"C:/Users/jeanc/Documents/GitHub/Felix/Multiplayer/Content/StarterContent/Textures/T_RockMesh_M.uexp" 774
"C:/Users/jeanc/Documents/GitHub/Felix/Multiplayer/Content/StarterContent/Props/Materials/M_Rock.uasset" 775
"C:/Users/jeanc/Documents/GitHub/Felix/Multiplayer/Content/StarterContent/Props/Materials/M_Rock.uexp" 776
"C:/Users/jeanc/Documents/GitHub/Felix/Multiplayer/Content/StarterContent/Props/SM_Rock.ubulk" 777
"C:/Users/jeanc/Documents/GitHub/Felix/Multiplayer/Content/StarterContent/Props/SM_Rock.uasset" 778
"C:/Users/jeanc/Documents/GitHub/Felix/Multiplayer/Content/StarterContent/Props/SM_Rock.uexp" 779
"C:/Users/jeanc/Documents/GitHub/Felix/Multiplayer/Content/StarterContent/Materials/M_Glass.uasset" 780
"C:/Users/jeanc/Documents/GitHub/Felix/Multiplayer/Content/StarterContent/Materials/M_Glass.uexp" 781
"C:/Users/jeanc/Documents/GitHub/Felix/Multiplayer/Content/StarterContent/Textures/T_Door_N.ubulk" 782
"C:/Users/jeanc/Documents/GitHub/Felix/Multiplayer/Content/StarterContent/Textures/T_Door_N.uasset" 783
"C:/Users/jeanc/Documents/GitHub/Felix/Multiplayer/Content/StarterContent/Textures/T_Door_N.uexp" 784
"C:/Users/jeanc/Documents/GitHub/Felix/Multiplayer/Content/StarterContent/Textures/T_Door_M.ubulk" 785
"C:/Users/jeanc/Documents/GitHub/Felix/Multiplayer/Content/StarterContent/Textures/T_Door_M.uasset" 786
"C:/Users/jeanc/Documents/GitHub/Felix/Multiplayer/Content/StarterContent/Textures/T_Door_M.uexp" 787
"C:/Users/jeanc/Documents/GitHub/Felix/Multiplayer/Content/StarterContent/Props/Materials/M_Door.uasset" 788
"C:/Users/jeanc/Documents/GitHub/Felix/Multiplayer/Content/StarterContent/Props/Materials/M_Door.uexp" 789
"C:/Users/jeanc/Documents/GitHub/Felix/Multiplayer/Content/StarterContent/Props/SM_Door.ubulk" 790
"C:/Users/jeanc/Documents/GitHub/Felix/Multiplayer/Content/StarterContent/Props/SM_Door.uasset" 791
"C:/Users/jeanc/Documents/GitHub/Felix/Multiplayer/Content/StarterContent/Props/SM_Door.uexp" 792
"C:/Users/jeanc/Documents/GitHub/Felix/Multiplayer/Content/StarterContent/Textures/T_Chair_N.ubulk" 793
"C:/Users/jeanc/Documents/GitHub/Felix/Multiplayer/Content/StarterContent/Textures/T_Chair_N.uasset" 794
"C:/Users/jeanc/Documents/GitHub/Felix/Multiplayer/Content/StarterContent/Textures/T_Chair_N.uexp" 795
"C:/Users/jeanc/Documents/GitHub/Felix/Multiplayer/Content/StarterContent/Textures/T_Chair_M.ubulk" 796
"C:/Users/jeanc/Documents/GitHub/Felix/Multiplayer/Content/StarterContent/Textures/T_Chair_M.uasset" 797
"C:/Users/jeanc/Documents/GitHub/Felix/Multiplayer/Content/StarterContent/Textures/T_Chair_M.uexp" 798
"C:/Users/jeanc/Documents/GitHub/Felix/Multiplayer/Content/StarterContent/Props/Materials/M_Chair.uasset" 799
"C:/Users/jeanc/Documents/GitHub/Felix/Multiplayer/Content/StarterContent/Props/Materials/M_Chair.uexp" 800
"C:/Users/jeanc/Documents/GitHub/Felix/Multiplayer/Content/StarterContent/Props/SM_Couch.ubulk" 801
"C:/Users/jeanc/Documents/GitHub/Felix/Multiplayer/Content/StarterContent/Props/SM_Couch.uasset" 802
"C:/Users/jeanc/Documents/GitHub/Felix/Multiplayer/Content/StarterContent/Props/SM_Couch.uexp" 803
"C:/Users/jeanc/Documents/GitHub/Felix/Multiplayer/Content/StarterContent/Textures/T_Bush_N.ubulk" 804
"C:/Users/jeanc/Documents/GitHub/Felix/Multiplayer/Content/StarterContent/Textures/T_Bush_N.uasset" 805
"C:/Users/jeanc/Documents/GitHub/Felix/Multiplayer/Content/StarterContent/Textures/T_Bush_N.uexp" 806
"C:/Users/jeanc/Documents/GitHub/Felix/Multiplayer/Content/StarterContent/Textures/T_Bush_D.ubulk" 807
"C:/Users/jeanc/Documents/GitHub/Felix/Multiplayer/Content/StarterContent/Textures/T_Bush_D.uasset" 808
"C:/Users/jeanc/Documents/GitHub/Felix/Multiplayer/Content/StarterContent/Textures/T_Bush_D.uexp" 809
"C:/Users/jeanc/Documents/GitHub/Felix/Multiplayer/Content/StarterContent/Props/Materials/M_Bush.uasset" 810
"C:/Users/jeanc/Documents/GitHub/Felix/Multiplayer/Content/StarterContent/Props/Materials/M_Bush.uexp" 811
"C:/Users/jeanc/Documents/GitHub/Felix/Multiplayer/Content/StarterContent/Props/SM_Bush.ubulk" 812
"C:/Users/jeanc/Documents/GitHub/Felix/Multiplayer/Content/StarterContent/Props/SM_Bush.uasset" 813
"C:/Users/jeanc/Documents/GitHub/Felix/Multiplayer/Content/StarterContent/Props/SM_Bush.uexp" 814
"../../../Engine/Content/EditorMeshes/ColorCalibrator/T_ColorGrid.ubulk" 815
"../../../Engine/Content/EditorMeshes/ColorCalibrator/T_ColorGrid.uasset" 816
"../../../Engine/Content/EditorMeshes/ColorCalibrator/T_ColorGrid.uexp" 817
"C:/Users/jeanc/Documents/GitHub/Felix/Multiplayer/Content/StarterContent/Materials/M_ColorGrid_LowSpec.uasset" 818
"C:/Users/jeanc/Documents/GitHub/Felix/Multiplayer/Content/StarterContent/Materials/M_ColorGrid_LowSpec.uexp" 819
"C:/Users/jeanc/Documents/GitHub/Felix/Multiplayer/Content/StarterContent/Textures/T_Smoke_SubUV.ubulk" 820
"C:/Users/jeanc/Documents/GitHub/Felix/Multiplayer/Content/StarterContent/Textures/T_Smoke_SubUV.uasset" 821
"C:/Users/jeanc/Documents/GitHub/Felix/Multiplayer/Content/StarterContent/Textures/T_Smoke_SubUV.uexp" 822
"C:/Users/jeanc/Documents/GitHub/Felix/Multiplayer/Content/StarterContent/Textures/T_Smoke_Tiled_D.ubulk" 823
"C:/Users/jeanc/Documents/GitHub/Felix/Multiplayer/Content/StarterContent/Textures/T_Smoke_Tiled_D.uasset" 824
"C:/Users/jeanc/Documents/GitHub/Felix/Multiplayer/Content/StarterContent/Textures/T_Smoke_Tiled_D.uexp" 825
"C:/Users/jeanc/Documents/GitHub/Felix/Multiplayer/Content/StarterContent/Particles/Materials/M_smoke_subUV.uasset" 826
"C:/Users/jeanc/Documents/GitHub/Felix/Multiplayer/Content/StarterContent/Particles/Materials/M_smoke_subUV.uexp" 827
"C:/Users/jeanc/Documents/GitHub/Felix/Multiplayer/Content/StarterContent/Textures/T_Burst_M.ubulk" 828
"C:/Users/jeanc/Documents/GitHub/Felix/Multiplayer/Content/StarterContent/Textures/T_Burst_M.uasset" 829
"C:/Users/jeanc/Documents/GitHub/Felix/Multiplayer/Content/StarterContent/Textures/T_Burst_M.uexp" 830
"C:/Users/jeanc/Documents/GitHub/Felix/Multiplayer/Content/StarterContent/Particles/Materials/M_Burst.uasset" 831
"C:/Users/jeanc/Documents/GitHub/Felix/Multiplayer/Content/StarterContent/Particles/Materials/M_Burst.uexp" 832
"C:/Users/jeanc/Documents/GitHub/Felix/Multiplayer/Content/StarterContent/Particles/Materials/m_flare_01.uasset" 833
"C:/Users/jeanc/Documents/GitHub/Felix/Multiplayer/Content/StarterContent/Particles/Materials/m_flare_01.uexp" 834
"C:/Users/jeanc/Documents/GitHub/Felix/Multiplayer/Content/StarterContent/Textures/T_Explosion_SubUV.ubulk" 835
"C:/Users/jeanc/Documents/GitHub/Felix/Multiplayer/Content/StarterContent/Textures/T_Explosion_SubUV.uasset" 836
"C:/Users/jeanc/Documents/GitHub/Felix/Multiplayer/Content/StarterContent/Textures/T_Explosion_SubUV.uexp" 837
"C:/Users/jeanc/Documents/GitHub/Felix/Multiplayer/Content/StarterContent/Particles/Materials/M_explosion_subUV.uasset" 838
"C:/Users/jeanc/Documents/GitHub/Felix/Multiplayer/Content/StarterContent/Particles/Materials/M_explosion_subUV.uexp" 839
"../../../Engine/Content/Functions/Engine_MaterialFunctions01/Gradient/RadialGradient.uasset" 840
"../../../Engine/Content/Functions/Engine_MaterialFunctions01/Gradient/RadialGradient.uexp" 841
"C:/Users/jeanc/Documents/GitHub/Felix/Multiplayer/Content/StarterContent/Particles/Materials/M_radial_ramp.uasset" 842
"C:/Users/jeanc/Documents/GitHub/Felix/Multiplayer/Content/StarterContent/Particles/Materials/M_radial_ramp.uexp" 843
"C:/Users/jeanc/Documents/GitHub/Felix/Multiplayer/Content/StarterContent/Particles/P_Explosion.uasset" 844
"C:/Users/jeanc/Documents/GitHub/Felix/Multiplayer/Content/StarterContent/Particles/P_Explosion.uexp" 845
"C:/Users/jeanc/Documents/GitHub/Felix/Multiplayer/Content/StarterContent/Audio/Explosion_Cue.uasset" 846
"C:/Users/jeanc/Documents/GitHub/Felix/Multiplayer/Content/StarterContent/Audio/Explosion_Cue.uexp" 847
"C:/Users/jeanc/Documents/GitHub/Felix/Multiplayer/Content/StarterContent/Blueprints/Blueprint_Effect_Explosion.uasset" 848
"C:/Users/jeanc/Documents/GitHub/Felix/Multiplayer/Content/StarterContent/Blueprints/Blueprint_Effect_Explosion.uexp" 849
"C:/Users/jeanc/Documents/GitHub/Felix/Multiplayer/Content/StarterContent/Audio/Steam01.ubulk" 850
"C:/Users/jeanc/Documents/GitHub/Felix/Multiplayer/Content/StarterContent/Audio/Steam01.uasset" 851
"C:/Users/jeanc/Documents/GitHub/Felix/Multiplayer/Content/StarterContent/Audio/Steam01.uexp" 852
"C:/Users/jeanc/Documents/GitHub/Felix/Multiplayer/Content/StarterContent/Audio/Starter_Wind06.ubulk" 853
"C:/Users/jeanc/Documents/GitHub/Felix/Multiplayer/Content/StarterContent/Audio/Starter_Wind06.uasset" 854
"C:/Users/jeanc/Documents/GitHub/Felix/Multiplayer/Content/StarterContent/Audio/Starter_Wind06.uexp" 855
"C:/Users/jeanc/Documents/GitHub/Felix/Multiplayer/Content/StarterContent/Audio/Starter_Wind05.ubulk" 856
"C:/Users/jeanc/Documents/GitHub/Felix/Multiplayer/Content/StarterContent/Audio/Starter_Wind05.uasset" 857
"C:/Users/jeanc/Documents/GitHub/Felix/Multiplayer/Content/StarterContent/Audio/Starter_Wind05.uexp" 858
"C:/Users/jeanc/Documents/GitHub/Felix/Multiplayer/Content/StarterContent/Audio/Starter_Music01.ubulk" 859
"C:/Users/jeanc/Documents/GitHub/Felix/Multiplayer/Content/StarterContent/Audio/Starter_Music01.uasset" 860
"C:/Users/jeanc/Documents/GitHub/Felix/Multiplayer/Content/StarterContent/Audio/Starter_Music01.uexp" 861
"C:/Users/jeanc/Documents/GitHub/Felix/Multiplayer/Content/StarterContent/Audio/Starter_Birds01.ubulk" 862
"C:/Users/jeanc/Documents/GitHub/Felix/Multiplayer/Content/StarterContent/Audio/Starter_Birds01.uasset" 863
"C:/Users/jeanc/Documents/GitHub/Felix/Multiplayer/Content/StarterContent/Audio/Starter_Birds01.uexp" 864
"C:/Users/jeanc/Documents/GitHub/Felix/Multiplayer/Content/StarterContent/Audio/Smoke01.ubulk" 865
"C:/Users/jeanc/Documents/GitHub/Felix/Multiplayer/Content/StarterContent/Audio/Smoke01.uasset" 866
"C:/Users/jeanc/Documents/GitHub/Felix/Multiplayer/Content/StarterContent/Audio/Smoke01.uexp" 867
"C:/Users/jeanc/Documents/GitHub/Felix/Multiplayer/Content/StarterContent/Audio/Light02_Cue.uasset" 868
"C:/Users/jeanc/Documents/GitHub/Felix/Multiplayer/Content/StarterContent/Audio/Light02_Cue.uexp" 869
"C:/Users/jeanc/Documents/GitHub/Felix/Multiplayer/Content/StarterContent/Audio/Light02.ubulk" 870
"C:/Users/jeanc/Documents/GitHub/Felix/Multiplayer/Content/StarterContent/Audio/Light02.uasset" 871
"C:/Users/jeanc/Documents/GitHub/Felix/Multiplayer/Content/StarterContent/Audio/Light02.uexp" 872
"C:/Users/jeanc/Documents/GitHub/Felix/Multiplayer/Content/StarterContent/Audio/Light01_Cue.uasset" 873
"C:/Users/jeanc/Documents/GitHub/Felix/Multiplayer/Content/StarterContent/Audio/Light01_Cue.uexp" 874
"C:/Users/jeanc/Documents/GitHub/Felix/Multiplayer/Content/StarterContent/Audio/Light01.ubulk" 875
"C:/Users/jeanc/Documents/GitHub/Felix/Multiplayer/Content/StarterContent/Audio/Light01.uasset" 876
"C:/Users/jeanc/Documents/GitHub/Felix/Multiplayer/Content/StarterContent/Audio/Light01.uexp" 877
"C:/Users/jeanc/Documents/GitHub/Felix/Multiplayer/Content/StarterContent/Audio/Fire_Sparks01.ubulk" 878
"C:/Users/jeanc/Documents/GitHub/Felix/Multiplayer/Content/StarterContent/Audio/Fire_Sparks01.uasset" 879
"C:/Users/jeanc/Documents/GitHub/Felix/Multiplayer/Content/StarterContent/Audio/Fire_Sparks01.uexp" 880
"C:/Users/jeanc/Documents/GitHub/Felix/Multiplayer/Content/StarterContent/Audio/Fire01.ubulk" 881
"C:/Users/jeanc/Documents/GitHub/Felix/Multiplayer/Content/StarterContent/Audio/Fire01.uasset" 882
"C:/Users/jeanc/Documents/GitHub/Felix/Multiplayer/Content/StarterContent/Audio/Fire01.uexp" 883
"C:/Users/jeanc/Documents/GitHub/Felix/Multiplayer/Content/StarterContent/Audio/Explosion02.ubulk" 884
"C:/Users/jeanc/Documents/GitHub/Felix/Multiplayer/Content/StarterContent/Audio/Explosion02.uasset" 885
"C:/Users/jeanc/Documents/GitHub/Felix/Multiplayer/Content/StarterContent/Audio/Explosion02.uexp" 886
"C:/Users/jeanc/Documents/GitHub/Felix/Multiplayer/Content/StarterContent/Audio/Explosion01.ubulk" 887
"C:/Users/jeanc/Documents/GitHub/Felix/Multiplayer/Content/StarterContent/Audio/Explosion01.uasset" 888
"C:/Users/jeanc/Documents/GitHub/Felix/Multiplayer/Content/StarterContent/Audio/Explosion01.uexp" 889
"C:/Users/jeanc/Documents/GitHub/Felix/Multiplayer/Content/StarterContent/Audio/Collapse02.ubulk" 890
"C:/Users/jeanc/Documents/GitHub/Felix/Multiplayer/Content/StarterContent/Audio/Collapse02.uasset" 891
"C:/Users/jeanc/Documents/GitHub/Felix/Multiplayer/Content/StarterContent/Audio/Collapse02.uexp" 892
"C:/Users/jeanc/Documents/GitHub/Felix/Multiplayer/Content/StarterContent/Architecture/Wall_Window_400x400.ubulk" 893
"C:/Users/jeanc/Documents/GitHub/Felix/Multiplayer/Content/StarterContent/Architecture/Wall_Window_400x400.uasset" 894
"C:/Users/jeanc/Documents/GitHub/Felix/Multiplayer/Content/StarterContent/Architecture/Wall_Window_400x400.uexp" 895
"C:/Users/jeanc/Documents/GitHub/Felix/Multiplayer/Content/StarterContent/Architecture/Wall_Door_400x400.ubulk" 896
"C:/Users/jeanc/Documents/GitHub/Felix/Multiplayer/Content/StarterContent/Architecture/Wall_Door_400x400.uasset" 897
"C:/Users/jeanc/Documents/GitHub/Felix/Multiplayer/Content/StarterContent/Architecture/Wall_Door_400x400.uexp" 898
"C:/Users/jeanc/Documents/GitHub/Felix/Multiplayer/Content/StarterContent/Architecture/Wall_500x500.ubulk" 899
"C:/Users/jeanc/Documents/GitHub/Felix/Multiplayer/Content/StarterContent/Architecture/Wall_500x500.uasset" 900
"C:/Users/jeanc/Documents/GitHub/Felix/Multiplayer/Content/StarterContent/Architecture/Wall_500x500.uexp" 901
"C:/Users/jeanc/Documents/GitHub/Felix/Multiplayer/Content/StarterContent/Architecture/Wall_400x400.ubulk" 902
"C:/Users/jeanc/Documents/GitHub/Felix/Multiplayer/Content/StarterContent/Architecture/Wall_400x400.uasset" 903
"C:/Users/jeanc/Documents/GitHub/Felix/Multiplayer/Content/StarterContent/Architecture/Wall_400x400.uexp" 904
"C:/Users/jeanc/Documents/GitHub/Felix/Multiplayer/Content/StarterContent/Architecture/Wall_400x300.ubulk" 905
"C:/Users/jeanc/Documents/GitHub/Felix/Multiplayer/Content/StarterContent/Architecture/Wall_400x300.uasset" 906
"C:/Users/jeanc/Documents/GitHub/Felix/Multiplayer/Content/StarterContent/Architecture/Wall_400x300.uexp" 907
"C:/Users/jeanc/Documents/GitHub/Felix/Multiplayer/Content/Mannequin/Character/Mesh/UE4_Mannequin_Skeleton.uasset" 908
"C:/Users/jeanc/Documents/GitHub/Felix/Multiplayer/Content/Mannequin/Character/Mesh/UE4_Mannequin_Skeleton.uexp" 909
"C:/Users/jeanc/Documents/GitHub/Felix/Multiplayer/Content/Mannequin/Animations/ThirdPersonJump_End.uasset" 910
"C:/Users/jeanc/Documents/GitHub/Felix/Multiplayer/Content/Mannequin/Animations/ThirdPersonJump_End.uexp" 911
"../../../Engine/Plugins/Interchange/Runtime/Content/gltf/MaterialFunctions/MF_RotateV2.uasset" 912
"../../../Engine/Plugins/Interchange/Runtime/Content/gltf/MaterialFunctions/MF_RotateV2.uexp" 913
"../../../Engine/Plugins/Interchange/Runtime/Content/gltf/MaterialFunctions/MF_TransformUVs.uasset" 914
"../../../Engine/Plugins/Interchange/Runtime/Content/gltf/MaterialFunctions/MF_TransformUVs.uexp" 915
"../../../Engine/Plugins/Interchange/Runtime/Content/gltf/Textures/T_White_srgb.uasset" 916
"../../../Engine/Plugins/Interchange/Runtime/Content/gltf/Textures/T_White_srgb.uexp" 917
"../../../Engine/Plugins/Interchange/Runtime/Content/gltf/MaterialFunctions/MF_BaseColor.uasset" 918
"../../../Engine/Plugins/Interchange/Runtime/Content/gltf/MaterialFunctions/MF_BaseColor.uexp" 919
"../../../Engine/Plugins/Interchange/Runtime/Content/gltf/MaterialFunctions/MF_Iridescence.uasset" 920
"../../../Engine/Plugins/Interchange/Runtime/Content/gltf/MaterialFunctions/MF_Iridescence.uexp" 921
"../../../Engine/Plugins/Interchange/Runtime/Content/gltf/Textures/T_White_Linear.uasset" 922
"../../../Engine/Plugins/Interchange/Runtime/Content/gltf/Textures/T_White_Linear.uexp" 923
"../../../Engine/Plugins/Interchange/Runtime/Content/gltf/MaterialFunctions/MF_MetallicRoughness.uasset" 924
"../../../Engine/Plugins/Interchange/Runtime/Content/gltf/MaterialFunctions/MF_MetallicRoughness.uexp" 925
"../../../Engine/Plugins/Interchange/Runtime/Content/gltf/MaterialFunctions/MF_RotateNormals_TS.uasset" 926
"../../../Engine/Plugins/Interchange/Runtime/Content/gltf/MaterialFunctions/MF_RotateNormals_TS.uexp" 927
"../../../Engine/Plugins/Interchange/Runtime/Content/gltf/MaterialFunctions/MF_Occlusion.uasset" 928
"../../../Engine/Plugins/Interchange/Runtime/Content/gltf/MaterialFunctions/MF_Occlusion.uexp" 929
"../../../Engine/Plugins/Interchange/Runtime/Content/gltf/MaterialFunctions/MF_Emissive.uasset" 930
"../../../Engine/Plugins/Interchange/Runtime/Content/gltf/MaterialFunctions/MF_Emissive.uexp" 931
"../../../Engine/Plugins/Interchange/Runtime/Content/gltf/MaterialFunctions/MF_Specular.uasset" 932
"../../../Engine/Plugins/Interchange/Runtime/Content/gltf/MaterialFunctions/MF_Specular.uexp" 933
"../../../Engine/Plugins/Interchange/Runtime/Content/gltf/MaterialFunctions/MF_IOR.uasset" 934
"../../../Engine/Plugins/Interchange/Runtime/Content/gltf/MaterialFunctions/MF_IOR.uexp" 935
"../../../Engine/Plugins/Interchange/Runtime/Content/gltf/Textures/T_Generic_N.uasset" 936
"../../../Engine/Plugins/Interchange/Runtime/Content/gltf/Textures/T_Generic_N.uexp" 937
"../../../Engine/Plugins/Interchange/Runtime/Content/gltf/MaterialFunctions/MF_Normals.uasset" 938
"../../../Engine/Plugins/Interchange/Runtime/Content/gltf/MaterialFunctions/MF_Normals.uexp" 939
"../../../Engine/Plugins/Interchange/Runtime/Content/gltf/MaterialBodies/MF_Default_Body.uasset" 940
"../../../Engine/Plugins/Interchange/Runtime/Content/gltf/MaterialBodies/MF_Default_Body.uexp" 941
"../../../Engine/Plugins/Interchange/Runtime/Content/gltf/M_Default.uasset" 942
"../../../Engine/Plugins/Interchange/Runtime/Content/gltf/M_Default.uexp" 943
"../../../Engine/Plugins/Interchange/Runtime/Content/gltf/MaterialInstances/MI_Default_Opaque_DS.uasset" 944
"../../../Engine/Plugins/Interchange/Runtime/Content/gltf/MaterialInstances/MI_Default_Opaque_DS.uexp" 945
"C:/Users/jeanc/Documents/GitHub/Felix/Multiplayer/Content/Fab/Rocket_launcher/rocketmatalt_low_color.ubulk" 946
"C:/Users/jeanc/Documents/GitHub/Felix/Multiplayer/Content/Fab/Rocket_launcher/rocketmatalt_low_color.uasset" 947
"C:/Users/jeanc/Documents/GitHub/Felix/Multiplayer/Content/Fab/Rocket_launcher/rocketmatalt_low_color.uexp" 948
"C:/Users/jeanc/Documents/GitHub/Felix/Multiplayer/Content/Fab/Rocket_launcher/rocketmat_normal.ubulk" 949
"C:/Users/jeanc/Documents/GitHub/Felix/Multiplayer/Content/Fab/Rocket_launcher/rocketmat_normal.uasset" 950
"C:/Users/jeanc/Documents/GitHub/Felix/Multiplayer/Content/Fab/Rocket_launcher/rocketmat_normal.uexp" 951
"C:/Users/jeanc/Documents/GitHub/Felix/Multiplayer/Content/Fab/Rocket_launcher/rocketmat_001.uasset" 952
"C:/Users/jeanc/Documents/GitHub/Felix/Multiplayer/Content/Fab/Rocket_launcher/rocketmat_001.uexp" 953
"C:/Users/jeanc/Documents/GitHub/Felix/Multiplayer/Content/Fab/Rocket_launcher/rocketlaunchervariant.ubulk" 954
"C:/Users/jeanc/Documents/GitHub/Felix/Multiplayer/Content/Fab/Rocket_launcher/rocketlaunchervariant.uasset" 955
"C:/Users/jeanc/Documents/GitHub/Felix/Multiplayer/Content/Fab/Rocket_launcher/rocketlaunchervariant.uexp" 956
"C:/Users/jeanc/Documents/GitHub/Felix/Multiplayer/Content/Blueprints/Gameplay/M_VoxelDebris.uasset" 957
"C:/Users/jeanc/Documents/GitHub/Felix/Multiplayer/Content/Blueprints/Gameplay/M_VoxelDebris.uexp" 958
"C:/Users/jeanc/Documents/GitHub/Felix/Multiplayer/Content/Blueprints/AllLevels/PlayerSaveGame.uasset" 959
"C:/Users/jeanc/Documents/GitHub/Felix/Multiplayer/Content/Blueprints/AllLevels/PlayerSaveGame.uexp" 960
"C:/Users/jeanc/Documents/GitHub/Felix/Multiplayer/Content/UI/Textures/Thumbs/Avatars/iconFox1.ubulk" 961
"C:/Users/jeanc/Documents/GitHub/Felix/Multiplayer/Content/UI/Textures/Thumbs/Avatars/iconFox1.uasset" 962
"C:/Users/jeanc/Documents/GitHub/Felix/Multiplayer/Content/UI/Textures/Thumbs/Avatars/iconFox1.uexp" 963
"C:/Users/jeanc/Documents/GitHub/Felix/Multiplayer/Content/UI/Textures/UI_Elements/panel-border-005.uasset" 964
"C:/Users/jeanc/Documents/GitHub/Felix/Multiplayer/Content/UI/Textures/UI_Elements/panel-border-005.uexp" 965
"C:/Users/jeanc/Documents/GitHub/Felix/Multiplayer/Content/UI/Carton_Six.uexp" 966
"C:/Users/jeanc/Documents/GitHub/Felix/Multiplayer/Content/UI/Carton_Six.uasset" 967
"C:/Users/jeanc/Documents/GitHub/Felix/Multiplayer/Content/UI/Carton_Six.ufont" 968
"C:/Users/jeanc/Documents/GitHub/Felix/Multiplayer/Content/UI/Carton_Six_Font.uasset" 969
"C:/Users/jeanc/Documents/GitHub/Felix/Multiplayer/Content/UI/Carton_Six_Font.uexp" 970
"C:/Users/jeanc/Documents/GitHub/Felix/Multiplayer/Content/UI/Textures/UI_Elements/bg.uasset" 971
"C:/Users/jeanc/Documents/GitHub/Felix/Multiplayer/Content/UI/Textures/UI_Elements/bg.uexp" 972
"C:/Users/jeanc/Documents/GitHub/Felix/Multiplayer/Content/UI/Textures/Thumbs/Avatars/iconWolf1.ubulk" 973
"C:/Users/jeanc/Documents/GitHub/Felix/Multiplayer/Content/UI/Textures/Thumbs/Avatars/iconWolf1.uasset" 974
"C:/Users/jeanc/Documents/GitHub/Felix/Multiplayer/Content/UI/Textures/Thumbs/Avatars/iconWolf1.uexp" 975
"C:/Users/jeanc/Documents/GitHub/Felix/Multiplayer/Content/UI/Textures/Thumbs/Avatars/iconPig2.ubulk" 976
"C:/Users/jeanc/Documents/GitHub/Felix/Multiplayer/Content/UI/Textures/Thumbs/Avatars/iconPig2.uasset" 977
"C:/Users/jeanc/Documents/GitHub/Felix/Multiplayer/Content/UI/Textures/Thumbs/Avatars/iconPig2.uexp" 978
"C:/Users/jeanc/Documents/GitHub/Felix/Multiplayer/Content/UI/Textures/Thumbs/Avatars/iconPig1.ubulk" 979
"C:/Users/jeanc/Documents/GitHub/Felix/Multiplayer/Content/UI/Textures/Thumbs/Avatars/iconPig1.uasset" 980
"C:/Users/jeanc/Documents/GitHub/Felix/Multiplayer/Content/UI/Textures/Thumbs/Avatars/iconPig1.uexp" 981
"C:/Users/jeanc/Documents/GitHub/Felix/Multiplayer/Content/Mannequin/Character/Textures/T_UE4Logo_Mask.ubulk" 982
"C:/Users/jeanc/Documents/GitHub/Felix/Multiplayer/Content/Mannequin/Character/Textures/T_UE4Logo_Mask.uasset" 983
"C:/Users/jeanc/Documents/GitHub/Felix/Multiplayer/Content/Mannequin/Character/Textures/T_UE4Logo_Mask.uexp" 984
"../../../Engine/Content/EditorBlueprintResources/StandardMacros.uasset" 985
"../../../Engine/Content/EditorBlueprintResources/StandardMacros.uexp" 986
"C:/Users/jeanc/Documents/GitHub/Felix/Multiplayer/Content/UI/Textures/Thumbs/Avatars/iconCrow1.ubulk" 987
"C:/Users/jeanc/Documents/GitHub/Felix/Multiplayer/Content/UI/Textures/Thumbs/Avatars/iconCrow1.uasset" 988
"C:/Users/jeanc/Documents/GitHub/Felix/Multiplayer/Content/UI/Textures/Thumbs/Avatars/iconCrow1.uexp" 989
"C:/Users/jeanc/Documents/GitHub/Felix/Multiplayer/Content/UI/MainMenu/OptionsMenu.uasset" 990
"C:/Users/jeanc/Documents/GitHub/Felix/Multiplayer/Content/UI/MainMenu/OptionsMenu.uexp" 991
"C:/Users/jeanc/Documents/GitHub/Felix/Multiplayer/Content/UI/Textures/UI_Elements/pawns.ubulk" 992
"C:/Users/jeanc/Documents/GitHub/Felix/Multiplayer/Content/UI/Textures/UI_Elements/pawns.uasset" 993
"C:/Users/jeanc/Documents/GitHub/Felix/Multiplayer/Content/UI/Textures/UI_Elements/pawns.uexp" 994
"C:/Users/jeanc/Documents/GitHub/Felix/Multiplayer/Content/UI/Textures/UI_Elements/book_open.ubulk" 995
"C:/Users/jeanc/Documents/GitHub/Felix/Multiplayer/Content/UI/Textures/UI_Elements/book_open.uasset" 996
"C:/Users/jeanc/Documents/GitHub/Felix/Multiplayer/Content/UI/Textures/UI_Elements/book_open.uexp" 997
"C:/Users/jeanc/Documents/GitHub/Felix/Multiplayer/Content/UI/Textures/Sounds/Sounds/click-a.ubulk" 998
"C:/Users/jeanc/Documents/GitHub/Felix/Multiplayer/Content/UI/Textures/Sounds/Sounds/click-a.uasset" 999
"C:/Users/jeanc/Documents/GitHub/Felix/Multiplayer/Content/UI/Textures/Sounds/Sounds/click-a.uexp" 1000
"C:/Users/jeanc/Documents/GitHub/Felix/Multiplayer/Content/UI/Textures/UI_Elements/bg_vertical.uasset" 1001
"C:/Users/jeanc/Documents/GitHub/Felix/Multiplayer/Content/UI/Textures/UI_Elements/bg_vertical.uexp" 1002
"C:/Users/jeanc/Documents/GitHub/Felix/Multiplayer/Content/UI/Textures/UI_Elements/pawn_left.ubulk" 1003
"C:/Users/jeanc/Documents/GitHub/Felix/Multiplayer/Content/UI/Textures/UI_Elements/pawn_left.uasset" 1004
"C:/Users/jeanc/Documents/GitHub/Felix/Multiplayer/Content/UI/Textures/UI_Elements/pawn_left.uexp" 1005
"C:/Users/jeanc/Documents/GitHub/Felix/Multiplayer/Content/UI/Textures/UI_Elements/table2.uasset" 1006
"C:/Users/jeanc/Documents/GitHub/Felix/Multiplayer/Content/UI/Textures/UI_Elements/table2.uexp" 1007
"C:/Users/jeanc/Documents/GitHub/Felix/Multiplayer/Content/UI/Textures/UI_Elements/arrow_counterclockwise.ubulk" 1008
"C:/Users/jeanc/Documents/GitHub/Felix/Multiplayer/Content/UI/Textures/UI_Elements/arrow_counterclockwise.uasset" 1009
"C:/Users/jeanc/Documents/GitHub/Felix/Multiplayer/Content/UI/Textures/UI_Elements/arrow_counterclockwise.uexp" 1010
"C:/Users/jeanc/Documents/GitHub/Felix/Multiplayer/Content/UI/Textures/UI_Elements/pawn.ubulk" 1011
"C:/Users/jeanc/Documents/GitHub/Felix/Multiplayer/Content/UI/Textures/UI_Elements/pawn.uasset" 1012
"C:/Users/jeanc/Documents/GitHub/Felix/Multiplayer/Content/UI/Textures/UI_Elements/pawn.uexp" 1013
"C:/Users/jeanc/Documents/GitHub/Felix/Multiplayer/Content/UI/MainMenu/MultiPlayerMenu.uasset" 1014
"C:/Users/jeanc/Documents/GitHub/Felix/Multiplayer/Content/UI/MainMenu/MultiPlayerMenu.uexp" 1015
"C:/Users/jeanc/Documents/GitHub/Felix/Multiplayer/Content/UI/AllLevels/LoadingScreen.uasset" 1016
"C:/Users/jeanc/Documents/GitHub/Felix/Multiplayer/Content/UI/AllLevels/LoadingScreen.uexp" 1017
"C:/Users/jeanc/Documents/GitHub/Felix/Multiplayer/Content/UI/MainMenu/ErrorDialogue.uasset" 1018
"C:/Users/jeanc/Documents/GitHub/Felix/Multiplayer/Content/UI/MainMenu/ErrorDialogue.uexp" 1019
"C:/Users/jeanc/Documents/GitHub/Felix/Multiplayer/Content/UI/Textures/UI_Elements/a.uasset" 1020
"C:/Users/jeanc/Documents/GitHub/Felix/Multiplayer/Content/UI/Textures/UI_Elements/a.uexp" 1021
"C:/Users/jeanc/Documents/GitHub/Felix/Multiplayer/Content/UI/MainMenu/ServerMenu.uasset" 1022
"C:/Users/jeanc/Documents/GitHub/Felix/Multiplayer/Content/UI/MainMenu/ServerMenu.uexp" 1023
"C:/Users/jeanc/Documents/GitHub/Felix/Multiplayer/Content/UI/Textures/UI_Elements/tokens_stack.ubulk" 1024
"C:/Users/jeanc/Documents/GitHub/Felix/Multiplayer/Content/UI/Textures/UI_Elements/tokens_stack.uasset" 1025
"C:/Users/jeanc/Documents/GitHub/Felix/Multiplayer/Content/UI/Textures/UI_Elements/tokens_stack.uexp" 1026
"C:/Users/jeanc/Documents/GitHub/Felix/Multiplayer/Content/StarterContent/Textures/T_Wood_Walnut_D.ubulk" 1027
"C:/Users/jeanc/Documents/GitHub/Felix/Multiplayer/Content/StarterContent/Textures/T_Wood_Walnut_D.uasset" 1028
"C:/Users/jeanc/Documents/GitHub/Felix/Multiplayer/Content/StarterContent/Textures/T_Wood_Walnut_D.uexp" 1029
"C:/Users/jeanc/Documents/GitHub/Felix/Multiplayer/Content/UI/Textures/Sounds/Sounds/click-b.ubulk" 1030
"C:/Users/jeanc/Documents/GitHub/Felix/Multiplayer/Content/UI/Textures/Sounds/Sounds/click-b.uasset" 1031
"C:/Users/jeanc/Documents/GitHub/Felix/Multiplayer/Content/UI/Textures/Sounds/Sounds/click-b.uexp" 1032
"C:/Users/jeanc/Documents/GitHub/Felix/Multiplayer/Content/UI/MainMenu/MainMenu.uasset" 1033
"C:/Users/jeanc/Documents/GitHub/Felix/Multiplayer/Content/UI/MainMenu/MainMenu.uexp" 1034
"C:/Users/jeanc/Documents/GitHub/Felix/Multiplayer/Content/UI/Textures/UI_Elements/btn.uasset" 1035
"C:/Users/jeanc/Documents/GitHub/Felix/Multiplayer/Content/UI/Textures/UI_Elements/btn.uexp" 1036
"C:/Users/jeanc/Documents/GitHub/Felix/Multiplayer/Content/UI/MainMenu/HostMenu.uasset" 1037
"C:/Users/jeanc/Documents/GitHub/Felix/Multiplayer/Content/UI/MainMenu/HostMenu.uexp" 1038
"C:/Users/jeanc/Documents/GitHub/Felix/Multiplayer/Content/Blueprints/AllLevels/GameInfoInstance.uasset" 1039
"C:/Users/jeanc/Documents/GitHub/Felix/Multiplayer/Content/Blueprints/AllLevels/GameInfoInstance.uexp" 1040
"C:/Users/jeanc/Documents/GitHub/Felix/Multiplayer/Content/UI/InGame/WBP_PlayerStatus.uasset" 1041
"C:/Users/jeanc/Documents/GitHub/Felix/Multiplayer/Content/UI/InGame/WBP_PlayerStatus.uexp" 1042
"C:/Users/jeanc/Documents/GitHub/Felix/Multiplayer/Content/UI/InGame/WBP_CharacterStatus.uasset" 1043
"C:/Users/jeanc/Documents/GitHub/Felix/Multiplayer/Content/UI/InGame/WBP_CharacterStatus.uexp" 1044
"C:/Users/jeanc/Documents/GitHub/Felix/Multiplayer/Content/UI/InGame/WBP_TeamStatus.uasset" 1045
"C:/Users/jeanc/Documents/GitHub/Felix/Multiplayer/Content/UI/InGame/WBP_TeamStatus.uexp" 1046
"C:/Users/jeanc/Documents/GitHub/Felix/Multiplayer/Content/UI/InGame/WBP_ActiveCharacterInfo.uasset" 1047
"C:/Users/jeanc/Documents/GitHub/Felix/Multiplayer/Content/UI/InGame/WBP_ActiveCharacterInfo.uexp" 1048
"C:/Users/jeanc/Documents/GitHub/Felix/Multiplayer/Content/UI/InGame/WBP_TurnTimer.uasset" 1049
"C:/Users/jeanc/Documents/GitHub/Felix/Multiplayer/Content/UI/InGame/WBP_TurnTimer.uexp" 1050
"C:/Users/jeanc/Documents/GitHub/Felix/Multiplayer/Content/UI/InGame/WBP_MainHUD.uasset" 1051
"C:/Users/jeanc/Documents/GitHub/Felix/Multiplayer/Content/UI/InGame/WBP_MainHUD.uexp" 1052
"C:/Users/jeanc/Documents/GitHub/Felix/Multiplayer/Content/UI/AllLevels/ChatText.uasset" 1053
"C:/Users/jeanc/Documents/GitHub/Felix/Multiplayer/Content/UI/AllLevels/ChatText.uexp" 1054
"C:/Users/jeanc/Documents/GitHub/Felix/Multiplayer/Content/UI/Textures/Thumbs/crowIconCharacter.uasset" 1055
"C:/Users/jeanc/Documents/GitHub/Felix/Multiplayer/Content/UI/Textures/Thumbs/crowIconCharacter.uexp" 1056
"C:/Users/jeanc/Documents/GitHub/Felix/Multiplayer/Content/UI/Textures/Thumbs/foxIconCharacter.uasset" 1057
"C:/Users/jeanc/Documents/GitHub/Felix/Multiplayer/Content/UI/Textures/Thumbs/foxIconCharacter.uexp" 1058
"C:/Users/jeanc/Documents/GitHub/Felix/Multiplayer/Content/UI/Textures/Thumbs/pigIconCharacter.uasset" 1059
"C:/Users/jeanc/Documents/GitHub/Felix/Multiplayer/Content/UI/Textures/Thumbs/pigIconCharacter.uexp" 1060
"C:/Users/jeanc/Documents/GitHub/Felix/Multiplayer/Content/UI/Textures/UI_Elements/istockphoto-478621957-612x612.uasset" 1061
"C:/Users/jeanc/Documents/GitHub/Felix/Multiplayer/Content/UI/Textures/UI_Elements/istockphoto-478621957-612x612.uexp" 1062
"C:/Users/jeanc/Documents/GitHub/Felix/Multiplayer/Content/UI/Textures/Thumbs/wolfIconCharacter.uasset" 1063
"C:/Users/jeanc/Documents/GitHub/Felix/Multiplayer/Content/UI/Textures/Thumbs/wolfIconCharacter.uexp" 1064
"C:/Users/jeanc/Documents/GitHub/Felix/Multiplayer/Content/UI/Lobby/CharacterSelect.uasset" 1065
"C:/Users/jeanc/Documents/GitHub/Felix/Multiplayer/Content/UI/Lobby/CharacterSelect.uexp" 1066
"C:/Users/jeanc/Documents/GitHub/Felix/Multiplayer/Content/UI/Lobby/BP_UVoxelSettingsWidget.uasset" 1067
"C:/Users/jeanc/Documents/GitHub/Felix/Multiplayer/Content/UI/Lobby/BP_UVoxelSettingsWidget.uexp" 1068
"C:/Users/jeanc/Documents/GitHub/Felix/Multiplayer/Content/UI/Textures/UI_Elements/button_rectangle_depth_gloss.uasset" 1069
"C:/Users/jeanc/Documents/GitHub/Felix/Multiplayer/Content/UI/Textures/UI_Elements/button_rectangle_depth_gloss.uexp" 1070
"C:/Users/jeanc/Documents/GitHub/Felix/Multiplayer/Content/Blueprints/IA_Jump2.uasset" 1071
"C:/Users/jeanc/Documents/GitHub/Felix/Multiplayer/Content/Blueprints/IA_Jump2.uexp" 1072
"C:/Users/jeanc/Documents/GitHub/Felix/Multiplayer/Content/Blueprints/IA_ToggleWeaponWheel.uasset" 1073
"C:/Users/jeanc/Documents/GitHub/Felix/Multiplayer/Content/Blueprints/IA_ToggleWeaponWheel.uexp" 1074
"C:/Users/jeanc/Documents/GitHub/Felix/Multiplayer/Content/Blueprints/IA_PrevWeapon2.uasset" 1075
"C:/Users/jeanc/Documents/GitHub/Felix/Multiplayer/Content/Blueprints/IA_PrevWeapon2.uexp" 1076
"C:/Users/jeanc/Documents/GitHub/Felix/Multiplayer/Content/AnimalVarietyPack/Pig/Meshes/SK_Pig_Skeleton.uasset" 1077
"C:/Users/jeanc/Documents/GitHub/Felix/Multiplayer/Content/AnimalVarietyPack/Pig/Meshes/SK_Pig_Skeleton.uexp" 1078
"C:/Users/jeanc/Documents/GitHub/Felix/Multiplayer/Content/AnimalVarietyPack/Pig/Animations/ANIM_Pig_IdleLookAround.uasset" 1079
"C:/Users/jeanc/Documents/GitHub/Felix/Multiplayer/Content/AnimalVarietyPack/Pig/Animations/ANIM_Pig_IdleLookAround.uexp" 1080
"C:/Users/jeanc/Documents/GitHub/Felix/Multiplayer/Content/AnimalVarietyPack/Pig/Animations/ANIM_Pig_Run.uasset" 1081
"C:/Users/jeanc/Documents/GitHub/Felix/Multiplayer/Content/AnimalVarietyPack/Pig/Animations/ANIM_Pig_Run.uexp" 1082
"C:/Users/jeanc/Documents/GitHub/Felix/Multiplayer/Content/AnimalVarietyPack/Pig/Animations/ANIM_Pig_Walk.uasset" 1083
"C:/Users/jeanc/Documents/GitHub/Felix/Multiplayer/Content/AnimalVarietyPack/Pig/Animations/ANIM_Pig_Walk.uexp" 1084
"C:/Users/jeanc/Documents/GitHub/Felix/Multiplayer/Content/AnimalVarietyPack/Pig/Animations/PigBlendSpace1D.uasset" 1085
"C:/Users/jeanc/Documents/GitHub/Felix/Multiplayer/Content/AnimalVarietyPack/Pig/Animations/PigBlendSpace1D.uexp" 1086
"C:/Users/jeanc/Documents/GitHub/Felix/Multiplayer/Content/Mannequin/Animations/ThirdPerson_Jump.uasset" 1087
"C:/Users/jeanc/Documents/GitHub/Felix/Multiplayer/Content/Mannequin/Animations/ThirdPerson_Jump.uexp" 1088
"C:/Users/jeanc/Documents/GitHub/Felix/Multiplayer/Content/Mannequin/Animations/ThirdPersonJump_Start.uasset" 1089
"C:/Users/jeanc/Documents/GitHub/Felix/Multiplayer/Content/Mannequin/Animations/ThirdPersonJump_Start.uexp" 1090
"C:/Users/jeanc/Documents/GitHub/Felix/Multiplayer/Content/Mannequin/Animations/ThirdPersonJump_Loop.uasset" 1091
"C:/Users/jeanc/Documents/GitHub/Felix/Multiplayer/Content/Mannequin/Animations/ThirdPersonJump_Loop.uexp" 1092
"C:/Users/jeanc/Documents/GitHub/Felix/Multiplayer/Content/AnimalVarietyPack/Pig/Animations/BP_AnimationPig.uasset" 1093
"C:/Users/jeanc/Documents/GitHub/Felix/Multiplayer/Content/AnimalVarietyPack/Pig/Animations/BP_AnimationPig.uexp" 1094
"C:/Users/jeanc/Documents/GitHub/Felix/Multiplayer/Content/Blueprints/IA_Move2.uasset" 1095
"C:/Users/jeanc/Documents/GitHub/Felix/Multiplayer/Content/Blueprints/IA_Move2.uexp" 1096
"C:/Users/jeanc/Documents/GitHub/Felix/Multiplayer/Content/Blueprints/IA_PowerUp.uasset" 1097
"C:/Users/jeanc/Documents/GitHub/Felix/Multiplayer/Content/Blueprints/IA_PowerUp.uexp" 1098
"C:/Users/jeanc/Documents/GitHub/Felix/Multiplayer/Content/Blueprints/IA_Fire2.uasset" 1099
"C:/Users/jeanc/Documents/GitHub/Felix/Multiplayer/Content/Blueprints/IA_Fire2.uexp" 1100
"C:/Users/jeanc/Documents/GitHub/Felix/Multiplayer/Content/Blueprints/IA_EndTurn.uasset" 1101
"C:/Users/jeanc/Documents/GitHub/Felix/Multiplayer/Content/Blueprints/IA_EndTurn.uexp" 1102
"C:/Users/jeanc/Documents/GitHub/Felix/Multiplayer/Content/Blueprints/IA_Aim.uasset" 1103
"C:/Users/jeanc/Documents/GitHub/Felix/Multiplayer/Content/Blueprints/IA_Aim.uexp" 1104
"C:/Users/jeanc/Documents/GitHub/Felix/Multiplayer/Content/Blueprints/IA_SwitchChara.uasset" 1105
"C:/Users/jeanc/Documents/GitHub/Felix/Multiplayer/Content/Blueprints/IA_SwitchChara.uexp" 1106
"C:/Users/jeanc/Documents/GitHub/Felix/Multiplayer/Content/Blueprints/IA_AbortMissle.uasset" 1107
"C:/Users/jeanc/Documents/GitHub/Felix/Multiplayer/Content/Blueprints/IA_AbortMissle.uexp" 1108
"C:/Users/jeanc/Documents/GitHub/Felix/Multiplayer/Content/Blueprints/IA_NextWeapon2.uasset" 1109
"C:/Users/jeanc/Documents/GitHub/Felix/Multiplayer/Content/Blueprints/IA_NextWeapon2.uexp" 1110
"C:/Users/jeanc/Documents/GitHub/Felix/Multiplayer/Content/Blueprints/IA_Switchcam.uasset" 1111
"C:/Users/jeanc/Documents/GitHub/Felix/Multiplayer/Content/Blueprints/IA_Switchcam.uexp" 1112
"C:/Users/jeanc/Documents/GitHub/Felix/Multiplayer/Content/Blueprints/IA_Zoom.uasset" 1113
"C:/Users/jeanc/Documents/GitHub/Felix/Multiplayer/Content/Blueprints/IA_Zoom.uexp" 1114
"C:/Users/jeanc/Documents/GitHub/Felix/Multiplayer/Content/Blueprints/IA_PowerDown.uasset" 1115
"C:/Users/jeanc/Documents/GitHub/Felix/Multiplayer/Content/Blueprints/IA_PowerDown.uexp" 1116
"C:/Users/jeanc/Documents/GitHub/Felix/Multiplayer/Content/Blueprints/IA_Look.uasset" 1117
"C:/Users/jeanc/Documents/GitHub/Felix/Multiplayer/Content/Blueprints/IA_Look.uexp" 1118
"C:/Users/jeanc/Documents/GitHub/Felix/Multiplayer/Content/Blueprints/IMC_WormCharacter.uasset" 1119
"C:/Users/jeanc/Documents/GitHub/Felix/Multiplayer/Content/Blueprints/IMC_WormCharacter.uexp" 1120
"../../../Engine/Content/EditorResources/Waypoint.ubulk" 1121
"../../../Engine/Content/EditorResources/Waypoint.uasset" 1122
"../../../Engine/Content/EditorResources/Waypoint.uexp" 1123
"../../../Engine/Content/EngineResources/AICON-Green.uasset" 1124
"../../../Engine/Content/EngineResources/AICON-Green.uexp" 1125
"../../../Engine/Content/Tutorial/Mobile/TutorialAssets/android_Icon.uasset" 1126
"../../../Engine/Content/Tutorial/Mobile/TutorialAssets/android_Icon.uexp" 1127
"../../../Engine/Content/MobileResources/HUD/AnalogHat.uasset" 1128
"../../../Engine/Content/MobileResources/HUD/AnalogHat.uexp" 1129
"../../../Engine/Content/EditorResources/Ai_Spawnpoint.ubulk" 1130
"../../../Engine/Content/EditorResources/Ai_Spawnpoint.uasset" 1131
"../../../Engine/Content/EditorResources/Ai_Spawnpoint.uexp" 1132
"../../../Engine/Content/EngineResources/AICON-Red.uasset" 1133
"../../../Engine/Content/EngineResources/AICON-Red.uexp" 1134
"C:/Users/jeanc/Documents/GitHub/Felix/Multiplayer/Content/UI/InGame/WeaponWheel/DT_WeaponData.uasset" 1135
"C:/Users/jeanc/Documents/GitHub/Felix/Multiplayer/Content/UI/InGame/WeaponWheel/DT_WeaponData.uexp" 1136
"C:/Users/jeanc/Documents/GitHub/Felix/Multiplayer/Content/UI/InGame/BP_NameIndicator.uasset" 1137
"C:/Users/jeanc/Documents/GitHub/Felix/Multiplayer/Content/UI/InGame/BP_NameIndicator.uexp" 1138
"C:/Users/jeanc/Documents/GitHub/Felix/Multiplayer/Content/UI/Textures/UI_Elements/5979266.ubulk" 1139
"C:/Users/jeanc/Documents/GitHub/Felix/Multiplayer/Content/UI/Textures/UI_Elements/5979266.uasset" 1140
"C:/Users/jeanc/Documents/GitHub/Felix/Multiplayer/Content/UI/Textures/UI_Elements/5979266.uexp" 1141
"C:/Users/jeanc/Documents/GitHub/Felix/Multiplayer/Content/UI/InGame/WBP_AimingCrosshair.uasset" 1142
"C:/Users/jeanc/Documents/GitHub/Felix/Multiplayer/Content/UI/InGame/WBP_AimingCrosshair.uexp" 1143
"C:/Users/jeanc/Documents/GitHub/Felix/Multiplayer/Content/UI/InGame/WeaponWheel/WBP_WeaponButton.uasset" 1144
"C:/Users/jeanc/Documents/GitHub/Felix/Multiplayer/Content/UI/InGame/WeaponWheel/WBP_WeaponButton.uexp" 1145
"C:/Users/jeanc/Documents/GitHub/Felix/Multiplayer/Content/UI/InGame/WeaponWheel/WBP_WeaponWheel.uasset" 1146
"C:/Users/jeanc/Documents/GitHub/Felix/Multiplayer/Content/UI/InGame/WeaponWheel/WBP_WeaponWheel.uexp" 1147
"C:/Users/jeanc/Documents/GitHub/Felix/Multiplayer/Content/AnimalVarietyPack/Pig/Textures/T_Pig_Specular.uasset" 1148
"C:/Users/jeanc/Documents/GitHub/Felix/Multiplayer/Content/AnimalVarietyPack/Pig/Textures/T_Pig_Specular.uexp" 1149
"C:/Users/jeanc/Documents/GitHub/Felix/Multiplayer/Content/AnimalVarietyPack/Pig/Textures/T_Pig_BaseColor.ubulk" 1150
"C:/Users/jeanc/Documents/GitHub/Felix/Multiplayer/Content/AnimalVarietyPack/Pig/Textures/T_Pig_BaseColor.uasset" 1151
"C:/Users/jeanc/Documents/GitHub/Felix/Multiplayer/Content/AnimalVarietyPack/Pig/Textures/T_Pig_BaseColor.uexp" 1152
"C:/Users/jeanc/Documents/GitHub/Felix/Multiplayer/Content/AnimalVarietyPack/Pig/Textures/T_Pig_OcclusionRoughnessMetallic.ubulk" 1153
"C:/Users/jeanc/Documents/GitHub/Felix/Multiplayer/Content/AnimalVarietyPack/Pig/Textures/T_Pig_OcclusionRoughnessMetallic.uasset" 1154
"C:/Users/jeanc/Documents/GitHub/Felix/Multiplayer/Content/AnimalVarietyPack/Pig/Textures/T_Pig_OcclusionRoughnessMetallic.uexp" 1155
"C:/Users/jeanc/Documents/GitHub/Felix/Multiplayer/Content/AnimalVarietyPack/Pig/Textures/T_Pig_Nml.ubulk" 1156
"C:/Users/jeanc/Documents/GitHub/Felix/Multiplayer/Content/AnimalVarietyPack/Pig/Textures/T_Pig_Nml.uasset" 1157
"C:/Users/jeanc/Documents/GitHub/Felix/Multiplayer/Content/AnimalVarietyPack/Pig/Textures/T_Pig_Nml.uexp" 1158
"C:/Users/jeanc/Documents/GitHub/Felix/Multiplayer/Content/AnimalVarietyPack/Pig/Materials/M_PigHair.uasset" 1159
"C:/Users/jeanc/Documents/GitHub/Felix/Multiplayer/Content/AnimalVarietyPack/Pig/Materials/M_PigHair.uexp" 1160
"C:/Users/jeanc/Documents/GitHub/Felix/Multiplayer/Content/AnimalVarietyPack/Pig/Meshes/SK_Pig_PhysicsAsset.uasset" 1161
"C:/Users/jeanc/Documents/GitHub/Felix/Multiplayer/Content/AnimalVarietyPack/Pig/Meshes/SK_Pig_PhysicsAsset.uexp" 1162
"C:/Users/jeanc/Documents/GitHub/Felix/Multiplayer/Content/AnimalVarietyPack/Pig/Materials/M_Pig.uasset" 1163
"C:/Users/jeanc/Documents/GitHub/Felix/Multiplayer/Content/AnimalVarietyPack/Pig/Materials/M_Pig.uexp" 1164
"C:/Users/jeanc/Documents/GitHub/Felix/Multiplayer/Content/AnimalVarietyPack/Pig/Meshes/SK_Pig.uasset" 1165
"C:/Users/jeanc/Documents/GitHub/Felix/Multiplayer/Content/AnimalVarietyPack/Pig/Meshes/SK_Pig.uexp" 1166
"C:/Users/jeanc/Documents/GitHub/Felix/Multiplayer/Content/Blueprints/Characters/BP_Guy.uasset" 1167
"C:/Users/jeanc/Documents/GitHub/Felix/Multiplayer/Content/Blueprints/Characters/BP_Guy.uexp" 1168
"C:/Users/jeanc/Documents/GitHub/Felix/Multiplayer/Content/AnimalVarietyPack/Fox/Meshes/SK_Fox_Skeleton.uasset" 1169
"C:/Users/jeanc/Documents/GitHub/Felix/Multiplayer/Content/AnimalVarietyPack/Fox/Meshes/SK_Fox_Skeleton.uexp" 1170
"C:/Users/jeanc/Documents/GitHub/Felix/Multiplayer/Content/AnimalVarietyPack/Fox/Animations/ANIM_Fox_IdleLookAround.uasset" 1171
"C:/Users/jeanc/Documents/GitHub/Felix/Multiplayer/Content/AnimalVarietyPack/Fox/Animations/ANIM_Fox_IdleLookAround.uexp" 1172
"C:/Users/jeanc/Documents/GitHub/Felix/Multiplayer/Content/AnimalVarietyPack/Fox/Animations/ANIM_Fox_Walk.uasset" 1173
"C:/Users/jeanc/Documents/GitHub/Felix/Multiplayer/Content/AnimalVarietyPack/Fox/Animations/ANIM_Fox_Walk.uexp" 1174
"C:/Users/jeanc/Documents/GitHub/Felix/Multiplayer/Content/AnimalVarietyPack/Fox/Animations/ANIM_Fox_Run.uasset" 1175
"C:/Users/jeanc/Documents/GitHub/Felix/Multiplayer/Content/AnimalVarietyPack/Fox/Animations/ANIM_Fox_Run.uexp" 1176
"C:/Users/jeanc/Documents/GitHub/Felix/Multiplayer/Content/AnimalVarietyPack/Fox/Animations/Fox_idleRun_2D.uasset" 1177
"C:/Users/jeanc/Documents/GitHub/Felix/Multiplayer/Content/AnimalVarietyPack/Fox/Animations/Fox_idleRun_2D.uexp" 1178
"C:/Users/jeanc/Documents/GitHub/Felix/Multiplayer/Content/AnimalVarietyPack/Fox/Animations/ANIM_Fox_IdleBreathe.uasset" 1179
"C:/Users/jeanc/Documents/GitHub/Felix/Multiplayer/Content/AnimalVarietyPack/Fox/Animations/ANIM_Fox_IdleBreathe.uexp" 1180
"C:/Users/jeanc/Documents/GitHub/Felix/Multiplayer/Content/AnimalVarietyPack/Fox/Animations/ANIM_Fox_IdleAggressive.uasset" 1181
"C:/Users/jeanc/Documents/GitHub/Felix/Multiplayer/Content/AnimalVarietyPack/Fox/Animations/ANIM_Fox_IdleAggressive.uexp" 1182
"C:/Users/jeanc/Documents/GitHub/Felix/Multiplayer/Content/AnimalVarietyPack/Fox/Animations/BP_foxAnim.uasset" 1183
"C:/Users/jeanc/Documents/GitHub/Felix/Multiplayer/Content/AnimalVarietyPack/Fox/Animations/BP_foxAnim.uexp" 1184
"C:/Users/jeanc/Documents/GitHub/Felix/Multiplayer/Content/AnimalVarietyPack/Fox/Meshes/SK_Fox_PhysicsAsset.uasset" 1185
"C:/Users/jeanc/Documents/GitHub/Felix/Multiplayer/Content/AnimalVarietyPack/Fox/Meshes/SK_Fox_PhysicsAsset.uexp" 1186
"C:/Users/jeanc/Documents/GitHub/Felix/Multiplayer/Content/AnimalVarietyPack/Fox/Textures/T_Fox_Nml.ubulk" 1187
"C:/Users/jeanc/Documents/GitHub/Felix/Multiplayer/Content/AnimalVarietyPack/Fox/Textures/T_Fox_Nml.uasset" 1188
"C:/Users/jeanc/Documents/GitHub/Felix/Multiplayer/Content/AnimalVarietyPack/Fox/Textures/T_Fox_Nml.uexp" 1189
"C:/Users/jeanc/Documents/GitHub/Felix/Multiplayer/Content/AnimalVarietyPack/Fox/Textures/T_Fox_BaseColor.ubulk" 1190
"C:/Users/jeanc/Documents/GitHub/Felix/Multiplayer/Content/AnimalVarietyPack/Fox/Textures/T_Fox_BaseColor.uasset" 1191
"C:/Users/jeanc/Documents/GitHub/Felix/Multiplayer/Content/AnimalVarietyPack/Fox/Textures/T_Fox_BaseColor.uexp" 1192
"C:/Users/jeanc/Documents/GitHub/Felix/Multiplayer/Content/AnimalVarietyPack/Fox/Textures/T_Fox_OcclusionRoughnessMetallic.ubulk" 1193
"C:/Users/jeanc/Documents/GitHub/Felix/Multiplayer/Content/AnimalVarietyPack/Fox/Textures/T_Fox_OcclusionRoughnessMetallic.uasset" 1194
"C:/Users/jeanc/Documents/GitHub/Felix/Multiplayer/Content/AnimalVarietyPack/Fox/Textures/T_Fox_OcclusionRoughnessMetallic.uexp" 1195
"C:/Users/jeanc/Documents/GitHub/Felix/Multiplayer/Content/AnimalVarietyPack/Fox/Textures/T_Fox_Specular.uasset" 1196
"C:/Users/jeanc/Documents/GitHub/Felix/Multiplayer/Content/AnimalVarietyPack/Fox/Textures/T_Fox_Specular.uexp" 1197
"C:/Users/jeanc/Documents/GitHub/Felix/Multiplayer/Content/AnimalVarietyPack/Fox/Materials/M_Fox.uasset" 1198
"C:/Users/jeanc/Documents/GitHub/Felix/Multiplayer/Content/AnimalVarietyPack/Fox/Materials/M_Fox.uexp" 1199
"C:/Users/jeanc/Documents/GitHub/Felix/Multiplayer/Content/AnimalVarietyPack/Fox/Materials/M_FoxFur.uasset" 1200
"C:/Users/jeanc/Documents/GitHub/Felix/Multiplayer/Content/AnimalVarietyPack/Fox/Materials/M_FoxFur.uexp" 1201
"C:/Users/jeanc/Documents/GitHub/Felix/Multiplayer/Content/AnimalVarietyPack/Fox/Meshes/SK_Fox.uasset" 1202
"C:/Users/jeanc/Documents/GitHub/Felix/Multiplayer/Content/AnimalVarietyPack/Fox/Meshes/SK_Fox.uexp" 1203
"C:/Users/jeanc/Documents/GitHub/Felix/Multiplayer/Content/Blueprints/Characters/BP_Laura.uasset" 1204
"C:/Users/jeanc/Documents/GitHub/Felix/Multiplayer/Content/Blueprints/Characters/BP_Laura.uexp" 1205
"C:/Users/jeanc/Documents/GitHub/Felix/Multiplayer/Content/UI/Textures/Thumbs/map01.ubulk" 1206
"C:/Users/jeanc/Documents/GitHub/Felix/Multiplayer/Content/UI/Textures/Thumbs/map01.uasset" 1207
"C:/Users/jeanc/Documents/GitHub/Felix/Multiplayer/Content/UI/Textures/Thumbs/map01.uexp" 1208
"C:/Users/jeanc/Documents/GitHub/Felix/Multiplayer/Content/Blueprints/Characters/0_Base.uasset" 1209
"C:/Users/jeanc/Documents/GitHub/Felix/Multiplayer/Content/Blueprints/Characters/0_Base.uexp" 1210
"C:/Users/jeanc/Documents/GitHub/Felix/Multiplayer/Content/AnimalVarietyPack/Wolf/Meshes/SK_Wolf_Skeleton.uasset" 1211
"C:/Users/jeanc/Documents/GitHub/Felix/Multiplayer/Content/AnimalVarietyPack/Wolf/Meshes/SK_Wolf_Skeleton.uexp" 1212
"C:/Users/jeanc/Documents/GitHub/Felix/Multiplayer/Content/AnimalVarietyPack/Wolf/Animations/ANIM_Wolf_IdleLookAround.uasset" 1213
"C:/Users/jeanc/Documents/GitHub/Felix/Multiplayer/Content/AnimalVarietyPack/Wolf/Animations/ANIM_Wolf_IdleLookAround.uexp" 1214
"C:/Users/jeanc/Documents/GitHub/Felix/Multiplayer/Content/AnimalVarietyPack/Wolf/Animations/ANIM_Wolf_Run.uasset" 1215
"C:/Users/jeanc/Documents/GitHub/Felix/Multiplayer/Content/AnimalVarietyPack/Wolf/Animations/ANIM_Wolf_Run.uexp" 1216
"C:/Users/jeanc/Documents/GitHub/Felix/Multiplayer/Content/AnimalVarietyPack/Wolf/Animations/ANIM_Wolf_RunBite.uasset" 1217
"C:/Users/jeanc/Documents/GitHub/Felix/Multiplayer/Content/AnimalVarietyPack/Wolf/Animations/ANIM_Wolf_RunBite.uexp" 1218
"C:/Users/jeanc/Documents/GitHub/Felix/Multiplayer/Content/AnimalVarietyPack/Wolf/Animations/ANIM_Wolf_Walk.uasset" 1219
"C:/Users/jeanc/Documents/GitHub/Felix/Multiplayer/Content/AnimalVarietyPack/Wolf/Animations/ANIM_Wolf_Walk.uexp" 1220
"C:/Users/jeanc/Documents/GitHub/Felix/Multiplayer/Content/AnimalVarietyPack/Wolf/Animations/2D_BlendSpaceWolf.uasset" 1221
"C:/Users/jeanc/Documents/GitHub/Felix/Multiplayer/Content/AnimalVarietyPack/Wolf/Animations/2D_BlendSpaceWolf.uexp" 1222
"C:/Users/jeanc/Documents/GitHub/Felix/Multiplayer/Content/AnimalVarietyPack/Wolf/Animations/ANIM_Wolf_IdleAggressive.uasset" 1223
"C:/Users/jeanc/Documents/GitHub/Felix/Multiplayer/Content/AnimalVarietyPack/Wolf/Animations/ANIM_Wolf_IdleAggressive.uexp" 1224
"C:/Users/jeanc/Documents/GitHub/Felix/Multiplayer/Content/AnimalVarietyPack/Wolf/Animations/ANIM_Wolf_IdleBreathe.uasset" 1225
"C:/Users/jeanc/Documents/GitHub/Felix/Multiplayer/Content/AnimalVarietyPack/Wolf/Animations/ANIM_Wolf_IdleBreathe.uexp" 1226
"C:/Users/jeanc/Documents/GitHub/Felix/Multiplayer/Content/AnimalVarietyPack/Wolf/Animations/BP_AnimationWolf.uasset" 1227
"C:/Users/jeanc/Documents/GitHub/Felix/Multiplayer/Content/AnimalVarietyPack/Wolf/Animations/BP_AnimationWolf.uexp" 1228
"C:/Users/jeanc/Documents/GitHub/Felix/Multiplayer/Content/AnimalVarietyPack/Wolf/Textures/T_Wolf_Nml.ubulk" 1229
"C:/Users/jeanc/Documents/GitHub/Felix/Multiplayer/Content/AnimalVarietyPack/Wolf/Textures/T_Wolf_Nml.uasset" 1230
"C:/Users/jeanc/Documents/GitHub/Felix/Multiplayer/Content/AnimalVarietyPack/Wolf/Textures/T_Wolf_Nml.uexp" 1231
"C:/Users/jeanc/Documents/GitHub/Felix/Multiplayer/Content/AnimalVarietyPack/Wolf/Textures/T_Wolf_BaseColorAlpha.ubulk" 1232
"C:/Users/jeanc/Documents/GitHub/Felix/Multiplayer/Content/AnimalVarietyPack/Wolf/Textures/T_Wolf_BaseColorAlpha.uasset" 1233
"C:/Users/jeanc/Documents/GitHub/Felix/Multiplayer/Content/AnimalVarietyPack/Wolf/Textures/T_Wolf_BaseColorAlpha.uexp" 1234
"C:/Users/jeanc/Documents/GitHub/Felix/Multiplayer/Content/AnimalVarietyPack/Wolf/Textures/T_Wolf_Specular.uasset" 1235
"C:/Users/jeanc/Documents/GitHub/Felix/Multiplayer/Content/AnimalVarietyPack/Wolf/Textures/T_Wolf_Specular.uexp" 1236
"C:/Users/jeanc/Documents/GitHub/Felix/Multiplayer/Content/AnimalVarietyPack/Wolf/Textures/T_Wolf_OcclusionRoughnessMetallic.ubulk" 1237
"C:/Users/jeanc/Documents/GitHub/Felix/Multiplayer/Content/AnimalVarietyPack/Wolf/Textures/T_Wolf_OcclusionRoughnessMetallic.uasset" 1238
"C:/Users/jeanc/Documents/GitHub/Felix/Multiplayer/Content/AnimalVarietyPack/Wolf/Textures/T_Wolf_OcclusionRoughnessMetallic.uexp" 1239
"C:/Users/jeanc/Documents/GitHub/Felix/Multiplayer/Content/AnimalVarietyPack/Wolf/Materials/M_Wolf.uasset" 1240
"C:/Users/jeanc/Documents/GitHub/Felix/Multiplayer/Content/AnimalVarietyPack/Wolf/Materials/M_Wolf.uexp" 1241
"C:/Users/jeanc/Documents/GitHub/Felix/Multiplayer/Content/AnimalVarietyPack/Wolf/Meshes/SK_Wolf_PhysicsAsset.uasset" 1242
"C:/Users/jeanc/Documents/GitHub/Felix/Multiplayer/Content/AnimalVarietyPack/Wolf/Meshes/SK_Wolf_PhysicsAsset.uexp" 1243
"C:/Users/jeanc/Documents/GitHub/Felix/Multiplayer/Content/AnimalVarietyPack/Wolf/Materials/M_WolfFur.uasset" 1244
"C:/Users/jeanc/Documents/GitHub/Felix/Multiplayer/Content/AnimalVarietyPack/Wolf/Materials/M_WolfFur.uexp" 1245
"C:/Users/jeanc/Documents/GitHub/Felix/Multiplayer/Content/AnimalVarietyPack/Wolf/Meshes/SK_Wolf.uasset" 1246
"C:/Users/jeanc/Documents/GitHub/Felix/Multiplayer/Content/AnimalVarietyPack/Wolf/Meshes/SK_Wolf.uexp" 1247
"C:/Users/jeanc/Documents/GitHub/Felix/Multiplayer/Content/Blueprints/Characters/BP_David.uasset" 1248
"C:/Users/jeanc/Documents/GitHub/Felix/Multiplayer/Content/Blueprints/Characters/BP_David.uexp" 1249
"C:/Users/jeanc/Documents/GitHub/Felix/Multiplayer/Content/AnimalVarietyPack/Crow/Meshes/SK_Crow_PhysicsAsset.uasset" 1250
"C:/Users/jeanc/Documents/GitHub/Felix/Multiplayer/Content/AnimalVarietyPack/Crow/Meshes/SK_Crow_PhysicsAsset.uexp" 1251
"C:/Users/jeanc/Documents/GitHub/Felix/Multiplayer/Content/AnimalVarietyPack/Crow/Meshes/SK_Crow_Skeleton.uasset" 1252
"C:/Users/jeanc/Documents/GitHub/Felix/Multiplayer/Content/AnimalVarietyPack/Crow/Meshes/SK_Crow_Skeleton.uexp" 1253
"C:/Users/jeanc/Documents/GitHub/Felix/Multiplayer/Content/AnimalVarietyPack/Crow/Textures/T_Crow_BaseColor.ubulk" 1254
"C:/Users/jeanc/Documents/GitHub/Felix/Multiplayer/Content/AnimalVarietyPack/Crow/Textures/T_Crow_BaseColor.uasset" 1255
"C:/Users/jeanc/Documents/GitHub/Felix/Multiplayer/Content/AnimalVarietyPack/Crow/Textures/T_Crow_BaseColor.uexp" 1256
"C:/Users/jeanc/Documents/GitHub/Felix/Multiplayer/Content/AnimalVarietyPack/Crow/Textures/T_Crow_OcclusionRoughnessMetallic.ubulk" 1257
"C:/Users/jeanc/Documents/GitHub/Felix/Multiplayer/Content/AnimalVarietyPack/Crow/Textures/T_Crow_OcclusionRoughnessMetallic.uasset" 1258
"C:/Users/jeanc/Documents/GitHub/Felix/Multiplayer/Content/AnimalVarietyPack/Crow/Textures/T_Crow_OcclusionRoughnessMetallic.uexp" 1259
"C:/Users/jeanc/Documents/GitHub/Felix/Multiplayer/Content/AnimalVarietyPack/Crow/Textures/T_Crow_Specular.uasset" 1260
"C:/Users/jeanc/Documents/GitHub/Felix/Multiplayer/Content/AnimalVarietyPack/Crow/Textures/T_Crow_Specular.uexp" 1261
"C:/Users/jeanc/Documents/GitHub/Felix/Multiplayer/Content/AnimalVarietyPack/Crow/Textures/T_Crow_Nml.ubulk" 1262
"C:/Users/jeanc/Documents/GitHub/Felix/Multiplayer/Content/AnimalVarietyPack/Crow/Textures/T_Crow_Nml.uasset" 1263
"C:/Users/jeanc/Documents/GitHub/Felix/Multiplayer/Content/AnimalVarietyPack/Crow/Textures/T_Crow_Nml.uexp" 1264
"C:/Users/jeanc/Documents/GitHub/Felix/Multiplayer/Content/AnimalVarietyPack/Crow/Materials/M_Crow.uasset" 1265
"C:/Users/jeanc/Documents/GitHub/Felix/Multiplayer/Content/AnimalVarietyPack/Crow/Materials/M_Crow.uexp" 1266
"C:/Users/jeanc/Documents/GitHub/Felix/Multiplayer/Content/AnimalVarietyPack/Crow/Meshes/SK_Crow.uasset" 1267
"C:/Users/jeanc/Documents/GitHub/Felix/Multiplayer/Content/AnimalVarietyPack/Crow/Meshes/SK_Crow.uexp" 1268
"C:/Users/jeanc/Documents/GitHub/Felix/Multiplayer/Content/AnimalVarietyPack/Crow/Animations/ANIM_Crow_IdleStretchWings.uasset" 1269
"C:/Users/jeanc/Documents/GitHub/Felix/Multiplayer/Content/AnimalVarietyPack/Crow/Animations/ANIM_Crow_IdleStretchWings.uexp" 1270
"C:/Users/jeanc/Documents/GitHub/Felix/Multiplayer/Content/AnimalVarietyPack/Crow/Animations/ANIM_Crow_IdleLookAround.uasset" 1271
"C:/Users/jeanc/Documents/GitHub/Felix/Multiplayer/Content/AnimalVarietyPack/Crow/Animations/ANIM_Crow_IdleLookAround.uexp" 1272
"C:/Users/jeanc/Documents/GitHub/Felix/Multiplayer/Content/AnimalVarietyPack/Crow/Animations/ANIM_Crow_Walk.uasset" 1273
"C:/Users/jeanc/Documents/GitHub/Felix/Multiplayer/Content/AnimalVarietyPack/Crow/Animations/ANIM_Crow_Walk.uexp" 1274
"C:/Users/jeanc/Documents/GitHub/Felix/Multiplayer/Content/AnimalVarietyPack/Crow/Animations/ANIM_Crow_Hop.uasset" 1275
"C:/Users/jeanc/Documents/GitHub/Felix/Multiplayer/Content/AnimalVarietyPack/Crow/Animations/ANIM_Crow_Hop.uexp" 1276
"C:/Users/jeanc/Documents/GitHub/Felix/Multiplayer/Content/AnimalVarietyPack/Crow/Animations/2D_BlendSpaceCrow.uasset" 1277
"C:/Users/jeanc/Documents/GitHub/Felix/Multiplayer/Content/AnimalVarietyPack/Crow/Animations/2D_BlendSpaceCrow.uexp" 1278
"C:/Users/jeanc/Documents/GitHub/Felix/Multiplayer/Content/AnimalVarietyPack/Crow/Animations/ANIM_Crow_IdleScratchWing.uasset" 1279
"C:/Users/jeanc/Documents/GitHub/Felix/Multiplayer/Content/AnimalVarietyPack/Crow/Animations/ANIM_Crow_IdleScratchWing.uexp" 1280
"C:/Users/jeanc/Documents/GitHub/Felix/Multiplayer/Content/AnimalVarietyPack/Crow/Animations/BP_AnimationCrow.uasset" 1281
"C:/Users/jeanc/Documents/GitHub/Felix/Multiplayer/Content/AnimalVarietyPack/Crow/Animations/BP_AnimationCrow.uexp" 1282
"C:/Users/jeanc/Documents/GitHub/Felix/Multiplayer/Content/Blueprints/Characters/BP_Emily.uasset" 1283
"C:/Users/jeanc/Documents/GitHub/Felix/Multiplayer/Content/Blueprints/Characters/BP_Emily.uexp" 1284
"C:/Users/jeanc/Documents/GitHub/Felix/Multiplayer/Content/Blueprints/Lobby/Lobby_GameMode.uasset" 1285
"C:/Users/jeanc/Documents/GitHub/Felix/Multiplayer/Content/Blueprints/Lobby/Lobby_GameMode.uexp" 1286
"C:/Users/jeanc/Documents/GitHub/Felix/Multiplayer/Content/UI/Lobby/PlayerButton.uasset" 1287
"C:/Users/jeanc/Documents/GitHub/Felix/Multiplayer/Content/UI/Lobby/PlayerButton.uexp" 1288
"C:/Users/jeanc/Documents/GitHub/Felix/Multiplayer/Content/UI/Textures/UI_Elements/button_square_depth_flat_grey.ubulk" 1289
"C:/Users/jeanc/Documents/GitHub/Felix/Multiplayer/Content/UI/Textures/UI_Elements/button_square_depth_flat_grey.uasset" 1290
"C:/Users/jeanc/Documents/GitHub/Felix/Multiplayer/Content/UI/Textures/UI_Elements/button_square_depth_flat_grey.uexp" 1291
"C:/Users/jeanc/Documents/GitHub/Felix/Multiplayer/Content/UI/Textures/Thumbs/map02.ubulk" 1292
"C:/Users/jeanc/Documents/GitHub/Felix/Multiplayer/Content/UI/Textures/Thumbs/map02.uasset" 1293
"C:/Users/jeanc/Documents/GitHub/Felix/Multiplayer/Content/UI/Textures/Thumbs/map02.uexp" 1294
"C:/Users/jeanc/Documents/GitHub/Felix/Multiplayer/Content/UI/Lobby/GameSettings.uasset" 1295
"C:/Users/jeanc/Documents/GitHub/Felix/Multiplayer/Content/UI/Lobby/GameSettings.uexp" 1296
"C:/Users/jeanc/Documents/GitHub/Felix/Multiplayer/Content/UI/Lobby/ConnectedPlayer.uasset" 1297
"C:/Users/jeanc/Documents/GitHub/Felix/Multiplayer/Content/UI/Lobby/ConnectedPlayer.uexp" 1298
"C:/Users/jeanc/Documents/GitHub/Felix/Multiplayer/Content/UI/Lobby/LobbyMenu.uasset" 1299
"C:/Users/jeanc/Documents/GitHub/Felix/Multiplayer/Content/UI/Lobby/LobbyMenu.uexp" 1300
"C:/Users/jeanc/Documents/GitHub/Felix/Multiplayer/Content/Blueprints/Lobby/Lobby_PlayerController.uasset" 1301
"C:/Users/jeanc/Documents/GitHub/Felix/Multiplayer/Content/Blueprints/Lobby/Lobby_PlayerController.uexp" 1302
"C:/Users/jeanc/Documents/GitHub/Felix/Multiplayer/Content/UI/AllLevels/ChatWindow.uasset" 1303
"C:/Users/jeanc/Documents/GitHub/Felix/Multiplayer/Content/UI/AllLevels/ChatWindow.uexp" 1304
"C:/Users/jeanc/Documents/GitHub/Felix/Multiplayer/Content/UI/AllLevels/GamePlayChat.uasset" 1305
"C:/Users/jeanc/Documents/GitHub/Felix/Multiplayer/Content/UI/AllLevels/GamePlayChat.uexp" 1306
"C:/Users/jeanc/Documents/GitHub/Felix/Multiplayer/Content/Blueprints/Gameplay/BP_WormPlayerController.uasset" 1307
"C:/Users/jeanc/Documents/GitHub/Felix/Multiplayer/Content/Blueprints/Gameplay/BP_WormPlayerController.uexp" 1308
"C:/Users/jeanc/Documents/GitHub/Felix/Multiplayer/Content/UI/M_TrajectoryLine.uasset" 1309
"C:/Users/jeanc/Documents/GitHub/Felix/Multiplayer/Content/UI/M_TrajectoryLine.uexp" 1310
"../../../Engine/Plugins/Animation/ControlRig/Content/Controls/ControlRig_Arrow4_solid.ubulk" 1311
"../../../Engine/Plugins/Animation/ControlRig/Content/Controls/ControlRig_Arrow4_solid.uasset" 1312
"../../../Engine/Plugins/Animation/ControlRig/Content/Controls/ControlRig_Arrow4_solid.uexp" 1313
"C:/Users/jeanc/Documents/GitHub/Felix/Multiplayer/Content/StarterContent/Textures/T_Fire_Tiled_D.ubulk" 1314
"C:/Users/jeanc/Documents/GitHub/Felix/Multiplayer/Content/StarterContent/Textures/T_Fire_Tiled_D.uasset" 1315
"C:/Users/jeanc/Documents/GitHub/Felix/Multiplayer/Content/StarterContent/Textures/T_Fire_Tiled_D.uexp" 1316
"C:/Users/jeanc/Documents/GitHub/Felix/Multiplayer/Content/StarterContent/Textures/T_Fire_SubUV.ubulk" 1317
"C:/Users/jeanc/Documents/GitHub/Felix/Multiplayer/Content/StarterContent/Textures/T_Fire_SubUV.uasset" 1318
"C:/Users/jeanc/Documents/GitHub/Felix/Multiplayer/Content/StarterContent/Textures/T_Fire_SubUV.uexp" 1319
"C:/Users/jeanc/Documents/GitHub/Felix/Multiplayer/Content/StarterContent/Particles/Materials/M_Fire_SubUV.uasset" 1320
"C:/Users/jeanc/Documents/GitHub/Felix/Multiplayer/Content/StarterContent/Particles/Materials/M_Fire_SubUV.uexp" 1321
"C:/Users/jeanc/Documents/GitHub/Felix/Multiplayer/Content/StarterContent/Textures/T_Water_N.ubulk" 1322
"C:/Users/jeanc/Documents/GitHub/Felix/Multiplayer/Content/StarterContent/Textures/T_Water_N.uasset" 1323
"C:/Users/jeanc/Documents/GitHub/Felix/Multiplayer/Content/StarterContent/Textures/T_Water_N.uexp" 1324
"C:/Users/jeanc/Documents/GitHub/Felix/Multiplayer/Content/StarterContent/Particles/Materials/M_Heat_Distortion.uasset" 1325
"C:/Users/jeanc/Documents/GitHub/Felix/Multiplayer/Content/StarterContent/Particles/Materials/M_Heat_Distortion.uexp" 1326
"C:/Users/jeanc/Documents/GitHub/Felix/Multiplayer/Content/StarterContent/Particles/Materials/M_Radial_Gradient.uasset" 1327
"C:/Users/jeanc/Documents/GitHub/Felix/Multiplayer/Content/StarterContent/Particles/Materials/M_Radial_Gradient.uexp" 1328
"C:/Users/jeanc/Documents/GitHub/Felix/Multiplayer/Content/StarterContent/Particles/P_Fire.uasset" 1329
"C:/Users/jeanc/Documents/GitHub/Felix/Multiplayer/Content/StarterContent/Particles/P_Fire.uexp" 1330
"../../../Engine/Content/BasicShapes/Sphere.ubulk" 1331
"../../../Engine/Content/BasicShapes/Sphere.uasset" 1332
"../../../Engine/Content/BasicShapes/Sphere.uexp" 1333
"../../../Engine/Content/BasicShapes/Plane.ubulk" 1334
"../../../Engine/Content/BasicShapes/Plane.uasset" 1335
"../../../Engine/Content/BasicShapes/Plane.uexp" 1336
"../../../Engine/Content/EditorResources/FieldNodes/_Resources/EFieldForceVel.uasset" 1337
"../../../Engine/Content/EditorResources/FieldNodes/_Resources/EFieldForceVel.uexp" 1338
"../../../Engine/Content/EditorResources/FieldNodes/_Resources/EFieldActivationType.uasset" 1339
"../../../Engine/Content/EditorResources/FieldNodes/_Resources/EFieldActivationType.uexp" 1340
"../../../Engine/Content/EditorResources/FieldNodes/_Resources/M_FieldVolumePreview.uasset" 1341
"../../../Engine/Content/EditorResources/FieldNodes/_Resources/M_FieldVolumePreview.uexp" 1342
"../../../Engine/Content/EditorResources/FieldNodes/_Resources/MI_FieldVolumePreview.uasset" 1343
"../../../Engine/Content/EditorResources/FieldNodes/_Resources/MI_FieldVolumePreview.uexp" 1344
"../../../Engine/Content/EditorResources/FieldNodes/_Resources/M_FieldRadiusPreview.uasset" 1345
"../../../Engine/Content/EditorResources/FieldNodes/_Resources/M_FieldRadiusPreview.uexp" 1346
"../../../Engine/Content/EditorResources/FieldNodes/_Resources/MI_FieldRadiusPreview.uasset" 1347
"../../../Engine/Content/EditorResources/FieldNodes/_Resources/MI_FieldRadiusPreview.uexp" 1348
"../../../Engine/Content/EditorResources/FieldNodes/_Resources/SM_FieldArrow.ubulk" 1349
"../../../Engine/Content/EditorResources/FieldNodes/_Resources/SM_FieldArrow.uasset" 1350
"../../../Engine/Content/EditorResources/FieldNodes/_Resources/SM_FieldArrow.uexp" 1351
"../../../Engine/Content/EditorResources/FieldNodes/_Resources/DefaultTextMaterialOpaque.uasset" 1352
"../../../Engine/Content/EditorResources/FieldNodes/_Resources/DefaultTextMaterialOpaque.uexp" 1353
"../../../Engine/Content/EditorResources/FieldNodes/_Resources/EFieldShapeType.uasset" 1354
"../../../Engine/Content/EditorResources/FieldNodes/_Resources/EFieldShapeType.uexp" 1355
"C:/Users/jeanc/Documents/GitHub/Felix/Multiplayer/Content/FS_MasterField.uasset" 1356
"C:/Users/jeanc/Documents/GitHub/Felix/Multiplayer/Content/FS_MasterField.uexp" 1357
"C:/Users/jeanc/Documents/GitHub/Felix/Multiplayer/Content/StarterContent/Shapes/Shape_Sphere.ubulk" 1358
"C:/Users/jeanc/Documents/GitHub/Felix/Multiplayer/Content/StarterContent/Shapes/Shape_Sphere.uasset" 1359
"C:/Users/jeanc/Documents/GitHub/Felix/Multiplayer/Content/StarterContent/Shapes/Shape_Sphere.uexp" 1360
"C:/Users/jeanc/Documents/GitHub/Felix/Multiplayer/Content/Blueprints/Gameplay/BP_BaseProjectile2.uasset" 1361
"C:/Users/jeanc/Documents/GitHub/Felix/Multiplayer/Content/Blueprints/Gameplay/BP_BaseProjectile2.uexp" 1362
"C:/Users/jeanc/Documents/GitHub/Felix/Multiplayer/Content/FPS_Weapon_Bundle/Weapons/Meshes/Ka47/SK_KA47_X_Skeleton.uasset" 1363
"C:/Users/jeanc/Documents/GitHub/Felix/Multiplayer/Content/FPS_Weapon_Bundle/Weapons/Meshes/Ka47/SK_KA47_X_Skeleton.uexp" 1364
"C:/Users/jeanc/Documents/GitHub/Felix/Multiplayer/Content/Weapons_Free/Meshes/SKM_shotgun_002.uasset" 1365
"C:/Users/jeanc/Documents/GitHub/Felix/Multiplayer/Content/Weapons_Free/Meshes/SKM_shotgun_002.uexp" 1366
"../../../Engine/Plugins/Animation/ControlRig/Content/Controls/ControlRig_Sphere_1mm.ubulk" 1367
"../../../Engine/Plugins/Animation/ControlRig/Content/Controls/ControlRig_Sphere_1mm.uasset" 1368
"../../../Engine/Plugins/Animation/ControlRig/Content/Controls/ControlRig_Sphere_1mm.uexp" 1369
"C:/Users/jeanc/Documents/GitHub/Felix/Multiplayer/Content/Blueprints/Gameplay/BP_ShotgunWeapon.uasset" 1370
"C:/Users/jeanc/Documents/GitHub/Felix/Multiplayer/Content/Blueprints/Gameplay/BP_ShotgunWeapon.uexp" 1371
"C:/Users/jeanc/Documents/GitHub/Felix/Multiplayer/Content/StarterContent/Textures/T_Metal_Gold_N.ubulk" 1372
"C:/Users/jeanc/Documents/GitHub/Felix/Multiplayer/Content/StarterContent/Textures/T_Metal_Gold_N.uasset" 1373
"C:/Users/jeanc/Documents/GitHub/Felix/Multiplayer/Content/StarterContent/Textures/T_Metal_Gold_N.uexp" 1374
"C:/Users/jeanc/Documents/GitHub/Felix/Multiplayer/Content/StarterContent/Textures/T_Metal_Aluminum_D.ubulk" 1375
"C:/Users/jeanc/Documents/GitHub/Felix/Multiplayer/Content/StarterContent/Textures/T_Metal_Aluminum_D.uasset" 1376
"C:/Users/jeanc/Documents/GitHub/Felix/Multiplayer/Content/StarterContent/Textures/T_Metal_Aluminum_D.uexp" 1377
"C:/Users/jeanc/Documents/GitHub/Felix/Multiplayer/Content/StarterContent/Textures/T_MacroVariation.uasset" 1378
"C:/Users/jeanc/Documents/GitHub/Felix/Multiplayer/Content/StarterContent/Textures/T_MacroVariation.uexp" 1379
"C:/Users/jeanc/Documents/GitHub/Felix/Multiplayer/Content/StarterContent/Materials/M_Metal_Burnished_Steel.uasset" 1380
"C:/Users/jeanc/Documents/GitHub/Felix/Multiplayer/Content/StarterContent/Materials/M_Metal_Burnished_Steel.uexp" 1381
"C:/Users/jeanc/Documents/GitHub/Felix/Multiplayer/Content/Blueprints/Gameplay/BP_ShotgunWeaponClose.uasset" 1382
"C:/Users/jeanc/Documents/GitHub/Felix/Multiplayer/Content/Blueprints/Gameplay/BP_ShotgunWeaponClose.uexp" 1383
"C:/Users/jeanc/Documents/GitHub/Felix/Multiplayer/Content/UI/AllLevels/WBP_GameLoadingScreen.uasset" 1384
"C:/Users/jeanc/Documents/GitHub/Felix/Multiplayer/Content/UI/AllLevels/WBP_GameLoadingScreen.uexp" 1385
"C:/Users/jeanc/Documents/GitHub/Felix/Multiplayer/Content/Blueprints/Gameplay/BP_GameInitManagerClass.uasset" 1386
"C:/Users/jeanc/Documents/GitHub/Felix/Multiplayer/Content/Blueprints/Gameplay/BP_GameInitManagerClass.uexp" 1387
"../../../Engine/Content/Functions/Engine_MaterialFunctions02/Utility/MakeFloat2.uasset" 1388
"../../../Engine/Content/Functions/Engine_MaterialFunctions02/Utility/MakeFloat2.uexp" 1389
"../../../Engine/Content/Functions/Engine_MaterialFunctions02/ExampleContent/Textures/LowResBlurredNoise.uasset" 1390
"../../../Engine/Content/Functions/Engine_MaterialFunctions02/ExampleContent/Textures/LowResBlurredNoise.uexp" 1391
"../../../Engine/Content/Functions/Engine_MaterialFunctions01/Coordinates/WorldPosition-XY.uasset" 1392
"../../../Engine/Content/Functions/Engine_MaterialFunctions01/Coordinates/WorldPosition-XY.uexp" 1393
"../../../Engine/Content/ArtTools/RenderToTexture/Textures/127grey.uasset" 1394
"../../../Engine/Content/ArtTools/RenderToTexture/Textures/127grey.uexp" 1395
"../../../Engine/Content/EngineMaterials/RandomVectors_WithXNeighbor.uasset" 1396
"../../../Engine/Content/EngineMaterials/RandomVectors_WithXNeighbor.uexp" 1397
"../../../Engine/Content/Functions/Engine_MaterialFunctions02/Utility/DitherTemporalAA.uasset" 1398
"../../../Engine/Content/Functions/Engine_MaterialFunctions02/Utility/DitherTemporalAA.uexp" 1399
"../../../Engine/Content/Functions/Engine_MaterialFunctions03/Texturing/TextureVariation_RotateUV.uasset" 1400
"../../../Engine/Content/Functions/Engine_MaterialFunctions03/Texturing/TextureVariation_RotateUV.uexp" 1401
"../../../Engine/Content/Functions/Engine_MaterialFunctions03/Texturing/TextureVariation.uasset" 1402
"../../../Engine/Content/Functions/Engine_MaterialFunctions03/Texturing/TextureVariation.uexp" 1403
"../../../Engine/Content/Functions/Engine_MaterialFunctions02/ExampleContent/Textures/flipbook.ubulk" 1404
"../../../Engine/Content/Functions/Engine_MaterialFunctions02/ExampleContent/Textures/flipbook.uasset" 1405
"../../../Engine/Content/Functions/Engine_MaterialFunctions02/ExampleContent/Textures/flipbook.uexp" 1406
"../../../Engine/Plugins/Enterprise/DatasmithContent/Content/Materials/Water/MaterialFunctions/MF_FlipBook.uasset" 1407
"../../../Engine/Plugins/Enterprise/DatasmithContent/Content/Materials/Water/MaterialFunctions/MF_FlipBook.uexp" 1408
"../../../Engine/Plugins/Enterprise/DatasmithContent/Content/Materials/Water/Textures/T_Caustic_FlipBook.uasset" 1409
"../../../Engine/Plugins/Enterprise/DatasmithContent/Content/Materials/Water/Textures/T_Caustic_FlipBook.uexp" 1410
"../../../Engine/Content/Functions/Engine_MaterialFunctions02/Math/Pi.uasset" 1411
"../../../Engine/Content/Functions/Engine_MaterialFunctions02/Math/Pi.uexp" 1412
"../../../Engine/Plugins/Enterprise/DatasmithContent/Content/Materials/Water/MaterialFunctions/MF_Caustic.uasset" 1413
"../../../Engine/Plugins/Enterprise/DatasmithContent/Content/Materials/Water/MaterialFunctions/MF_Caustic.uexp" 1414
"../../../Engine/Plugins/Enterprise/DatasmithContent/Content/Materials/Water/Textures/T_Wavelets_N.ubulk" 1415
"../../../Engine/Plugins/Enterprise/DatasmithContent/Content/Materials/Water/Textures/T_Wavelets_N.uasset" 1416
"../../../Engine/Plugins/Enterprise/DatasmithContent/Content/Materials/Water/Textures/T_Wavelets_N.uexp" 1417
"../../../Engine/Plugins/Enterprise/DatasmithContent/Content/Materials/_common/Textures/T_Generic_N.uasset" 1418
"../../../Engine/Plugins/Enterprise/DatasmithContent/Content/Materials/_common/Textures/T_Generic_N.uexp" 1419
"../../../Engine/Plugins/Enterprise/DatasmithContent/Content/Materials/Water/MaterialFunctions/MF_NLerp.uasset" 1420
"../../../Engine/Plugins/Enterprise/DatasmithContent/Content/Materials/Water/MaterialFunctions/MF_NLerp.uexp" 1421
"../../../Engine/Plugins/Enterprise/DatasmithContent/Content/Materials/Water/MaterialFunctions/MF_Motion_Normals.uasset" 1422
"../../../Engine/Plugins/Enterprise/DatasmithContent/Content/Materials/Water/MaterialFunctions/MF_Motion_Normals.uexp" 1423
"../../../Engine/Content/Functions/Engine_MaterialFunctions02/Texturing/CustomRotator.uasset" 1424
"../../../Engine/Content/Functions/Engine_MaterialFunctions02/Texturing/CustomRotator.uexp" 1425
"../../../Engine/Plugins/Enterprise/DatasmithContent/Content/Materials/Water/Textures/T_WindGust_Mask.ubulk" 1426
"../../../Engine/Plugins/Enterprise/DatasmithContent/Content/Materials/Water/Textures/T_WindGust_Mask.uasset" 1427
"../../../Engine/Plugins/Enterprise/DatasmithContent/Content/Materials/Water/Textures/T_WindGust_Mask.uexp" 1428
"../../../Engine/Plugins/Enterprise/DatasmithContent/Content/Materials/Water/Textures/T_Perlin_Mask.ubulk" 1429
"../../../Engine/Plugins/Enterprise/DatasmithContent/Content/Materials/Water/Textures/T_Perlin_Mask.uasset" 1430
"../../../Engine/Plugins/Enterprise/DatasmithContent/Content/Materials/Water/Textures/T_Perlin_Mask.uexp" 1431
"../../../Engine/Plugins/Enterprise/DatasmithContent/Content/Materials/Water/MaterialFunctions/MF_Normals_Rotation_WS.uasset" 1432
"../../../Engine/Plugins/Enterprise/DatasmithContent/Content/Materials/Water/MaterialFunctions/MF_Normals_Rotation_WS.uexp" 1433
"../../../Engine/Plugins/Enterprise/DatasmithContent/Content/Materials/Water/MaterialFunctions/MF_Wind_Gusts_Normals.uasset" 1434
"../../../Engine/Plugins/Enterprise/DatasmithContent/Content/Materials/Water/MaterialFunctions/MF_Wind_Gusts_Normals.uexp" 1435
"../../../Engine/Plugins/Enterprise/DatasmithContent/Content/Materials/Water/MaterialFunctions/MF_SamplePos2x2.uasset" 1436
"../../../Engine/Plugins/Enterprise/DatasmithContent/Content/Materials/Water/MaterialFunctions/MF_SamplePos2x2.uexp" 1437
"../../../Engine/Plugins/Enterprise/DatasmithContent/Content/Materials/Water/Textures/T_Water_N.ubulk" 1438
"../../../Engine/Plugins/Enterprise/DatasmithContent/Content/Materials/Water/Textures/T_Water_N.uasset" 1439
"../../../Engine/Plugins/Enterprise/DatasmithContent/Content/Materials/Water/Textures/T_Water_N.uexp" 1440
"../../../Engine/Plugins/Enterprise/DatasmithContent/Content/Materials/Water/MaterialFunctions/MF_NormalStrength_WS.uasset" 1441
"../../../Engine/Plugins/Enterprise/DatasmithContent/Content/Materials/Water/MaterialFunctions/MF_NormalStrength_WS.uexp" 1442
"../../../Engine/Plugins/Enterprise/DatasmithContent/Content/Materials/Water/Textures/T_WaterNormal01_N.ubulk" 1443
"../../../Engine/Plugins/Enterprise/DatasmithContent/Content/Materials/Water/Textures/T_WaterNormal01_N.uasset" 1444
"../../../Engine/Plugins/Enterprise/DatasmithContent/Content/Materials/Water/Textures/T_WaterNormal01_N.uexp" 1445
"../../../Engine/Plugins/Enterprise/DatasmithContent/Content/Materials/Water/Textures/T_Water_LF_N.ubulk" 1446
"../../../Engine/Plugins/Enterprise/DatasmithContent/Content/Materials/Water/Textures/T_Water_LF_N.uasset" 1447
"../../../Engine/Plugins/Enterprise/DatasmithContent/Content/Materials/Water/Textures/T_Water_LF_N.uexp" 1448
"../../../Engine/Content/Functions/Engine_MaterialFunctions02/Lerp_3Color.uasset" 1449
"../../../Engine/Content/Functions/Engine_MaterialFunctions02/Lerp_3Color.uexp" 1450
"../../../Engine/Plugins/Enterprise/DatasmithContent/Content/Materials/Water/MaterialFunctions/MF_Wave_3B_Normals.uasset" 1451
"../../../Engine/Plugins/Enterprise/DatasmithContent/Content/Materials/Water/MaterialFunctions/MF_Wave_3B_Normals.uexp" 1452
"../../../Engine/Plugins/Enterprise/DatasmithContent/Content/Materials/Water/MaterialFunctions/MF_RealDepth.uasset" 1453
"../../../Engine/Plugins/Enterprise/DatasmithContent/Content/Materials/Water/MaterialFunctions/MF_RealDepth.uexp" 1454
"../../../Engine/Plugins/Enterprise/DatasmithContent/Content/Materials/Water/MFAttr_Water.uasset" 1455
"../../../Engine/Plugins/Enterprise/DatasmithContent/Content/Materials/Water/MFAttr_Water.uexp" 1456
"../../../Engine/Plugins/Enterprise/DatasmithContent/Content/Materials/Water/M_Water.uasset" 1457
"../../../Engine/Plugins/Enterprise/DatasmithContent/Content/Materials/Water/M_Water.uexp" 1458
"../../../Engine/Plugins/Enterprise/DatasmithContent/Content/Materials/Water/MI_Pool_01.uasset" 1459
"../../../Engine/Plugins/Enterprise/DatasmithContent/Content/Materials/Water/MI_Pool_01.uexp" 1460
"C:/Users/jeanc/Documents/GitHub/Felix/Multiplayer/Content/Blueprints/Gameplay/BP_EnvironementalManager.uasset" 1461
"C:/Users/jeanc/Documents/GitHub/Felix/Multiplayer/Content/Blueprints/Gameplay/BP_EnvironementalManager.uexp" 1462
"C:/Users/jeanc/Documents/GitHub/Felix/Multiplayer/Content/UI/EndGame/WBP_GameResultsScreen.uasset" 1463
"C:/Users/jeanc/Documents/GitHub/Felix/Multiplayer/Content/UI/EndGame/WBP_GameResultsScreen.uexp" 1464
"C:/Users/jeanc/Documents/GitHub/Felix/Multiplayer/Content/Blueprints/Gameplay/BP_WormGameState.uasset" 1465
"C:/Users/jeanc/Documents/GitHub/Felix/Multiplayer/Content/Blueprints/Gameplay/BP_WormGameState.uexp" 1466
"C:/Users/jeanc/Documents/GitHub/Felix/Multiplayer/Content/Blueprints/Gameplay/BP_SniperProjectile.uasset" 1467
"C:/Users/jeanc/Documents/GitHub/Felix/Multiplayer/Content/Blueprints/Gameplay/BP_SniperProjectile.uexp" 1468
"C:/Users/jeanc/Documents/GitHub/Felix/Multiplayer/Content/Weapons_Free/Meshes/SKM_sniper_rifle_001.uasset" 1469
"C:/Users/jeanc/Documents/GitHub/Felix/Multiplayer/Content/Weapons_Free/Meshes/SKM_sniper_rifle_001.uexp" 1470
"C:/Users/jeanc/Documents/GitHub/Felix/Multiplayer/Content/Blueprints/Gameplay/BP_Sniper.uasset" 1471
"C:/Users/jeanc/Documents/GitHub/Felix/Multiplayer/Content/Blueprints/Gameplay/BP_Sniper.uexp" 1472
"../../../Engine/Content/VREditor/LaserPointer/CursorPointer.ubulk" 1473
"../../../Engine/Content/VREditor/LaserPointer/CursorPointer.uasset" 1474
"../../../Engine/Content/VREditor/LaserPointer/CursorPointer.uexp" 1475
"C:/Users/jeanc/Documents/GitHub/Felix/Multiplayer/Content/Blueprints/Gameplay/BP_GuidedMissileProjectile.uasset" 1476
"C:/Users/jeanc/Documents/GitHub/Felix/Multiplayer/Content/Blueprints/Gameplay/BP_GuidedMissileProjectile.uexp" 1477
"C:/Users/jeanc/Documents/GitHub/Felix/Multiplayer/Content/Blueprints/Gameplay/BP_GuidedMissileWeapon.uasset" 1478
"C:/Users/jeanc/Documents/GitHub/Felix/Multiplayer/Content/Blueprints/Gameplay/BP_GuidedMissileWeapon.uexp" 1479
"C:/Users/jeanc/Documents/GitHub/Felix/Multiplayer/Content/Blueprints/Gameplay/M_VoxelBuilding.uasset" 1480
"C:/Users/jeanc/Documents/GitHub/Felix/Multiplayer/Content/Blueprints/Gameplay/M_VoxelBuilding.uexp" 1481
"C:/Users/jeanc/Documents/GitHub/Felix/Multiplayer/Content/Blueprints/Gameplay/BP_VoxelBuilding2.uasset" 1482
"C:/Users/jeanc/Documents/GitHub/Felix/Multiplayer/Content/Blueprints/Gameplay/BP_VoxelBuilding2.uexp" 1483
"C:/Users/jeanc/Documents/GitHub/Felix/Multiplayer/Content/Weapons_Free/Meshes/SKM_rifle_001.uasset" 1484
"C:/Users/jeanc/Documents/GitHub/Felix/Multiplayer/Content/Weapons_Free/Meshes/SKM_rifle_001.uexp" 1485
"../../../Engine/Content/EditorMeshes/ArcadeEditorSphere.ubulk" 1486
"../../../Engine/Content/EditorMeshes/ArcadeEditorSphere.uasset" 1487
"../../../Engine/Content/EditorMeshes/ArcadeEditorSphere.uexp" 1488
"../../../Engine/Plugins/Animation/ControlRig/Content/Controls/ControlRig_Arrow4_3mm.ubulk" 1489
"../../../Engine/Plugins/Animation/ControlRig/Content/Controls/ControlRig_Arrow4_3mm.uasset" 1490
"../../../Engine/Plugins/Animation/ControlRig/Content/Controls/ControlRig_Arrow4_3mm.uexp" 1491
"C:/Users/jeanc/Documents/GitHub/Felix/Multiplayer/Content/Blueprints/Gameplay/BP_WEAPONNEW.uasset" 1492
"C:/Users/jeanc/Documents/GitHub/Felix/Multiplayer/Content/Blueprints/Gameplay/BP_WEAPONNEW.uexp" 1493
"C:/Users/jeanc/Documents/GitHub/Felix/Multiplayer/Content/Weapons_Free/Meshes/SKM_baseball_bat_001.uasset" 1494
"C:/Users/jeanc/Documents/GitHub/Felix/Multiplayer/Content/Weapons_Free/Meshes/SKM_baseball_bat_001.uexp" 1495
"../../../Engine/Content/EngineSounds/1kSineTonePing.ubulk" 1496
"../../../Engine/Content/EngineSounds/1kSineTonePing.uasset" 1497
"../../../Engine/Content/EngineSounds/1kSineTonePing.uexp" 1498
"C:/Users/jeanc/Documents/GitHub/Felix/Multiplayer/Content/Blueprints/Gameplay/BP_MeleeBatWeapon.uasset" 1499
"C:/Users/jeanc/Documents/GitHub/Felix/Multiplayer/Content/Blueprints/Gameplay/BP_MeleeBatWeapon.uexp" 1500
"C:/Users/jeanc/Documents/GitHub/Felix/Multiplayer/Content/Blueprints/Gameplay/GamePlay_GameMode.uasset" 1501
"C:/Users/jeanc/Documents/GitHub/Felix/Multiplayer/Content/Blueprints/Gameplay/GamePlay_GameMode.uexp" 1502
"../../../Engine/Content/EngineMeshes/T_Mat_UnrealTech_01_D.ubulk" 1503
"../../../Engine/Content/EngineMeshes/T_Mat_UnrealTech_01_D.uasset" 1504
"../../../Engine/Content/EngineMeshes/T_Mat_UnrealTech_01_D.uexp" 1505
"../../../Engine/Content/EngineMeshes/M_Mat_UnrealTech.uasset" 1506
"../../../Engine/Content/EngineMeshes/M_Mat_UnrealTech.uexp" 1507
"C:/Users/jeanc/Documents/GitHub/Felix/Multiplayer/Content/Blueprints/Gameplay/BP_TestUEPUTE1.uasset" 1508
"C:/Users/jeanc/Documents/GitHub/Felix/Multiplayer/Content/Blueprints/Gameplay/BP_TestUEPUTE1.uexp" 1509
"C:/Users/jeanc/Documents/GitHub/Felix/Multiplayer/Content/StarterContent/Architecture/Pillar_50x500.ubulk" 1510
"C:/Users/jeanc/Documents/GitHub/Felix/Multiplayer/Content/StarterContent/Architecture/Pillar_50x500.uasset" 1511
"C:/Users/jeanc/Documents/GitHub/Felix/Multiplayer/Content/StarterContent/Architecture/Pillar_50x500.uexp" 1512
"C:/Users/jeanc/Documents/GitHub/Felix/Multiplayer/Content/StarterContent/Textures/T_Spark_Core.ubulk" 1513
"C:/Users/jeanc/Documents/GitHub/Felix/Multiplayer/Content/StarterContent/Textures/T_Spark_Core.uasset" 1514
"C:/Users/jeanc/Documents/GitHub/Felix/Multiplayer/Content/StarterContent/Textures/T_Spark_Core.uexp" 1515
"C:/Users/jeanc/Documents/GitHub/Felix/Multiplayer/Content/StarterContent/Particles/Materials/M_Spark.uasset" 1516
"C:/Users/jeanc/Documents/GitHub/Felix/Multiplayer/Content/StarterContent/Particles/Materials/M_Spark.uexp" 1517
"C:/Users/jeanc/Documents/GitHub/Felix/Multiplayer/Content/StarterContent/Particles/P_Sparks.uasset" 1518
"C:/Users/jeanc/Documents/GitHub/Felix/Multiplayer/Content/StarterContent/Particles/P_Sparks.uexp" 1519
"C:/Users/jeanc/Documents/GitHub/Felix/Multiplayer/Content/FPS_Weapon_Bundle/Weapons/Textures/Ammunition/T_12Gauge_NRM.ubulk" 1520
"C:/Users/jeanc/Documents/GitHub/Felix/Multiplayer/Content/FPS_Weapon_Bundle/Weapons/Textures/Ammunition/T_12Gauge_NRM.uasset" 1521
"C:/Users/jeanc/Documents/GitHub/Felix/Multiplayer/Content/FPS_Weapon_Bundle/Weapons/Textures/Ammunition/T_12Gauge_NRM.uexp" 1522
"C:/Users/jeanc/Documents/GitHub/Felix/Multiplayer/Content/FPS_Weapon_Bundle/Weapons/Textures/Ammunition/T_12Gauge_M_MSK.ubulk" 1523
"C:/Users/jeanc/Documents/GitHub/Felix/Multiplayer/Content/FPS_Weapon_Bundle/Weapons/Textures/Ammunition/T_12Gauge_M_MSK.uasset" 1524
"C:/Users/jeanc/Documents/GitHub/Felix/Multiplayer/Content/FPS_Weapon_Bundle/Weapons/Textures/Ammunition/T_12Gauge_M_MSK.uexp" 1525
"C:/Users/jeanc/Documents/GitHub/Felix/Multiplayer/Content/FPS_Weapon_Bundle/Weapons/Textures/Patterns/T_Stripes__Pattern.ubulk" 1526
"C:/Users/jeanc/Documents/GitHub/Felix/Multiplayer/Content/FPS_Weapon_Bundle/Weapons/Textures/Patterns/T_Stripes__Pattern.uasset" 1527
"C:/Users/jeanc/Documents/GitHub/Felix/Multiplayer/Content/FPS_Weapon_Bundle/Weapons/Textures/Patterns/T_Stripes__Pattern.uexp" 1528
"C:/Users/jeanc/Documents/GitHub/Felix/Multiplayer/Content/FPS_Weapon_Bundle/Weapons/Textures/KA74U/T_KA74U_NRM.ubulk" 1529
"C:/Users/jeanc/Documents/GitHub/Felix/Multiplayer/Content/FPS_Weapon_Bundle/Weapons/Textures/KA74U/T_KA74U_NRM.uasset" 1530
"C:/Users/jeanc/Documents/GitHub/Felix/Multiplayer/Content/FPS_Weapon_Bundle/Weapons/Textures/KA74U/T_KA74U_NRM.uexp" 1531
"C:/Users/jeanc/Documents/GitHub/Felix/Multiplayer/Content/FPS_Weapon_Bundle/Weapons/Textures/KA74U/T_KA74U_M_MSK.ubulk" 1532
"C:/Users/jeanc/Documents/GitHub/Felix/Multiplayer/Content/FPS_Weapon_Bundle/Weapons/Textures/KA74U/T_KA74U_M_MSK.uasset" 1533
"C:/Users/jeanc/Documents/GitHub/Felix/Multiplayer/Content/FPS_Weapon_Bundle/Weapons/Textures/KA74U/T_KA74U_M_MSK.uexp" 1534
"C:/Users/jeanc/Documents/GitHub/Felix/Multiplayer/Content/FPS_Weapon_Bundle/Weapons/Textures/KA74U/T_KA74U_ALB.ubulk" 1535
"C:/Users/jeanc/Documents/GitHub/Felix/Multiplayer/Content/FPS_Weapon_Bundle/Weapons/Textures/KA74U/T_KA74U_ALB.uasset" 1536
"C:/Users/jeanc/Documents/GitHub/Felix/Multiplayer/Content/FPS_Weapon_Bundle/Weapons/Textures/KA74U/T_KA74U_ALB.uexp" 1537
"C:/Users/jeanc/Documents/GitHub/Felix/Multiplayer/Content/FPS_Weapon_Bundle/Weapons/Materials/Master_Material/M_Weapon_Master_USE.uasset" 1538
"C:/Users/jeanc/Documents/GitHub/Felix/Multiplayer/Content/FPS_Weapon_Bundle/Weapons/Materials/Master_Material/M_Weapon_Master_USE.uexp" 1539
"C:/Users/jeanc/Documents/GitHub/Felix/Multiplayer/Content/FPS_Weapon_Bundle/Weapons/Textures/Ammunition/T_12Gauge_ALB.ubulk" 1540
"C:/Users/jeanc/Documents/GitHub/Felix/Multiplayer/Content/FPS_Weapon_Bundle/Weapons/Textures/Ammunition/T_12Gauge_ALB.uasset" 1541
"C:/Users/jeanc/Documents/GitHub/Felix/Multiplayer/Content/FPS_Weapon_Bundle/Weapons/Textures/Ammunition/T_12Gauge_ALB.uexp" 1542
"C:/Users/jeanc/Documents/GitHub/Felix/Multiplayer/Content/FPS_Weapon_Bundle/Weapons/Materials/Ammunition/M_Ammo_12gauge.uasset" 1543
"C:/Users/jeanc/Documents/GitHub/Felix/Multiplayer/Content/FPS_Weapon_Bundle/Weapons/Materials/Ammunition/M_Ammo_12gauge.uexp" 1544
"C:/Users/jeanc/Documents/GitHub/Felix/Multiplayer/Content/StarterContent/Particles/P_Smoke.uasset" 1545
"C:/Users/jeanc/Documents/GitHub/Felix/Multiplayer/Content/StarterContent/Particles/P_Smoke.uexp" 1546
"C:/Users/jeanc/Documents/GitHub/Felix/Multiplayer/Content/FPS_Weapon_Bundle/Weapons/Textures/AR4/T_AR4_ALB.ubulk" 1547
"C:/Users/jeanc/Documents/GitHub/Felix/Multiplayer/Content/FPS_Weapon_Bundle/Weapons/Textures/AR4/T_AR4_ALB.uasset" 1548
"C:/Users/jeanc/Documents/GitHub/Felix/Multiplayer/Content/FPS_Weapon_Bundle/Weapons/Textures/AR4/T_AR4_ALB.uexp" 1549
"C:/Users/jeanc/Documents/GitHub/Felix/Multiplayer/Content/FPS_Weapon_Bundle/Weapons/Textures/AR4/T_AR4_M_MSK.ubulk" 1550
"C:/Users/jeanc/Documents/GitHub/Felix/Multiplayer/Content/FPS_Weapon_Bundle/Weapons/Textures/AR4/T_AR4_M_MSK.uasset" 1551
"C:/Users/jeanc/Documents/GitHub/Felix/Multiplayer/Content/FPS_Weapon_Bundle/Weapons/Textures/AR4/T_AR4_M_MSK.uexp" 1552
"C:/Users/jeanc/Documents/GitHub/Felix/Multiplayer/Content/FPS_Weapon_Bundle/Weapons/Textures/AR4/T_AR4_NRM.ubulk" 1553
"C:/Users/jeanc/Documents/GitHub/Felix/Multiplayer/Content/FPS_Weapon_Bundle/Weapons/Textures/AR4/T_AR4_NRM.uasset" 1554
"C:/Users/jeanc/Documents/GitHub/Felix/Multiplayer/Content/FPS_Weapon_Bundle/Weapons/Textures/AR4/T_AR4_NRM.uexp" 1555
"C:/Users/jeanc/Documents/GitHub/Felix/Multiplayer/Content/FPS_Weapon_Bundle/Weapons/Materials/AR4/M_AR4.uasset" 1556
"C:/Users/jeanc/Documents/GitHub/Felix/Multiplayer/Content/FPS_Weapon_Bundle/Weapons/Materials/AR4/M_AR4.uexp" 1557
"C:/Users/jeanc/Documents/GitHub/Felix/Multiplayer/Content/FPS_Weapon_Bundle/Weapons/Meshes/AR4/SK_AR4_X_Physics.uasset" 1558
"C:/Users/jeanc/Documents/GitHub/Felix/Multiplayer/Content/FPS_Weapon_Bundle/Weapons/Meshes/AR4/SK_AR4_X_Physics.uexp" 1559
"C:/Users/jeanc/Documents/GitHub/Felix/Multiplayer/Content/FPS_Weapon_Bundle/Weapons/Textures/Ammunition/T_762x39_ALB.ubulk" 1560
"C:/Users/jeanc/Documents/GitHub/Felix/Multiplayer/Content/FPS_Weapon_Bundle/Weapons/Textures/Ammunition/T_762x39_ALB.uasset" 1561
"C:/Users/jeanc/Documents/GitHub/Felix/Multiplayer/Content/FPS_Weapon_Bundle/Weapons/Textures/Ammunition/T_762x39_ALB.uexp" 1562
"C:/Users/jeanc/Documents/GitHub/Felix/Multiplayer/Content/FPS_Weapon_Bundle/Weapons/Textures/Ammunition/T_762x39_M_MSK.ubulk" 1563
"C:/Users/jeanc/Documents/GitHub/Felix/Multiplayer/Content/FPS_Weapon_Bundle/Weapons/Textures/Ammunition/T_762x39_M_MSK.uasset" 1564
"C:/Users/jeanc/Documents/GitHub/Felix/Multiplayer/Content/FPS_Weapon_Bundle/Weapons/Textures/Ammunition/T_762x39_M_MSK.uexp" 1565
"C:/Users/jeanc/Documents/GitHub/Felix/Multiplayer/Content/FPS_Weapon_Bundle/Weapons/Textures/Ammunition/T_762x39_NRM.ubulk" 1566
"C:/Users/jeanc/Documents/GitHub/Felix/Multiplayer/Content/FPS_Weapon_Bundle/Weapons/Textures/Ammunition/T_762x39_NRM.uasset" 1567
"C:/Users/jeanc/Documents/GitHub/Felix/Multiplayer/Content/FPS_Weapon_Bundle/Weapons/Textures/Ammunition/T_762x39_NRM.uexp" 1568
"C:/Users/jeanc/Documents/GitHub/Felix/Multiplayer/Content/FPS_Weapon_Bundle/Weapons/Materials/Ammunition/M_762x39_Empty.uasset" 1569
"C:/Users/jeanc/Documents/GitHub/Felix/Multiplayer/Content/FPS_Weapon_Bundle/Weapons/Materials/Ammunition/M_762x39_Empty.uexp" 1570
"C:/Users/jeanc/Documents/GitHub/Felix/Multiplayer/Content/FPS_Weapon_Bundle/Weapons/Meshes/AR4/SK_AR4_X_Skeleton.uasset" 1571
"C:/Users/jeanc/Documents/GitHub/Felix/Multiplayer/Content/FPS_Weapon_Bundle/Weapons/Meshes/AR4/SK_AR4_X_Skeleton.uexp" 1572
"C:/Users/jeanc/Documents/GitHub/Felix/Multiplayer/Content/FPS_Weapon_Bundle/Weapons/Meshes/AR4/SK_AR4_X.uasset" 1573
"C:/Users/jeanc/Documents/GitHub/Felix/Multiplayer/Content/FPS_Weapon_Bundle/Weapons/Meshes/AR4/SK_AR4_X.uexp" 1574
"C:/Users/jeanc/Documents/GitHub/Felix/Multiplayer/Content/StarterContent/Audio/Collapse01.ubulk" 1575
"C:/Users/jeanc/Documents/GitHub/Felix/Multiplayer/Content/StarterContent/Audio/Collapse01.uasset" 1576
"C:/Users/jeanc/Documents/GitHub/Felix/Multiplayer/Content/StarterContent/Audio/Collapse01.uexp" 1577
"C:/Users/jeanc/Documents/GitHub/Felix/Multiplayer/Content/Blueprints/Gameplay/BP_BaseWeapon1.uasset" 1578
"C:/Users/jeanc/Documents/GitHub/Felix/Multiplayer/Content/Blueprints/Gameplay/BP_BaseWeapon1.uexp" 1579
"C:/Users/jeanc/Documents/GitHub/Felix/Multiplayer/Content/Blueprints/Gameplay/GamePlay_GameMode2.uasset" 1580
"C:/Users/jeanc/Documents/GitHub/Felix/Multiplayer/Content/Blueprints/Gameplay/GamePlay_GameMode2.uexp" 1581
"C:/Users/jeanc/Documents/GitHub/Felix/Multiplayer/Content/Blueprints/Gameplay/BP_WormPlayerController1.uasset" 1582
"C:/Users/jeanc/Documents/GitHub/Felix/Multiplayer/Content/Blueprints/Gameplay/BP_WormPlayerController1.uexp" 1583
"C:/Users/jeanc/Documents/GitHub/Felix/Multiplayer/Content/Blueprints/Gameplay/BP_VoxelDebris.uasset" 1584
"C:/Users/jeanc/Documents/GitHub/Felix/Multiplayer/Content/Blueprints/Gameplay/BP_VoxelDebris.uexp" 1585
"C:/Users/jeanc/Documents/GitHub/Felix/Multiplayer/Content/Blueprints/AllLevels/PlayerInfo.uasset" 1586
"C:/Users/jeanc/Documents/GitHub/Felix/Multiplayer/Content/Blueprints/AllLevels/PlayerInfo.uexp" 1587
"../../../Engine/Plugins/Interchange/Runtime/Content/gltf/MaterialBodies/MF_Unlit_Body.uasset" 1588
"../../../Engine/Plugins/Interchange/Runtime/Content/gltf/MaterialBodies/MF_Unlit_Body.uexp" 1589
"../../../Engine/Plugins/Interchange/Runtime/Content/gltf/M_Unlit.uasset" 1590
"../../../Engine/Plugins/Interchange/Runtime/Content/gltf/M_Unlit.uexp" 1591
"../../../Engine/Plugins/Interchange/Runtime/Content/gltf/MaterialInstances/MI_Unlit_Opaque_DS.uasset" 1592
"../../../Engine/Plugins/Interchange/Runtime/Content/gltf/MaterialInstances/MI_Unlit_Opaque_DS.uexp" 1593
"../../../Engine/Plugins/Interchange/Runtime/Content/gltf/MaterialInstances/MI_Unlit_Opaque.uasset" 1594
"../../../Engine/Plugins/Interchange/Runtime/Content/gltf/MaterialInstances/MI_Unlit_Opaque.uexp" 1595
"../../../Engine/Plugins/Interchange/Runtime/Content/gltf/MaterialInstances/MI_Unlit_Mask_DS.uasset" 1596
"../../../Engine/Plugins/Interchange/Runtime/Content/gltf/MaterialInstances/MI_Unlit_Mask_DS.uexp" 1597
"../../../Engine/Plugins/Interchange/Runtime/Content/gltf/MaterialInstances/MI_Unlit_Mask.uasset" 1598
"../../../Engine/Plugins/Interchange/Runtime/Content/gltf/MaterialInstances/MI_Unlit_Mask.uexp" 1599
"../../../Engine/Plugins/Interchange/Runtime/Content/gltf/MaterialInstances/MI_Unlit_Blend_DS.uasset" 1600
"../../../Engine/Plugins/Interchange/Runtime/Content/gltf/MaterialInstances/MI_Unlit_Blend_DS.uexp" 1601
"../../../Engine/Plugins/Interchange/Runtime/Content/gltf/MaterialInstances/MI_Unlit_Blend.uasset" 1602
"../../../Engine/Plugins/Interchange/Runtime/Content/gltf/MaterialInstances/MI_Unlit_Blend.uexp" 1603
"../../../Engine/Plugins/Interchange/Runtime/Content/gltf/MaterialFunctions/MF_Transmission.uasset" 1604
"../../../Engine/Plugins/Interchange/Runtime/Content/gltf/MaterialFunctions/MF_Transmission.uexp" 1605
"../../../Engine/Plugins/Interchange/Runtime/Content/gltf/MaterialBodies/MF_Transmission_Body.uasset" 1606
"../../../Engine/Plugins/Interchange/Runtime/Content/gltf/MaterialBodies/MF_Transmission_Body.uexp" 1607
"../../../Engine/Plugins/Interchange/Runtime/Content/gltf/M_Transmission.uasset" 1608
"../../../Engine/Plugins/Interchange/Runtime/Content/gltf/M_Transmission.uexp" 1609
"../../../Engine/Plugins/Interchange/Runtime/Content/gltf/MaterialInstances/MI_Transmission_DS.uasset" 1610
"../../../Engine/Plugins/Interchange/Runtime/Content/gltf/MaterialInstances/MI_Transmission_DS.uexp" 1611
"../../../Engine/Plugins/Interchange/Runtime/Content/gltf/MaterialInstances/MI_Transmission.uasset" 1612
"../../../Engine/Plugins/Interchange/Runtime/Content/gltf/MaterialInstances/MI_Transmission.uexp" 1613
"../../../Engine/Plugins/Interchange/Runtime/Content/gltf/MaterialFunctions/MF_DiffuseSpecGloss.uasset" 1614
"../../../Engine/Plugins/Interchange/Runtime/Content/gltf/MaterialFunctions/MF_DiffuseSpecGloss.uexp" 1615
"../../../Engine/Content/Functions/Engine_MaterialFunctions02/Math/AddComponents.uasset" 1616
"../../../Engine/Content/Functions/Engine_MaterialFunctions02/Math/AddComponents.uexp" 1617
"../../../Engine/Plugins/Interchange/Runtime/Content/gltf/MaterialFunctions/MF_PerceivedBrightness.uasset" 1618
"../../../Engine/Plugins/Interchange/Runtime/Content/gltf/MaterialFunctions/MF_PerceivedBrightness.uexp" 1619
"../../../Engine/Plugins/Interchange/Runtime/Content/gltf/MaterialFunctions/MF_SpecGlossToMetalRoughness.uasset" 1620
"../../../Engine/Plugins/Interchange/Runtime/Content/gltf/MaterialFunctions/MF_SpecGlossToMetalRoughness.uexp" 1621
"../../../Engine/Plugins/Interchange/Runtime/Content/gltf/MaterialBodies/MF_SpecularGlossiness_Body.uasset" 1622
"../../../Engine/Plugins/Interchange/Runtime/Content/gltf/MaterialBodies/MF_SpecularGlossiness_Body.uexp" 1623
"../../../Engine/Plugins/Interchange/Runtime/Content/gltf/M_SpecularGlossiness.uasset" 1624
"../../../Engine/Plugins/Interchange/Runtime/Content/gltf/M_SpecularGlossiness.uexp" 1625
"../../../Engine/Plugins/Interchange/Runtime/Content/gltf/MaterialInstances/MI_SpecularGlossiness_Opaque_DS.uasset" 1626
"../../../Engine/Plugins/Interchange/Runtime/Content/gltf/MaterialInstances/MI_SpecularGlossiness_Opaque_DS.uexp" 1627
"../../../Engine/Plugins/Interchange/Runtime/Content/gltf/MaterialInstances/MI_SpecularGlossiness_Opaque.uasset" 1628
"../../../Engine/Plugins/Interchange/Runtime/Content/gltf/MaterialInstances/MI_SpecularGlossiness_Opaque.uexp" 1629
"../../../Engine/Plugins/Interchange/Runtime/Content/gltf/MaterialInstances/MI_SpecularGlossiness_Mask_DS.uasset" 1630
"../../../Engine/Plugins/Interchange/Runtime/Content/gltf/MaterialInstances/MI_SpecularGlossiness_Mask_DS.uexp" 1631
"../../../Engine/Plugins/Interchange/Runtime/Content/gltf/MaterialInstances/MI_SpecularGlossiness_Mask.uasset" 1632
"../../../Engine/Plugins/Interchange/Runtime/Content/gltf/MaterialInstances/MI_SpecularGlossiness_Mask.uexp" 1633
"../../../Engine/Plugins/Interchange/Runtime/Content/gltf/MaterialInstances/MI_SpecularGlossiness_Blend_DS.uasset" 1634
"../../../Engine/Plugins/Interchange/Runtime/Content/gltf/MaterialInstances/MI_SpecularGlossiness_Blend_DS.uexp" 1635
"../../../Engine/Plugins/Interchange/Runtime/Content/gltf/MaterialInstances/MI_SpecularGlossiness_Blend.uasset" 1636
"../../../Engine/Plugins/Interchange/Runtime/Content/gltf/MaterialInstances/MI_SpecularGlossiness_Blend.uexp" 1637
"../../../Engine/Plugins/Interchange/Runtime/Content/gltf/MaterialFunctions/MF_Sheen.uasset" 1638
"../../../Engine/Plugins/Interchange/Runtime/Content/gltf/MaterialFunctions/MF_Sheen.uexp" 1639
"../../../Engine/Plugins/Interchange/Runtime/Content/gltf/MaterialBodies/MF_Sheen_Body.uasset" 1640
"../../../Engine/Plugins/Interchange/Runtime/Content/gltf/MaterialBodies/MF_Sheen_Body.uexp" 1641
"../../../Engine/Plugins/Interchange/Runtime/Content/gltf/M_Sheen.uasset" 1642
"../../../Engine/Plugins/Interchange/Runtime/Content/gltf/M_Sheen.uexp" 1643
"../../../Engine/Plugins/Interchange/Runtime/Content/gltf/MaterialInstances/MI_Sheen_Opaque_DS.uasset" 1644
"../../../Engine/Plugins/Interchange/Runtime/Content/gltf/MaterialInstances/MI_Sheen_Opaque_DS.uexp" 1645
"../../../Engine/Plugins/Interchange/Runtime/Content/gltf/MaterialInstances/MI_Sheen_Opaque.uasset" 1646
"../../../Engine/Plugins/Interchange/Runtime/Content/gltf/MaterialInstances/MI_Sheen_Opaque.uexp" 1647
"../../../Engine/Plugins/Interchange/Runtime/Content/gltf/MaterialInstances/MI_Sheen_Mask_DS.uasset" 1648
"../../../Engine/Plugins/Interchange/Runtime/Content/gltf/MaterialInstances/MI_Sheen_Mask_DS.uexp" 1649
"../../../Engine/Plugins/Interchange/Runtime/Content/gltf/MaterialInstances/MI_Sheen_Mask.uasset" 1650
"../../../Engine/Plugins/Interchange/Runtime/Content/gltf/MaterialInstances/MI_Sheen_Mask.uexp" 1651
"../../../Engine/Plugins/Interchange/Runtime/Content/gltf/MaterialInstances/MI_Sheen_Blend_DS.uasset" 1652
"../../../Engine/Plugins/Interchange/Runtime/Content/gltf/MaterialInstances/MI_Sheen_Blend_DS.uexp" 1653
"../../../Engine/Plugins/Interchange/Runtime/Content/gltf/MaterialInstances/MI_Sheen_Blend.uasset" 1654
"../../../Engine/Plugins/Interchange/Runtime/Content/gltf/MaterialInstances/MI_Sheen_Blend.uexp" 1655
"../../../Engine/Plugins/Interchange/Runtime/Content/gltf/MaterialInstances/MI_Default_Opaque.uasset" 1656
"../../../Engine/Plugins/Interchange/Runtime/Content/gltf/MaterialInstances/MI_Default_Opaque.uexp" 1657
"../../../Engine/Plugins/Interchange/Runtime/Content/gltf/MaterialInstances/MI_Default_Mask_DS.uasset" 1658
"../../../Engine/Plugins/Interchange/Runtime/Content/gltf/MaterialInstances/MI_Default_Mask_DS.uexp" 1659
"../../../Engine/Plugins/Interchange/Runtime/Content/gltf/MaterialInstances/MI_Default_Mask.uasset" 1660
"../../../Engine/Plugins/Interchange/Runtime/Content/gltf/MaterialInstances/MI_Default_Mask.uexp" 1661
"../../../Engine/Plugins/Interchange/Runtime/Content/gltf/MaterialInstances/MI_Default_Blend_DS.uasset" 1662
"../../../Engine/Plugins/Interchange/Runtime/Content/gltf/MaterialInstances/MI_Default_Blend_DS.uexp" 1663
"../../../Engine/Plugins/Interchange/Runtime/Content/gltf/MaterialInstances/MI_Default_Blend.uasset" 1664
"../../../Engine/Plugins/Interchange/Runtime/Content/gltf/MaterialInstances/MI_Default_Blend.uexp" 1665
"../../../Engine/Content/Functions/Engine_MaterialFunctions01/Texturing/FlattenNormal.uasset" 1666
"../../../Engine/Content/Functions/Engine_MaterialFunctions01/Texturing/FlattenNormal.uexp" 1667
"../../../Engine/Plugins/Interchange/Runtime/Content/gltf/MaterialFunctions/MF_Clearcoat.uasset" 1668
"../../../Engine/Plugins/Interchange/Runtime/Content/gltf/MaterialFunctions/MF_Clearcoat.uexp" 1669
"../../../Engine/Plugins/Interchange/Runtime/Content/gltf/MaterialBodies/MF_ClearCoat_Body.uasset" 1670
"../../../Engine/Plugins/Interchange/Runtime/Content/gltf/MaterialBodies/MF_ClearCoat_Body.uexp" 1671
"../../../Engine/Plugins/Interchange/Runtime/Content/gltf/M_ClearCoat.uasset" 1672
"../../../Engine/Plugins/Interchange/Runtime/Content/gltf/M_ClearCoat.uexp" 1673
"../../../Engine/Plugins/Interchange/Runtime/Content/gltf/MaterialInstances/MI_ClearCoat_Opaque_DS.uasset" 1674
"../../../Engine/Plugins/Interchange/Runtime/Content/gltf/MaterialInstances/MI_ClearCoat_Opaque_DS.uexp" 1675
"../../../Engine/Plugins/Interchange/Runtime/Content/gltf/MaterialInstances/MI_ClearCoat_Opaque.uasset" 1676
"../../../Engine/Plugins/Interchange/Runtime/Content/gltf/MaterialInstances/MI_ClearCoat_Opaque.uexp" 1677
"../../../Engine/Plugins/Interchange/Runtime/Content/gltf/MaterialInstances/MI_ClearCoat_Mask_DS.uasset" 1678
"../../../Engine/Plugins/Interchange/Runtime/Content/gltf/MaterialInstances/MI_ClearCoat_Mask_DS.uexp" 1679
"../../../Engine/Plugins/Interchange/Runtime/Content/gltf/MaterialInstances/MI_ClearCoat_Mask.uasset" 1680
"../../../Engine/Plugins/Interchange/Runtime/Content/gltf/MaterialInstances/MI_ClearCoat_Mask.uexp" 1681
"../../../Engine/Plugins/Interchange/Runtime/Content/gltf/MaterialInstances/MI_ClearCoat_Blend_DS.uasset" 1682
"../../../Engine/Plugins/Interchange/Runtime/Content/gltf/MaterialInstances/MI_ClearCoat_Blend_DS.uexp" 1683
"../../../Engine/Plugins/Interchange/Runtime/Content/gltf/MaterialInstances/MI_ClearCoat_Blend.uasset" 1684
"../../../Engine/Plugins/Interchange/Runtime/Content/gltf/MaterialInstances/MI_ClearCoat_Blend.uexp" 1685
"../../../Engine/Content/MobileResources/HUD/VirtualJoystick_Background.uasset" 1686
"../../../Engine/Content/MobileResources/HUD/VirtualJoystick_Background.uexp" 1687
"../../../Engine/Content/MobileResources/HUD/VirtualJoystick_Thumb.uasset" 1688
"../../../Engine/Content/MobileResources/HUD/VirtualJoystick_Thumb.uexp" 1689
"../../../Engine/Content/MobileResources/HUD/DefaultVirtualJoysticks.uasset" 1690
"../../../Engine/Content/MobileResources/HUD/DefaultVirtualJoysticks.uexp" 1691
"../../../Engine/Content/EngineSky/VolumetricClouds/CloudWeatherTexture.uasset" 1692
"../../../Engine/Content/EngineSky/VolumetricClouds/CloudWeatherTexture.uexp" 1693
"../../../Engine/Content/EngineSky/VolumetricClouds/CloudGradientTexture.uasset" 1694
"../../../Engine/Content/EngineSky/VolumetricClouds/CloudGradientTexture.uexp" 1695
"../../../Engine/Content/EngineSky/VolumetricClouds/T_NoiseShape64.ubulk" 1696
"../../../Engine/Content/EngineSky/VolumetricClouds/T_NoiseShape64.uasset" 1697
"../../../Engine/Content/EngineSky/VolumetricClouds/T_NoiseShape64.uexp" 1698
"../../../Engine/Content/EngineSky/VolumetricClouds/T_VolumeNoiseShape64.uasset" 1699
"../../../Engine/Content/EngineSky/VolumetricClouds/T_VolumeNoiseShape64.uexp" 1700
"../../../Engine/Content/EngineSky/VolumetricClouds/T_NoiseErosion.ubulk" 1701
"../../../Engine/Content/EngineSky/VolumetricClouds/T_NoiseErosion.uasset" 1702
"../../../Engine/Content/EngineSky/VolumetricClouds/T_NoiseErosion.uexp" 1703
"../../../Engine/Content/EngineSky/VolumetricClouds/T_VolumeNoiseErosion32.uasset" 1704
"../../../Engine/Content/EngineSky/VolumetricClouds/T_VolumeNoiseErosion32.uexp" 1705
"../../../Engine/Content/EngineSky/VolumetricClouds/m_SimpleVolumetricCloud.uasset" 1706
"../../../Engine/Content/EngineSky/VolumetricClouds/m_SimpleVolumetricCloud.uexp" 1707
"../../../Engine/Content/EngineSky/VolumetricClouds/m_SimpleVolumetricCloud_Inst.uasset" 1708
"../../../Engine/Content/EngineSky/VolumetricClouds/m_SimpleVolumetricCloud_Inst.uexp" 1709
"../../../Engine/Content/EngineResources/FilmGrains/Marcie_Grain_v3_128_M2_000.uasset" 1710
"../../../Engine/Content/EngineResources/FilmGrains/Marcie_Grain_v3_128_M2_000.uexp" 1711
"../../../Engine/Content/EditorResources/SequenceRecorder/RecordingIndicator.uasset" 1712
"../../../Engine/Content/EditorResources/SequenceRecorder/RecordingIndicator.uexp" 1713
"../../../Engine/Content/EditorResources/SequenceRecorder/Countdown.uasset" 1714
"../../../Engine/Content/EditorResources/SequenceRecorder/Countdown.uexp" 1715
"../../../Engine/Content/EditorMaterials/Dataflow/DataflowVertexMaterial.uasset" 1716
"../../../Engine/Content/EditorMaterials/Dataflow/DataflowVertexMaterial.uexp" 1717
"C:/Users/jeanc/Documents/GitHub/Felix/Multiplayer/Content/UI/Textures/UI_Elements/Title.uasset" 1718
"C:/Users/jeanc/Documents/GitHub/Felix/Multiplayer/Content/UI/Textures/UI_Elements/Title.uexp" 1719
"C:/Users/jeanc/Documents/GitHub/Felix/Multiplayer/Content/UI/Textures/UI_Elements/table_1.uasset" 1720
"C:/Users/jeanc/Documents/GitHub/Felix/Multiplayer/Content/UI/Textures/UI_Elements/table_1.uexp" 1721
"C:/Users/jeanc/Documents/GitHub/Felix/Multiplayer/Content/UI/Textures/UI_Elements/table.uasset" 1722
"C:/Users/jeanc/Documents/GitHub/Felix/Multiplayer/Content/UI/Textures/UI_Elements/table.uexp" 1723
"C:/Users/jeanc/Documents/GitHub/Felix/Multiplayer/Content/UI/Textures/UI_Elements/Single_Normal.uasset" 1724
"C:/Users/jeanc/Documents/GitHub/Felix/Multiplayer/Content/UI/Textures/UI_Elements/Single_Normal.uexp" 1725
"C:/Users/jeanc/Documents/GitHub/Felix/Multiplayer/Content/UI/Textures/UI_Elements/Single_Hover.uasset" 1726
"C:/Users/jeanc/Documents/GitHub/Felix/Multiplayer/Content/UI/Textures/UI_Elements/Single_Hover.uexp" 1727
"C:/Users/jeanc/Documents/GitHub/Felix/Multiplayer/Content/UI/Textures/UI_Elements/Single_Clicked.uasset" 1728
"C:/Users/jeanc/Documents/GitHub/Felix/Multiplayer/Content/UI/Textures/UI_Elements/Single_Clicked.uexp" 1729
"C:/Users/jeanc/Documents/GitHub/Felix/Multiplayer/Content/UI/Textures/UI_Elements/sINGLE.uasset" 1730
"C:/Users/jeanc/Documents/GitHub/Felix/Multiplayer/Content/UI/Textures/UI_Elements/sINGLE.uexp" 1731
"C:/Users/jeanc/Documents/GitHub/Felix/Multiplayer/Content/UI/Textures/UI_Elements/Setting_Normal.uasset" 1732
"C:/Users/jeanc/Documents/GitHub/Felix/Multiplayer/Content/UI/Textures/UI_Elements/Setting_Normal.uexp" 1733
"C:/Users/jeanc/Documents/GitHub/Felix/Multiplayer/Content/UI/Textures/UI_Elements/Setting_Hover.uasset" 1734
"C:/Users/jeanc/Documents/GitHub/Felix/Multiplayer/Content/UI/Textures/UI_Elements/Setting_Hover.uexp" 1735
"C:/Users/jeanc/Documents/GitHub/Felix/Multiplayer/Content/UI/Textures/UI_Elements/Setting_Clicked.uasset" 1736
"C:/Users/jeanc/Documents/GitHub/Felix/Multiplayer/Content/UI/Textures/UI_Elements/Setting_Clicked.uexp" 1737
"C:/Users/jeanc/Documents/GitHub/Felix/Multiplayer/Content/UI/Textures/UI_Elements/Setting.uasset" 1738
"C:/Users/jeanc/Documents/GitHub/Felix/Multiplayer/Content/UI/Textures/UI_Elements/Setting.uexp" 1739
"C:/Users/jeanc/Documents/GitHub/Felix/Multiplayer/Content/UI/Textures/UI_Elements/Panel_8_.uasset" 1740
"C:/Users/jeanc/Documents/GitHub/Felix/Multiplayer/Content/UI/Textures/UI_Elements/Panel_8_.uexp" 1741
"C:/Users/jeanc/Documents/GitHub/Felix/Multiplayer/Content/UI/Textures/UI_Elements/Panel_5_.uasset" 1742
"C:/Users/jeanc/Documents/GitHub/Felix/Multiplayer/Content/UI/Textures/UI_Elements/Panel_5_.uexp" 1743
"C:/Users/jeanc/Documents/GitHub/Felix/Multiplayer/Content/UI/Textures/UI_Elements/Panel_12.uasset" 1744
"C:/Users/jeanc/Documents/GitHub/Felix/Multiplayer/Content/UI/Textures/UI_Elements/Panel_12.uexp" 1745
"C:/Users/jeanc/Documents/GitHub/Felix/Multiplayer/Content/UI/Textures/UI_Elements/Multi_Normal.uasset" 1746
"C:/Users/jeanc/Documents/GitHub/Felix/Multiplayer/Content/UI/Textures/UI_Elements/Multi_Normal.uexp" 1747
"C:/Users/jeanc/Documents/GitHub/Felix/Multiplayer/Content/UI/Textures/UI_Elements/Multi_Hover.uasset" 1748
"C:/Users/jeanc/Documents/GitHub/Felix/Multiplayer/Content/UI/Textures/UI_Elements/Multi_Hover.uexp" 1749
"C:/Users/jeanc/Documents/GitHub/Felix/Multiplayer/Content/UI/Textures/UI_Elements/Multi_Clicked.uasset" 1750
"C:/Users/jeanc/Documents/GitHub/Felix/Multiplayer/Content/UI/Textures/UI_Elements/Multi_Clicked.uexp" 1751
"C:/Users/jeanc/Documents/GitHub/Felix/Multiplayer/Content/UI/Textures/UI_Elements/Multi.uasset" 1752
"C:/Users/jeanc/Documents/GitHub/Felix/Multiplayer/Content/UI/Textures/UI_Elements/Multi.uexp" 1753
"C:/Users/jeanc/Documents/GitHub/Felix/Multiplayer/Content/UI/Textures/UI_Elements/JOIN_Normal.uasset" 1754
"C:/Users/jeanc/Documents/GitHub/Felix/Multiplayer/Content/UI/Textures/UI_Elements/JOIN_Normal.uexp" 1755
"C:/Users/jeanc/Documents/GitHub/Felix/Multiplayer/Content/UI/Textures/UI_Elements/JOIN_Hover.uasset" 1756
"C:/Users/jeanc/Documents/GitHub/Felix/Multiplayer/Content/UI/Textures/UI_Elements/JOIN_Hover.uexp" 1757
"C:/Users/jeanc/Documents/GitHub/Felix/Multiplayer/Content/UI/Textures/UI_Elements/JOIN_Clicked.uasset" 1758
"C:/Users/jeanc/Documents/GitHub/Felix/Multiplayer/Content/UI/Textures/UI_Elements/JOIN_Clicked.uexp" 1759
"C:/Users/jeanc/Documents/GitHub/Felix/Multiplayer/Content/UI/Textures/UI_Elements/HOST_Normal.uasset" 1760
"C:/Users/jeanc/Documents/GitHub/Felix/Multiplayer/Content/UI/Textures/UI_Elements/HOST_Normal.uexp" 1761
"C:/Users/jeanc/Documents/GitHub/Felix/Multiplayer/Content/UI/Textures/UI_Elements/HOST_Hover.uasset" 1762
"C:/Users/jeanc/Documents/GitHub/Felix/Multiplayer/Content/UI/Textures/UI_Elements/HOST_Hover.uexp" 1763
"C:/Users/jeanc/Documents/GitHub/Felix/Multiplayer/Content/UI/Textures/UI_Elements/HOST_Clicked.uasset" 1764
"C:/Users/jeanc/Documents/GitHub/Felix/Multiplayer/Content/UI/Textures/UI_Elements/HOST_Clicked.uexp" 1765
"C:/Users/jeanc/Documents/GitHub/Felix/Multiplayer/Content/UI/Textures/UI_Elements/Exit_Normal.uasset" 1766
"C:/Users/jeanc/Documents/GitHub/Felix/Multiplayer/Content/UI/Textures/UI_Elements/Exit_Normal.uexp" 1767
"C:/Users/jeanc/Documents/GitHub/Felix/Multiplayer/Content/UI/Textures/UI_Elements/Exit_Hover.uasset" 1768
"C:/Users/jeanc/Documents/GitHub/Felix/Multiplayer/Content/UI/Textures/UI_Elements/Exit_Hover.uexp" 1769
"C:/Users/jeanc/Documents/GitHub/Felix/Multiplayer/Content/UI/Textures/UI_Elements/Exit_Clicked.uasset" 1770
"C:/Users/jeanc/Documents/GitHub/Felix/Multiplayer/Content/UI/Textures/UI_Elements/Exit_Clicked.uexp" 1771
"C:/Users/jeanc/Documents/GitHub/Felix/Multiplayer/Content/UI/Textures/UI_Elements/Exit.uasset" 1772
"C:/Users/jeanc/Documents/GitHub/Felix/Multiplayer/Content/UI/Textures/UI_Elements/Exit.uexp" 1773
"C:/Users/jeanc/Documents/GitHub/Felix/Multiplayer/Content/UI/Textures/UI_Elements/button_rectangle_border_grey.uasset" 1774
"C:/Users/jeanc/Documents/GitHub/Felix/Multiplayer/Content/UI/Textures/UI_Elements/button_rectangle_border_grey.uexp" 1775
"C:/Users/jeanc/Documents/GitHub/Felix/Multiplayer/Content/UI/Textures/UI_Elements/BACK_Normal.uasset" 1776
"C:/Users/jeanc/Documents/GitHub/Felix/Multiplayer/Content/UI/Textures/UI_Elements/BACK_Normal.uexp" 1777
"C:/Users/jeanc/Documents/GitHub/Felix/Multiplayer/Content/UI/Textures/UI_Elements/BACK_Hover.uasset" 1778
"C:/Users/jeanc/Documents/GitHub/Felix/Multiplayer/Content/UI/Textures/UI_Elements/BACK_Hover.uexp" 1779
"C:/Users/jeanc/Documents/GitHub/Felix/Multiplayer/Content/UI/Textures/UI_Elements/BACK_Clicked.uasset" 1780
"C:/Users/jeanc/Documents/GitHub/Felix/Multiplayer/Content/UI/Textures/UI_Elements/BACK_Clicked.uexp" 1781
"C:/Users/jeanc/Documents/GitHub/Felix/Multiplayer/Content/UI/Textures/UI_Elements/b.uasset" 1782
"C:/Users/jeanc/Documents/GitHub/Felix/Multiplayer/Content/UI/Textures/UI_Elements/b.uexp" 1783
"C:/Users/jeanc/Documents/GitHub/Felix/Multiplayer/Content/UI/Textures/Thumbs/player_04.ubulk" 1784
"C:/Users/jeanc/Documents/GitHub/Felix/Multiplayer/Content/UI/Textures/Thumbs/player_04.uasset" 1785
"C:/Users/jeanc/Documents/GitHub/Felix/Multiplayer/Content/UI/Textures/Thumbs/player_04.uexp" 1786
"C:/Users/jeanc/Documents/GitHub/Felix/Multiplayer/Content/UI/Textures/Thumbs/player_03.ubulk" 1787
"C:/Users/jeanc/Documents/GitHub/Felix/Multiplayer/Content/UI/Textures/Thumbs/player_03.uasset" 1788
"C:/Users/jeanc/Documents/GitHub/Felix/Multiplayer/Content/UI/Textures/Thumbs/player_03.uexp" 1789
"C:/Users/jeanc/Documents/GitHub/Felix/Multiplayer/Content/UI/Textures/Thumbs/player_02.ubulk" 1790
"C:/Users/jeanc/Documents/GitHub/Felix/Multiplayer/Content/UI/Textures/Thumbs/player_02.uasset" 1791
"C:/Users/jeanc/Documents/GitHub/Felix/Multiplayer/Content/UI/Textures/Thumbs/player_02.uexp" 1792
"C:/Users/jeanc/Documents/GitHub/Felix/Multiplayer/Content/UI/Textures/Thumbs/player_01.ubulk" 1793
"C:/Users/jeanc/Documents/GitHub/Felix/Multiplayer/Content/UI/Textures/Thumbs/player_01.uasset" 1794
"C:/Users/jeanc/Documents/GitHub/Felix/Multiplayer/Content/UI/Textures/Thumbs/player_01.uexp" 1795
"C:/Users/jeanc/Documents/GitHub/Felix/Multiplayer/Content/StylizedVolClouds/Textures/VolumeTextures/T_Tiling_VoronoiNoise_256.ubulk" 1796
"C:/Users/jeanc/Documents/GitHub/Felix/Multiplayer/Content/StylizedVolClouds/Textures/VolumeTextures/T_Tiling_VoronoiNoise_256.uasset" 1797
"C:/Users/jeanc/Documents/GitHub/Felix/Multiplayer/Content/StylizedVolClouds/Textures/VolumeTextures/T_Tiling_VoronoiNoise_256.uexp" 1798
"C:/Users/jeanc/Documents/GitHub/Felix/Multiplayer/Content/StylizedVolClouds/Textures/Default/T_Base_A.ubulk" 1799
"C:/Users/jeanc/Documents/GitHub/Felix/Multiplayer/Content/StylizedVolClouds/Textures/Default/T_Base_A.uasset" 1800
"C:/Users/jeanc/Documents/GitHub/Felix/Multiplayer/Content/StylizedVolClouds/Textures/Default/T_Base_A.uexp" 1801
"C:/Users/jeanc/Documents/GitHub/Felix/Multiplayer/Content/StarterContent/Blueprints/Assets/M_CelShade.uasset" 1802
"C:/Users/jeanc/Documents/GitHub/Felix/Multiplayer/Content/StarterContent/Blueprints/Assets/M_CelShade.uexp" 1803
"C:/Users/jeanc/Documents/GitHub/Felix/Multiplayer/Content/Mannequin/Character/Textures/T_Male_Mask.ubulk" 1804
"C:/Users/jeanc/Documents/GitHub/Felix/Multiplayer/Content/Mannequin/Character/Textures/T_Male_Mask.uasset" 1805
"C:/Users/jeanc/Documents/GitHub/Felix/Multiplayer/Content/Mannequin/Character/Textures/T_Male_Mask.uexp" 1806
"C:/Users/jeanc/Documents/GitHub/Felix/Multiplayer/Content/Mannequin/Character/Materials/MaterialLayers/T_ML_Aluminum01_N.ubulk" 1807
"C:/Users/jeanc/Documents/GitHub/Felix/Multiplayer/Content/Mannequin/Character/Materials/MaterialLayers/T_ML_Aluminum01_N.uasset" 1808
"C:/Users/jeanc/Documents/GitHub/Felix/Multiplayer/Content/Mannequin/Character/Materials/MaterialLayers/T_ML_Aluminum01_N.uexp" 1809
"../../../Engine/Content/Functions/MaterialLayerFunctions/MatLayerBlend_NormalBlend.uasset" 1810
"../../../Engine/Content/Functions/MaterialLayerFunctions/MatLayerBlend_NormalBlend.uexp" 1811
"C:/Users/jeanc/Documents/GitHub/Felix/Multiplayer/Content/Mannequin/Character/Materials/MaterialLayers/ML_Plastic_Shiny_Beige.uasset" 1812
"C:/Users/jeanc/Documents/GitHub/Felix/Multiplayer/Content/Mannequin/Character/Materials/MaterialLayers/ML_Plastic_Shiny_Beige.uexp" 1813
"C:/Users/jeanc/Documents/GitHub/Felix/Multiplayer/Content/Mannequin/Character/Materials/MaterialLayers/T_ML_Aluminum01.ubulk" 1814
"C:/Users/jeanc/Documents/GitHub/Felix/Multiplayer/Content/Mannequin/Character/Materials/MaterialLayers/T_ML_Aluminum01.uasset" 1815
"C:/Users/jeanc/Documents/GitHub/Felix/Multiplayer/Content/Mannequin/Character/Materials/MaterialLayers/T_ML_Aluminum01.uexp" 1816
"C:/Users/jeanc/Documents/GitHub/Felix/Multiplayer/Content/Mannequin/Character/Materials/MaterialLayers/ML_Plastic_Shiny_Beige_LOGO.uasset" 1817
"C:/Users/jeanc/Documents/GitHub/Felix/Multiplayer/Content/Mannequin/Character/Materials/MaterialLayers/ML_Plastic_Shiny_Beige_LOGO.uexp" 1818
"../../../Engine/Content/Functions/MaterialLayerFunctions/MatLayerBlend_Simple.uasset" 1819
"../../../Engine/Content/Functions/MaterialLayerFunctions/MatLayerBlend_Simple.uexp" 1820
"C:/Users/jeanc/Documents/GitHub/Felix/Multiplayer/Content/Mannequin/Character/Materials/MaterialLayers/T_ML_Rubber_Blue_01_N.ubulk" 1821
"C:/Users/jeanc/Documents/GitHub/Felix/Multiplayer/Content/Mannequin/Character/Materials/MaterialLayers/T_ML_Rubber_Blue_01_N.uasset" 1822
"C:/Users/jeanc/Documents/GitHub/Felix/Multiplayer/Content/Mannequin/Character/Materials/MaterialLayers/T_ML_Rubber_Blue_01_N.uexp" 1823
"C:/Users/jeanc/Documents/GitHub/Felix/Multiplayer/Content/Mannequin/Character/Materials/MaterialLayers/ML_SoftMetal_UE4.uasset" 1824
"C:/Users/jeanc/Documents/GitHub/Felix/Multiplayer/Content/Mannequin/Character/Materials/MaterialLayers/ML_SoftMetal_UE4.uexp" 1825
"C:/Users/jeanc/Documents/GitHub/Felix/Multiplayer/Content/Mannequin/Character/Materials/MaterialLayers/T_ML_Rubber_Blue_01_D.ubulk" 1826
"C:/Users/jeanc/Documents/GitHub/Felix/Multiplayer/Content/Mannequin/Character/Materials/MaterialLayers/T_ML_Rubber_Blue_01_D.uasset" 1827
"C:/Users/jeanc/Documents/GitHub/Felix/Multiplayer/Content/Mannequin/Character/Materials/MaterialLayers/T_ML_Rubber_Blue_01_D.uexp" 1828
"C:/Users/jeanc/Documents/GitHub/Felix/Multiplayer/Content/Mannequin/Character/Materials/MaterialLayers/ML_GlossyBlack_Latex_UE4.uasset" 1829
"C:/Users/jeanc/Documents/GitHub/Felix/Multiplayer/Content/Mannequin/Character/Materials/MaterialLayers/ML_GlossyBlack_Latex_UE4.uexp" 1830
"C:/Users/jeanc/Documents/GitHub/Felix/Multiplayer/Content/Mannequin/Character/Textures/T_Male_N.ubulk" 1831
"C:/Users/jeanc/Documents/GitHub/Felix/Multiplayer/Content/Mannequin/Character/Textures/T_Male_N.uasset" 1832
"C:/Users/jeanc/Documents/GitHub/Felix/Multiplayer/Content/Mannequin/Character/Textures/T_Male_N.uexp" 1833
"C:/Users/jeanc/Documents/GitHub/Felix/Multiplayer/Content/Mannequin/Character/Materials/M_Male_Body.uasset" 1834
"C:/Users/jeanc/Documents/GitHub/Felix/Multiplayer/Content/Mannequin/Character/Materials/M_Male_Body.uexp" 1835
"C:/Users/jeanc/Documents/GitHub/Felix/Multiplayer/Content/Mannequin/Character/Textures/T_UE4Logo_N.ubulk" 1836
"C:/Users/jeanc/Documents/GitHub/Felix/Multiplayer/Content/Mannequin/Character/Textures/T_UE4Logo_N.uasset" 1837
"C:/Users/jeanc/Documents/GitHub/Felix/Multiplayer/Content/Mannequin/Character/Textures/T_UE4Logo_N.uexp" 1838
"C:/Users/jeanc/Documents/GitHub/Felix/Multiplayer/Content/Mannequin/Character/Materials/M_UE4Man_ChestLogo.uasset" 1839
"C:/Users/jeanc/Documents/GitHub/Felix/Multiplayer/Content/Mannequin/Character/Materials/M_UE4Man_ChestLogo.uexp" 1840
"C:/Users/jeanc/Documents/GitHub/Felix/Multiplayer/Content/Mannequin/Character/Mesh/SK_Mannequin_PhysicsAsset.uasset" 1841
"C:/Users/jeanc/Documents/GitHub/Felix/Multiplayer/Content/Mannequin/Character/Mesh/SK_Mannequin_PhysicsAsset.uexp" 1842
"C:/Users/jeanc/Documents/GitHub/Felix/Multiplayer/Content/Mannequin/Character/Materials/M_Male_Body_Guy.uasset" 1843
"C:/Users/jeanc/Documents/GitHub/Felix/Multiplayer/Content/Mannequin/Character/Materials/M_Male_Body_Guy.uexp" 1844
"C:/Users/jeanc/Documents/GitHub/Felix/Multiplayer/Content/Mannequin/Character/Mesh/SK_Mannequin_Guy.uasset" 1845
"C:/Users/jeanc/Documents/GitHub/Felix/Multiplayer/Content/Mannequin/Character/Mesh/SK_Mannequin_Guy.uexp" 1846
"C:/Users/jeanc/Documents/GitHub/Felix/Multiplayer/Content/Mannequin/Character/Textures/T_Female_N.ubulk" 1847
"C:/Users/jeanc/Documents/GitHub/Felix/Multiplayer/Content/Mannequin/Character/Textures/T_Female_N.uasset" 1848
"C:/Users/jeanc/Documents/GitHub/Felix/Multiplayer/Content/Mannequin/Character/Textures/T_Female_N.uexp" 1849
"C:/Users/jeanc/Documents/GitHub/Felix/Multiplayer/Content/Mannequin/Character/Textures/T_Female_Mask.ubulk" 1850
"C:/Users/jeanc/Documents/GitHub/Felix/Multiplayer/Content/Mannequin/Character/Textures/T_Female_Mask.uasset" 1851
"C:/Users/jeanc/Documents/GitHub/Felix/Multiplayer/Content/Mannequin/Character/Textures/T_Female_Mask.uexp" 1852
"C:/Users/jeanc/Documents/GitHub/Felix/Multiplayer/Content/Mannequin/Character/Materials/MI_Female_Body_Laura.uasset" 1853
"C:/Users/jeanc/Documents/GitHub/Felix/Multiplayer/Content/Mannequin/Character/Materials/MI_Female_Body_Laura.uexp" 1854
"C:/Users/jeanc/Documents/GitHub/Felix/Multiplayer/Content/Mannequin/Character/Mesh/SK_Mannequin_Female_PhysicsAsset.uasset" 1855
"C:/Users/jeanc/Documents/GitHub/Felix/Multiplayer/Content/Mannequin/Character/Mesh/SK_Mannequin_Female_PhysicsAsset.uexp" 1856
"C:/Users/jeanc/Documents/GitHub/Felix/Multiplayer/Content/Mannequin/Character/Mesh/SK_Mannequin_Female_Laura.uasset" 1857
"C:/Users/jeanc/Documents/GitHub/Felix/Multiplayer/Content/Mannequin/Character/Mesh/SK_Mannequin_Female_Laura.uexp" 1858
"C:/Users/jeanc/Documents/GitHub/Felix/Multiplayer/Content/Mannequin/Character/Materials/MI_Female_Body_Em.uasset" 1859
"C:/Users/jeanc/Documents/GitHub/Felix/Multiplayer/Content/Mannequin/Character/Materials/MI_Female_Body_Em.uexp" 1860
"C:/Users/jeanc/Documents/GitHub/Felix/Multiplayer/Content/Mannequin/Character/Mesh/SK_Mannequin_Female_Em.uasset" 1861
"C:/Users/jeanc/Documents/GitHub/Felix/Multiplayer/Content/Mannequin/Character/Mesh/SK_Mannequin_Female_Em.uexp" 1862
"C:/Users/jeanc/Documents/GitHub/Felix/Multiplayer/Content/Mannequin/Character/Materials/MI_Female_Body.uasset" 1863
"C:/Users/jeanc/Documents/GitHub/Felix/Multiplayer/Content/Mannequin/Character/Materials/MI_Female_Body.uexp" 1864
"C:/Users/jeanc/Documents/GitHub/Felix/Multiplayer/Content/Mannequin/Character/Mesh/SK_Mannequin_Female.uasset" 1865
"C:/Users/jeanc/Documents/GitHub/Felix/Multiplayer/Content/Mannequin/Character/Mesh/SK_Mannequin_Female.uexp" 1866
"C:/Users/jeanc/Documents/GitHub/Felix/Multiplayer/Content/Mannequin/Character/Materials/M_Male_Body_David.uasset" 1867
"C:/Users/jeanc/Documents/GitHub/Felix/Multiplayer/Content/Mannequin/Character/Materials/M_Male_Body_David.uexp" 1868
"C:/Users/jeanc/Documents/GitHub/Felix/Multiplayer/Content/Mannequin/Character/Mesh/SK_Mannequin_David.uasset" 1869
"C:/Users/jeanc/Documents/GitHub/Felix/Multiplayer/Content/Mannequin/Character/Mesh/SK_Mannequin_David.uexp" 1870
"C:/Users/jeanc/Documents/GitHub/Felix/Multiplayer/Content/AnimalVarietyPack/Wolf/Animations/ANIM_Wolf_WalkTurnR_RM.uasset" 1871
"C:/Users/jeanc/Documents/GitHub/Felix/Multiplayer/Content/AnimalVarietyPack/Wolf/Animations/ANIM_Wolf_WalkTurnR_RM.uexp" 1872
"C:/Users/jeanc/Documents/GitHub/Felix/Multiplayer/Content/AnimalVarietyPack/Wolf/Animations/ANIM_Wolf_WalkTurnR.uasset" 1873
"C:/Users/jeanc/Documents/GitHub/Felix/Multiplayer/Content/AnimalVarietyPack/Wolf/Animations/ANIM_Wolf_WalkTurnR.uexp" 1874
"C:/Users/jeanc/Documents/GitHub/Felix/Multiplayer/Content/AnimalVarietyPack/Wolf/Animations/ANIM_Wolf_WalkTurnL_RM.uasset" 1875
"C:/Users/jeanc/Documents/GitHub/Felix/Multiplayer/Content/AnimalVarietyPack/Wolf/Animations/ANIM_Wolf_WalkTurnL_RM.uexp" 1876
"C:/Users/jeanc/Documents/GitHub/Felix/Multiplayer/Content/AnimalVarietyPack/Wolf/Animations/ANIM_Wolf_WalkTurnL.uasset" 1877
"C:/Users/jeanc/Documents/GitHub/Felix/Multiplayer/Content/AnimalVarietyPack/Wolf/Animations/ANIM_Wolf_WalkTurnL.uexp" 1878
"C:/Users/jeanc/Documents/GitHub/Felix/Multiplayer/Content/AnimalVarietyPack/Wolf/Animations/ANIM_Wolf_Sleep.uasset" 1879
"C:/Users/jeanc/Documents/GitHub/Felix/Multiplayer/Content/AnimalVarietyPack/Wolf/Animations/ANIM_Wolf_Sleep.uexp" 1880
"C:/Users/jeanc/Documents/GitHub/Felix/Multiplayer/Content/AnimalVarietyPack/Wolf/Animations/ANIM_Wolf_RunTurnR_RM.uasset" 1881
"C:/Users/jeanc/Documents/GitHub/Felix/Multiplayer/Content/AnimalVarietyPack/Wolf/Animations/ANIM_Wolf_RunTurnR_RM.uexp" 1882
"C:/Users/jeanc/Documents/GitHub/Felix/Multiplayer/Content/AnimalVarietyPack/Wolf/Animations/ANIM_Wolf_RunTurnR.uasset" 1883
"C:/Users/jeanc/Documents/GitHub/Felix/Multiplayer/Content/AnimalVarietyPack/Wolf/Animations/ANIM_Wolf_RunTurnR.uexp" 1884
"C:/Users/jeanc/Documents/GitHub/Felix/Multiplayer/Content/AnimalVarietyPack/Wolf/Animations/ANIM_Wolf_RunTurnL_RM.uasset" 1885
"C:/Users/jeanc/Documents/GitHub/Felix/Multiplayer/Content/AnimalVarietyPack/Wolf/Animations/ANIM_Wolf_RunTurnL_RM.uexp" 1886
"C:/Users/jeanc/Documents/GitHub/Felix/Multiplayer/Content/AnimalVarietyPack/Wolf/Animations/ANIM_Wolf_RunTurnL.uasset" 1887
"C:/Users/jeanc/Documents/GitHub/Felix/Multiplayer/Content/AnimalVarietyPack/Wolf/Animations/ANIM_Wolf_RunTurnL.uexp" 1888
"C:/Users/jeanc/Documents/GitHub/Felix/Multiplayer/Content/AnimalVarietyPack/Wolf/Animations/ANIM_Wolf_RestToGoBackUp.uasset" 1889
"C:/Users/jeanc/Documents/GitHub/Felix/Multiplayer/Content/AnimalVarietyPack/Wolf/Animations/ANIM_Wolf_RestToGoBackUp.uexp" 1890
"C:/Users/jeanc/Documents/GitHub/Felix/Multiplayer/Content/AnimalVarietyPack/Wolf/Animations/ANIM_Wolf_Rest.uasset" 1891
"C:/Users/jeanc/Documents/GitHub/Felix/Multiplayer/Content/AnimalVarietyPack/Wolf/Animations/ANIM_Wolf_Rest.uexp" 1892
"C:/Users/jeanc/Documents/GitHub/Felix/Multiplayer/Content/AnimalVarietyPack/Wolf/Animations/ANIM_Wolf_GoToRest.uasset" 1893
"C:/Users/jeanc/Documents/GitHub/Felix/Multiplayer/Content/AnimalVarietyPack/Wolf/Animations/ANIM_Wolf_GoToRest.uexp" 1894
"C:/Users/jeanc/Documents/GitHub/Felix/Multiplayer/Content/AnimalVarietyPack/Pig/Animations/ANIM_Pig_WalkTurnR_RM.uasset" 1895
"C:/Users/jeanc/Documents/GitHub/Felix/Multiplayer/Content/AnimalVarietyPack/Pig/Animations/ANIM_Pig_WalkTurnR_RM.uexp" 1896
"C:/Users/jeanc/Documents/GitHub/Felix/Multiplayer/Content/AnimalVarietyPack/Pig/Animations/ANIM_Pig_WalkTurnR.uasset" 1897
"C:/Users/jeanc/Documents/GitHub/Felix/Multiplayer/Content/AnimalVarietyPack/Pig/Animations/ANIM_Pig_WalkTurnR.uexp" 1898
"C:/Users/jeanc/Documents/GitHub/Felix/Multiplayer/Content/AnimalVarietyPack/Pig/Animations/ANIM_Pig_WalkTurnL_RM.uasset" 1899
"C:/Users/jeanc/Documents/GitHub/Felix/Multiplayer/Content/AnimalVarietyPack/Pig/Animations/ANIM_Pig_WalkTurnL_RM.uexp" 1900
"C:/Users/jeanc/Documents/GitHub/Felix/Multiplayer/Content/AnimalVarietyPack/Pig/Animations/ANIM_Pig_WalkTurnL.uasset" 1901
"C:/Users/jeanc/Documents/GitHub/Felix/Multiplayer/Content/AnimalVarietyPack/Pig/Animations/ANIM_Pig_WalkTurnL.uexp" 1902
"C:/Users/jeanc/Documents/GitHub/Felix/Multiplayer/Content/AnimalVarietyPack/Pig/Animations/ANIM_Pig_RunTurnR_RM.uasset" 1903
"C:/Users/jeanc/Documents/GitHub/Felix/Multiplayer/Content/AnimalVarietyPack/Pig/Animations/ANIM_Pig_RunTurnR_RM.uexp" 1904
"C:/Users/jeanc/Documents/GitHub/Felix/Multiplayer/Content/AnimalVarietyPack/Pig/Animations/ANIM_Pig_RunTurnR.uasset" 1905
"C:/Users/jeanc/Documents/GitHub/Felix/Multiplayer/Content/AnimalVarietyPack/Pig/Animations/ANIM_Pig_RunTurnR.uexp" 1906
"C:/Users/jeanc/Documents/GitHub/Felix/Multiplayer/Content/AnimalVarietyPack/Pig/Animations/ANIM_Pig_RunTurnL_RM.uasset" 1907
"C:/Users/jeanc/Documents/GitHub/Felix/Multiplayer/Content/AnimalVarietyPack/Pig/Animations/ANIM_Pig_RunTurnL_RM.uexp" 1908
"C:/Users/jeanc/Documents/GitHub/Felix/Multiplayer/Content/AnimalVarietyPack/Pig/Animations/ANIM_Pig_RunTurnL.uasset" 1909
"C:/Users/jeanc/Documents/GitHub/Felix/Multiplayer/Content/AnimalVarietyPack/Pig/Animations/ANIM_Pig_RunTurnL.uexp" 1910
"C:/Users/jeanc/Documents/GitHub/Felix/Multiplayer/Content/AnimalVarietyPack/Pig/Animations/ANIM_Pig_Rest.uasset" 1911
"C:/Users/jeanc/Documents/GitHub/Felix/Multiplayer/Content/AnimalVarietyPack/Pig/Animations/ANIM_Pig_Rest.uexp" 1912
"C:/Users/jeanc/Documents/GitHub/Felix/Multiplayer/Content/AnimalVarietyPack/Pig/Animations/ANIM_Pig_JumpAttack_RM.uasset" 1913
"C:/Users/jeanc/Documents/GitHub/Felix/Multiplayer/Content/AnimalVarietyPack/Pig/Animations/ANIM_Pig_JumpAttack_RM.uexp" 1914
"C:/Users/jeanc/Documents/GitHub/Felix/Multiplayer/Content/AnimalVarietyPack/Pig/Animations/ANIM_Pig_JumpAttack.uasset" 1915
"C:/Users/jeanc/Documents/GitHub/Felix/Multiplayer/Content/AnimalVarietyPack/Pig/Animations/ANIM_Pig_JumpAttack.uexp" 1916
"C:/Users/jeanc/Documents/GitHub/Felix/Multiplayer/Content/AnimalVarietyPack/Pig/Animations/ANIM_Pig_GoToRest.uasset" 1917
"C:/Users/jeanc/Documents/GitHub/Felix/Multiplayer/Content/AnimalVarietyPack/Pig/Animations/ANIM_Pig_GoToRest.uexp" 1918
"C:/Users/jeanc/Documents/GitHub/Felix/Multiplayer/Content/AnimalVarietyPack/Pig/Animations/ANIM_Pig_GoBackUp.uasset" 1919
"C:/Users/jeanc/Documents/GitHub/Felix/Multiplayer/Content/AnimalVarietyPack/Pig/Animations/ANIM_Pig_GoBackUp.uexp" 1920
"C:/Users/jeanc/Documents/GitHub/Felix/Multiplayer/Content/AnimalVarietyPack/Fox/Animations/ANIM_Fox_WalkTurnR_RM.uasset" 1921
"C:/Users/jeanc/Documents/GitHub/Felix/Multiplayer/Content/AnimalVarietyPack/Fox/Animations/ANIM_Fox_WalkTurnR_RM.uexp" 1922
"C:/Users/jeanc/Documents/GitHub/Felix/Multiplayer/Content/AnimalVarietyPack/Fox/Animations/ANIM_Fox_WalkTurnR.uasset" 1923
"C:/Users/jeanc/Documents/GitHub/Felix/Multiplayer/Content/AnimalVarietyPack/Fox/Animations/ANIM_Fox_WalkTurnR.uexp" 1924
"C:/Users/jeanc/Documents/GitHub/Felix/Multiplayer/Content/AnimalVarietyPack/Fox/Animations/ANIM_Fox_WalkTurnL_RM.uasset" 1925
"C:/Users/jeanc/Documents/GitHub/Felix/Multiplayer/Content/AnimalVarietyPack/Fox/Animations/ANIM_Fox_WalkTurnL_RM.uexp" 1926
"C:/Users/jeanc/Documents/GitHub/Felix/Multiplayer/Content/AnimalVarietyPack/Fox/Animations/ANIM_Fox_WalkTurnL.uasset" 1927
"C:/Users/jeanc/Documents/GitHub/Felix/Multiplayer/Content/AnimalVarietyPack/Fox/Animations/ANIM_Fox_WalkTurnL.uexp" 1928
"C:/Users/jeanc/Documents/GitHub/Felix/Multiplayer/Content/AnimalVarietyPack/Fox/Animations/ANIM_Fox_Sleeping.uasset" 1929
"C:/Users/jeanc/Documents/GitHub/Felix/Multiplayer/Content/AnimalVarietyPack/Fox/Animations/ANIM_Fox_Sleeping.uexp" 1930
"C:/Users/jeanc/Documents/GitHub/Felix/Multiplayer/Content/AnimalVarietyPack/Fox/Animations/ANIM_Fox_RunTurnR_RM.uasset" 1931
"C:/Users/jeanc/Documents/GitHub/Felix/Multiplayer/Content/AnimalVarietyPack/Fox/Animations/ANIM_Fox_RunTurnR_RM.uexp" 1932
"C:/Users/jeanc/Documents/GitHub/Felix/Multiplayer/Content/AnimalVarietyPack/Fox/Animations/ANIM_Fox_RunTurnR.uasset" 1933
"C:/Users/jeanc/Documents/GitHub/Felix/Multiplayer/Content/AnimalVarietyPack/Fox/Animations/ANIM_Fox_RunTurnR.uexp" 1934
"C:/Users/jeanc/Documents/GitHub/Felix/Multiplayer/Content/AnimalVarietyPack/Fox/Animations/ANIM_Fox_RunTurnL_RM.uasset" 1935
"C:/Users/jeanc/Documents/GitHub/Felix/Multiplayer/Content/AnimalVarietyPack/Fox/Animations/ANIM_Fox_RunTurnL_RM.uexp" 1936
"C:/Users/jeanc/Documents/GitHub/Felix/Multiplayer/Content/AnimalVarietyPack/Fox/Animations/ANIM_Fox_RunTurnL.uasset" 1937
"C:/Users/jeanc/Documents/GitHub/Felix/Multiplayer/Content/AnimalVarietyPack/Fox/Animations/ANIM_Fox_RunTurnL.uexp" 1938
"C:/Users/jeanc/Documents/GitHub/Felix/Multiplayer/Content/AnimalVarietyPack/Fox/Animations/ANIM_Fox_RestToGoBackUp.uasset" 1939
"C:/Users/jeanc/Documents/GitHub/Felix/Multiplayer/Content/AnimalVarietyPack/Fox/Animations/ANIM_Fox_RestToGoBackUp.uexp" 1940
"C:/Users/jeanc/Documents/GitHub/Felix/Multiplayer/Content/AnimalVarietyPack/Fox/Animations/ANIM_Fox_Resting.uasset" 1941
"C:/Users/jeanc/Documents/GitHub/Felix/Multiplayer/Content/AnimalVarietyPack/Fox/Animations/ANIM_Fox_Resting.uexp" 1942
"C:/Users/jeanc/Documents/GitHub/Felix/Multiplayer/Content/AnimalVarietyPack/Fox/Animations/ANIM_Fox_GoToRest.uasset" 1943
"C:/Users/jeanc/Documents/GitHub/Felix/Multiplayer/Content/AnimalVarietyPack/Fox/Animations/ANIM_Fox_GoToRest.uexp" 1944
"C:/Users/jeanc/Documents/GitHub/Felix/Multiplayer/Content/AnimalVarietyPack/DeerStagAndDoe/Meshes/SK_DeerStag_Skeleton.uasset" 1945
"C:/Users/jeanc/Documents/GitHub/Felix/Multiplayer/Content/AnimalVarietyPack/DeerStagAndDoe/Meshes/SK_DeerStag_Skeleton.uexp" 1946
"C:/Users/jeanc/Documents/GitHub/Felix/Multiplayer/Content/AnimalVarietyPack/DeerStagAndDoe/Animations/ANIM_DeerStag_WalkTurnR_RM.uasset" 1947
"C:/Users/jeanc/Documents/GitHub/Felix/Multiplayer/Content/AnimalVarietyPack/DeerStagAndDoe/Animations/ANIM_DeerStag_WalkTurnR_RM.uexp" 1948
"C:/Users/jeanc/Documents/GitHub/Felix/Multiplayer/Content/AnimalVarietyPack/DeerStagAndDoe/Animations/ANIM_DeerStag_WalkTurnR.uasset" 1949
"C:/Users/jeanc/Documents/GitHub/Felix/Multiplayer/Content/AnimalVarietyPack/DeerStagAndDoe/Animations/ANIM_DeerStag_WalkTurnR.uexp" 1950
"C:/Users/jeanc/Documents/GitHub/Felix/Multiplayer/Content/AnimalVarietyPack/DeerStagAndDoe/Animations/ANIM_DeerStag_WalkTurnL_RM.uasset" 1951
"C:/Users/jeanc/Documents/GitHub/Felix/Multiplayer/Content/AnimalVarietyPack/DeerStagAndDoe/Animations/ANIM_DeerStag_WalkTurnL_RM.uexp" 1952
"C:/Users/jeanc/Documents/GitHub/Felix/Multiplayer/Content/AnimalVarietyPack/DeerStagAndDoe/Animations/ANIM_DeerStag_WalkTurnL.uasset" 1953
"C:/Users/jeanc/Documents/GitHub/Felix/Multiplayer/Content/AnimalVarietyPack/DeerStagAndDoe/Animations/ANIM_DeerStag_WalkTurnL.uexp" 1954
"C:/Users/jeanc/Documents/GitHub/Felix/Multiplayer/Content/AnimalVarietyPack/DeerStagAndDoe/Animations/ANIM_DeerStag_WalkGraze_RM.uasset" 1955
"C:/Users/jeanc/Documents/GitHub/Felix/Multiplayer/Content/AnimalVarietyPack/DeerStagAndDoe/Animations/ANIM_DeerStag_WalkGraze_RM.uexp" 1956
"C:/Users/jeanc/Documents/GitHub/Felix/Multiplayer/Content/AnimalVarietyPack/DeerStagAndDoe/Animations/ANIM_DeerStag_SleepToGoBackUp.uasset" 1957
"C:/Users/jeanc/Documents/GitHub/Felix/Multiplayer/Content/AnimalVarietyPack/DeerStagAndDoe/Animations/ANIM_DeerStag_SleepToGoBackUp.uexp" 1958
"C:/Users/jeanc/Documents/GitHub/Felix/Multiplayer/Content/AnimalVarietyPack/DeerStagAndDoe/Animations/ANIM_DeerStag_Sleep.uasset" 1959
"C:/Users/jeanc/Documents/GitHub/Felix/Multiplayer/Content/AnimalVarietyPack/DeerStagAndDoe/Animations/ANIM_DeerStag_Sleep.uexp" 1960
"C:/Users/jeanc/Documents/GitHub/Felix/Multiplayer/Content/AnimalVarietyPack/DeerStagAndDoe/Animations/ANIM_DeerStag_RestToGoBackUp.uasset" 1961
"C:/Users/jeanc/Documents/GitHub/Felix/Multiplayer/Content/AnimalVarietyPack/DeerStagAndDoe/Animations/ANIM_DeerStag_RestToGoBackUp.uexp" 1962
"C:/Users/jeanc/Documents/GitHub/Felix/Multiplayer/Content/AnimalVarietyPack/DeerStagAndDoe/Animations/ANIM_DeerStag_Rest.uasset" 1963
"C:/Users/jeanc/Documents/GitHub/Felix/Multiplayer/Content/AnimalVarietyPack/DeerStagAndDoe/Animations/ANIM_DeerStag_Rest.uexp" 1964
"C:/Users/jeanc/Documents/GitHub/Felix/Multiplayer/Content/AnimalVarietyPack/DeerStagAndDoe/Animations/ANIM_DeerStag_IdleGraze.uasset" 1965
"C:/Users/jeanc/Documents/GitHub/Felix/Multiplayer/Content/AnimalVarietyPack/DeerStagAndDoe/Animations/ANIM_DeerStag_IdleGraze.uexp" 1966
"C:/Users/jeanc/Documents/GitHub/Felix/Multiplayer/Content/AnimalVarietyPack/DeerStagAndDoe/Animations/ANIM_DeerStag_IdleChew.uasset" 1967
"C:/Users/jeanc/Documents/GitHub/Felix/Multiplayer/Content/AnimalVarietyPack/DeerStagAndDoe/Animations/ANIM_DeerStag_IdleChew.uexp" 1968
"C:/Users/jeanc/Documents/GitHub/Felix/Multiplayer/Content/AnimalVarietyPack/DeerStagAndDoe/Animations/ANIM_DeerStag_GrazeOnce.uasset" 1969
"C:/Users/jeanc/Documents/GitHub/Felix/Multiplayer/Content/AnimalVarietyPack/DeerStagAndDoe/Animations/ANIM_DeerStag_GrazeOnce.uexp" 1970
"C:/Users/jeanc/Documents/GitHub/Felix/Multiplayer/Content/AnimalVarietyPack/DeerStagAndDoe/Animations/ANIM_DeerStag_GoToRest.uasset" 1971
"C:/Users/jeanc/Documents/GitHub/Felix/Multiplayer/Content/AnimalVarietyPack/DeerStagAndDoe/Animations/ANIM_DeerStag_GoToRest.uexp" 1972
"../../../Engine/Content/Functions/Engine_MaterialFunctions01/Shading/PowerToRoughness.uasset" 1973
"../../../Engine/Content/Functions/Engine_MaterialFunctions01/Shading/PowerToRoughness.uexp" 1974
"../../../Engine/Content/Functions/Engine_MaterialFunctions01/Shading/ConvertFromDiffSpec.uasset" 1975
"../../../Engine/Content/Functions/Engine_MaterialFunctions01/Shading/ConvertFromDiffSpec.uexp" 1976
"../../../Engine/Content/EngineMaterials/Substrate/Volume/SubstrateSimpleVolumeLUT3D.uasset" 1977
"../../../Engine/Content/EngineMaterials/Substrate/Volume/SubstrateSimpleVolumeLUT3D.uexp" 1978
"../../../Engine/Content/EngineMaterials/Substrate/Volume/SubstrateSimpleVolumeEnvLUT3D.uasset" 1979
"../../../Engine/Content/EngineMaterials/Substrate/Volume/SubstrateSimpleVolumeEnvLUT3D.uexp" 1980
"../../../Engine/Content/EngineMaterials/Substrate/GLints2/AGlintTex2dArray2.uasset" 1981
"../../../Engine/Content/EngineMaterials/Substrate/GLints2/AGlintTex2dArray2.uexp" 1982
"../../../Engine/Content/EngineMaterials/Substrate/GLints/AGlintTex2dArray.uasset" 1983
"../../../Engine/Content/EngineMaterials/Substrate/GLints/AGlintTex2dArray.uexp" 1984
"C:/Users/jeanc/Documents/GitHub/Felix/Multiplayer/Content/Vefects/Easy_Shockwaves_VFX/Shared/Textures/T_VFX_Linear_Gradient_DT.ubulk" 1985
"C:/Users/jeanc/Documents/GitHub/Felix/Multiplayer/Content/Vefects/Easy_Shockwaves_VFX/Shared/Textures/T_VFX_Linear_Gradient_DT.uasset" 1986
"C:/Users/jeanc/Documents/GitHub/Felix/Multiplayer/Content/Vefects/Easy_Shockwaves_VFX/Shared/Textures/T_VFX_Linear_Gradient_DT.uexp" 1987
"C:/Users/jeanc/Documents/GitHub/Felix/Multiplayer/Content/Vefects/Easy_Shockwaves_VFX/Shared/Textures/T_VFX_Easy_Shockwaves_Noise_01_Normal.ubulk" 1988
"C:/Users/jeanc/Documents/GitHub/Felix/Multiplayer/Content/Vefects/Easy_Shockwaves_VFX/Shared/Textures/T_VFX_Easy_Shockwaves_Noise_01_Normal.uasset" 1989
"C:/Users/jeanc/Documents/GitHub/Felix/Multiplayer/Content/Vefects/Easy_Shockwaves_VFX/Shared/Textures/T_VFX_Easy_Shockwaves_Noise_01_Normal.uexp" 1990
"C:/Users/jeanc/Documents/GitHub/Felix/Multiplayer/Content/Vefects/Easy_Shockwaves_VFX/Shared/Textures/T_VFX_Easy_Shockwaves_Linear_Mask_02.ubulk" 1991
"C:/Users/jeanc/Documents/GitHub/Felix/Multiplayer/Content/Vefects/Easy_Shockwaves_VFX/Shared/Textures/T_VFX_Easy_Shockwaves_Linear_Mask_02.uasset" 1992
"C:/Users/jeanc/Documents/GitHub/Felix/Multiplayer/Content/Vefects/Easy_Shockwaves_VFX/Shared/Textures/T_VFX_Easy_Shockwaves_Linear_Mask_02.uexp" 1993
"C:/Users/jeanc/Documents/GitHub/Felix/Multiplayer/Content/Vefects/Easy_Shockwaves_VFX/Shared/Textures/T_VFX_Easy_Shockwaves_Noise_01.ubulk" 1994
"C:/Users/jeanc/Documents/GitHub/Felix/Multiplayer/Content/Vefects/Easy_Shockwaves_VFX/Shared/Textures/T_VFX_Easy_Shockwaves_Noise_01.uasset" 1995
"C:/Users/jeanc/Documents/GitHub/Felix/Multiplayer/Content/Vefects/Easy_Shockwaves_VFX/Shared/Textures/T_VFX_Easy_Shockwaves_Noise_01.uexp" 1996
"../../../Engine/Content/Functions/Engine_MaterialFunctions02/Utility/AppendMany.uasset" 1997
"../../../Engine/Content/Functions/Engine_MaterialFunctions02/Utility/AppendMany.uexp" 1998
"C:/Users/jeanc/Documents/GitHub/Felix/Multiplayer/Content/Vefects/Easy_Shockwaves_VFX/Shared/Textures/T_VFX_Easy_Shockwaves_Noise_03.ubulk" 1999
"C:/Users/jeanc/Documents/GitHub/Felix/Multiplayer/Content/Vefects/Easy_Shockwaves_VFX/Shared/Textures/T_VFX_Easy_Shockwaves_Noise_03.uasset" 2000
"C:/Users/jeanc/Documents/GitHub/Felix/Multiplayer/Content/Vefects/Easy_Shockwaves_VFX/Shared/Textures/T_VFX_Easy_Shockwaves_Noise_03.uexp" 2001
"C:/Users/jeanc/Documents/GitHub/Felix/Multiplayer/Content/Vefects/Easy_Shockwaves_VFX/Shared/Materials/M_VFX_Shockwave_01.uasset" 2002
"C:/Users/jeanc/Documents/GitHub/Felix/Multiplayer/Content/Vefects/Easy_Shockwaves_VFX/Shared/Materials/M_VFX_Shockwave_01.uexp" 2003
"C:/Users/jeanc/Documents/GitHub/Felix/Multiplayer/Content/Vefects/Easy_Shockwaves_VFX/VFX/Shockwaves/Materials/MI_VFX_Shockwave_02_RGB_Pow.uasset" 2004
"C:/Users/jeanc/Documents/GitHub/Felix/Multiplayer/Content/Vefects/Easy_Shockwaves_VFX/VFX/Shockwaves/Materials/MI_VFX_Shockwave_02_RGB_Pow.uexp" 2005
"C:/Users/jeanc/Documents/GitHub/Felix/Multiplayer/Content/Vefects/Easy_Shockwaves_VFX/VFX/Shockwaves/Materials/MI_VFX_Shockwave_02_Additive_RGB_Pow.uasset" 2006
"C:/Users/jeanc/Documents/GitHub/Felix/Multiplayer/Content/Vefects/Easy_Shockwaves_VFX/VFX/Shockwaves/Materials/MI_VFX_Shockwave_02_Additive_RGB_Pow.uexp" 2007
"C:/Users/jeanc/Documents/GitHub/Felix/Multiplayer/Content/Vefects/Easy_Shockwaves_VFX/Shared/Textures/T_VFX_Noise_Packed_01.ubulk" 2008
"C:/Users/jeanc/Documents/GitHub/Felix/Multiplayer/Content/Vefects/Easy_Shockwaves_VFX/Shared/Textures/T_VFX_Noise_Packed_01.uasset" 2009
"C:/Users/jeanc/Documents/GitHub/Felix/Multiplayer/Content/Vefects/Easy_Shockwaves_VFX/Shared/Textures/T_VFX_Noise_Packed_01.uexp" 2010
"C:/Users/jeanc/Documents/GitHub/Felix/Multiplayer/Content/Vefects/Easy_Shockwaves_VFX/Shared/Textures/T_VFX_Linear_Gradient_TD.ubulk" 2011
"C:/Users/jeanc/Documents/GitHub/Felix/Multiplayer/Content/Vefects/Easy_Shockwaves_VFX/Shared/Textures/T_VFX_Linear_Gradient_TD.uasset" 2012
"C:/Users/jeanc/Documents/GitHub/Felix/Multiplayer/Content/Vefects/Easy_Shockwaves_VFX/Shared/Textures/T_VFX_Linear_Gradient_TD.uexp" 2013
"C:/Users/jeanc/Documents/GitHub/Felix/Multiplayer/Content/Vefects/Easy_Shockwaves_VFX/Shared/Textures/T_VFX_Linear_Gradient_RL.ubulk" 2014
"C:/Users/jeanc/Documents/GitHub/Felix/Multiplayer/Content/Vefects/Easy_Shockwaves_VFX/Shared/Textures/T_VFX_Linear_Gradient_RL.uasset" 2015
"C:/Users/jeanc/Documents/GitHub/Felix/Multiplayer/Content/Vefects/Easy_Shockwaves_VFX/Shared/Textures/T_VFX_Linear_Gradient_RL.uexp" 2016
"C:/Users/jeanc/Documents/GitHub/Felix/Multiplayer/Content/Vefects/Easy_Shockwaves_VFX/Shared/Textures/T_VFX_Linear_Gradient_Mirror_Horizontal_Hard.ubulk" 2017
"C:/Users/jeanc/Documents/GitHub/Felix/Multiplayer/Content/Vefects/Easy_Shockwaves_VFX/Shared/Textures/T_VFX_Linear_Gradient_Mirror_Horizontal_Hard.uasset" 2018
"C:/Users/jeanc/Documents/GitHub/Felix/Multiplayer/Content/Vefects/Easy_Shockwaves_VFX/Shared/Textures/T_VFX_Linear_Gradient_Mirror_Horizontal_Hard.uexp" 2019
"C:/Users/jeanc/Documents/GitHub/Felix/Multiplayer/Content/Vefects/Easy_Shockwaves_VFX/Shared/Textures/T_VFX_Linear_Gradient_Mirror_Horizontal_01.ubulk" 2020
"C:/Users/jeanc/Documents/GitHub/Felix/Multiplayer/Content/Vefects/Easy_Shockwaves_VFX/Shared/Textures/T_VFX_Linear_Gradient_Mirror_Horizontal_01.uasset" 2021
"C:/Users/jeanc/Documents/GitHub/Felix/Multiplayer/Content/Vefects/Easy_Shockwaves_VFX/Shared/Textures/T_VFX_Linear_Gradient_Mirror_Horizontal_01.uexp" 2022
"C:/Users/jeanc/Documents/GitHub/Felix/Multiplayer/Content/Vefects/Easy_Shockwaves_VFX/Shared/Textures/T_VFX_Linear_Gradient_Mirror_Horizontal.ubulk" 2023
"C:/Users/jeanc/Documents/GitHub/Felix/Multiplayer/Content/Vefects/Easy_Shockwaves_VFX/Shared/Textures/T_VFX_Linear_Gradient_Mirror_Horizontal.uasset" 2024
"C:/Users/jeanc/Documents/GitHub/Felix/Multiplayer/Content/Vefects/Easy_Shockwaves_VFX/Shared/Textures/T_VFX_Linear_Gradient_Mirror_Horizontal.uexp" 2025
"C:/Users/jeanc/Documents/GitHub/Felix/Multiplayer/Content/Vefects/Easy_Shockwaves_VFX/Shared/Textures/T_VFX_Linear_Gradient_LR.ubulk" 2026
"C:/Users/jeanc/Documents/GitHub/Felix/Multiplayer/Content/Vefects/Easy_Shockwaves_VFX/Shared/Textures/T_VFX_Linear_Gradient_LR.uasset" 2027
"C:/Users/jeanc/Documents/GitHub/Felix/Multiplayer/Content/Vefects/Easy_Shockwaves_VFX/Shared/Textures/T_VFX_Linear_Gradient_LR.uexp" 2028
"C:/Users/jeanc/Documents/GitHub/Felix/Multiplayer/Content/Vefects/Easy_Shockwaves_VFX/Shared/Textures/T_VFX_Glows_Packed_01.ubulk" 2029
"C:/Users/jeanc/Documents/GitHub/Felix/Multiplayer/Content/Vefects/Easy_Shockwaves_VFX/Shared/Textures/T_VFX_Glows_Packed_01.uasset" 2030
"C:/Users/jeanc/Documents/GitHub/Felix/Multiplayer/Content/Vefects/Easy_Shockwaves_VFX/Shared/Textures/T_VFX_Glows_Packed_01.uexp" 2031
"C:/Users/jeanc/Documents/GitHub/Felix/Multiplayer/Content/Vefects/Easy_Shockwaves_VFX/Shared/Textures/T_VFX_Easy_Shockwaves_Radial_Glow_01.ubulk" 2032
"C:/Users/jeanc/Documents/GitHub/Felix/Multiplayer/Content/Vefects/Easy_Shockwaves_VFX/Shared/Textures/T_VFX_Easy_Shockwaves_Radial_Glow_01.uasset" 2033
"C:/Users/jeanc/Documents/GitHub/Felix/Multiplayer/Content/Vefects/Easy_Shockwaves_VFX/Shared/Textures/T_VFX_Easy_Shockwaves_Radial_Glow_01.uexp" 2034
"C:/Users/jeanc/Documents/GitHub/Felix/Multiplayer/Content/Vefects/Easy_Shockwaves_VFX/Shared/Textures/T_VFX_Easy_Shockwaves_Noise_03_Normal.ubulk" 2035
"C:/Users/jeanc/Documents/GitHub/Felix/Multiplayer/Content/Vefects/Easy_Shockwaves_VFX/Shared/Textures/T_VFX_Easy_Shockwaves_Noise_03_Normal.uasset" 2036
"C:/Users/jeanc/Documents/GitHub/Felix/Multiplayer/Content/Vefects/Easy_Shockwaves_VFX/Shared/Textures/T_VFX_Easy_Shockwaves_Noise_03_Normal.uexp" 2037
"C:/Users/jeanc/Documents/GitHub/Felix/Multiplayer/Content/Vefects/Easy_Shockwaves_VFX/Shared/Textures/T_VFX_Easy_Shockwaves_Noise_02_Normal.ubulk" 2038
"C:/Users/jeanc/Documents/GitHub/Felix/Multiplayer/Content/Vefects/Easy_Shockwaves_VFX/Shared/Textures/T_VFX_Easy_Shockwaves_Noise_02_Normal.uasset" 2039
"C:/Users/jeanc/Documents/GitHub/Felix/Multiplayer/Content/Vefects/Easy_Shockwaves_VFX/Shared/Textures/T_VFX_Easy_Shockwaves_Noise_02_Normal.uexp" 2040
"C:/Users/jeanc/Documents/GitHub/Felix/Multiplayer/Content/Vefects/Easy_Shockwaves_VFX/Shared/Textures/T_VFX_Easy_Shockwaves_Noise_02.ubulk" 2041
"C:/Users/jeanc/Documents/GitHub/Felix/Multiplayer/Content/Vefects/Easy_Shockwaves_VFX/Shared/Textures/T_VFX_Easy_Shockwaves_Noise_02.uasset" 2042
"C:/Users/jeanc/Documents/GitHub/Felix/Multiplayer/Content/Vefects/Easy_Shockwaves_VFX/Shared/Textures/T_VFX_Easy_Shockwaves_Noise_02.uexp" 2043
"C:/Users/jeanc/Documents/GitHub/Felix/Multiplayer/Content/Vefects/Easy_Shockwaves_VFX/Shared/Textures/T_VFX_Easy_Shockwaves_Linear_Mask_02_N.ubulk" 2044
"C:/Users/jeanc/Documents/GitHub/Felix/Multiplayer/Content/Vefects/Easy_Shockwaves_VFX/Shared/Textures/T_VFX_Easy_Shockwaves_Linear_Mask_02_N.uasset" 2045
"C:/Users/jeanc/Documents/GitHub/Felix/Multiplayer/Content/Vefects/Easy_Shockwaves_VFX/Shared/Textures/T_VFX_Easy_Shockwaves_Linear_Mask_02_N.uexp" 2046
"C:/Users/jeanc/Documents/GitHub/Felix/Multiplayer/Content/Vefects/Easy_Shockwaves_VFX/Shared/Textures/T_VFX_Easy_Shockwaves_Linear_Mask_01_N.ubulk" 2047
"C:/Users/jeanc/Documents/GitHub/Felix/Multiplayer/Content/Vefects/Easy_Shockwaves_VFX/Shared/Textures/T_VFX_Easy_Shockwaves_Linear_Mask_01_N.uasset" 2048
"C:/Users/jeanc/Documents/GitHub/Felix/Multiplayer/Content/Vefects/Easy_Shockwaves_VFX/Shared/Textures/T_VFX_Easy_Shockwaves_Linear_Mask_01_N.uexp" 2049
"C:/Users/jeanc/Documents/GitHub/Felix/Multiplayer/Content/Vefects/Easy_Shockwaves_VFX/Shared/Meshes/SM_VFX_Cyl_In_Out_Floor_Depth_01.ubulk" 2050
"C:/Users/jeanc/Documents/GitHub/Felix/Multiplayer/Content/Vefects/Easy_Shockwaves_VFX/Shared/Meshes/SM_VFX_Cyl_In_Out_Floor_Depth_01.uasset" 2051
"C:/Users/jeanc/Documents/GitHub/Felix/Multiplayer/Content/Vefects/Easy_Shockwaves_VFX/Shared/Meshes/SM_VFX_Cyl_In_Out_Floor_Depth_01.uexp" 2052
"C:/Users/jeanc/Documents/GitHub/Felix/Multiplayer/Content/Vefects/Easy_Shockwaves_VFX/Shared/Meshes/SM_VFX_Cyl_In_Out_Floor_01.ubulk" 2053
"C:/Users/jeanc/Documents/GitHub/Felix/Multiplayer/Content/Vefects/Easy_Shockwaves_VFX/Shared/Meshes/SM_VFX_Cyl_In_Out_Floor_01.uasset" 2054
"C:/Users/jeanc/Documents/GitHub/Felix/Multiplayer/Content/Vefects/Easy_Shockwaves_VFX/Shared/Meshes/SM_VFX_Cyl_In_Out_Floor_01.uexp" 2055
"C:/Users/jeanc/Documents/GitHub/Felix/Multiplayer/Content/Vefects/Easy_Shockwaves_VFX/Demo/Shared/Materials/MM_Text_01.uasset" 2056
"C:/Users/jeanc/Documents/GitHub/Felix/Multiplayer/Content/Vefects/Easy_Shockwaves_VFX/Demo/Shared/Materials/MM_Text_01.uexp" 2057
"C:/Users/jeanc/Documents/GitHub/Felix/Multiplayer/Content/Vefects/Easy_Shockwaves_VFX/Demo/Shared/Materials/MI_Text_01.uasset" 2058
"C:/Users/jeanc/Documents/GitHub/Felix/Multiplayer/Content/Vefects/Easy_Shockwaves_VFX/Demo/Shared/Materials/MI_Text_01.uexp" 2059
"C:/Users/jeanc/Documents/GitHub/Felix/Multiplayer/Content/Vefects/Easy_Shockwaves_VFX/Demo/Shared/Materials/MM_Opaque.uasset" 2060
"C:/Users/jeanc/Documents/GitHub/Felix/Multiplayer/Content/Vefects/Easy_Shockwaves_VFX/Demo/Shared/Materials/MM_Opaque.uexp" 2061
"C:/Users/jeanc/Documents/GitHub/Felix/Multiplayer/Content/Vefects/Easy_Shockwaves_VFX/Demo/Shared/Materials/MI_Opaque_Dark_01.uasset" 2062
"C:/Users/jeanc/Documents/GitHub/Felix/Multiplayer/Content/Vefects/Easy_Shockwaves_VFX/Demo/Shared/Materials/MI_Opaque_Dark_01.uexp" 2063
"C:/Users/jeanc/Documents/GitHub/Felix/Multiplayer/Content/Vefects/Easy_Shockwaves_VFX/Demo/Shared/Cam/Cam_Shake_Slight.uasset" 2064
"C:/Users/jeanc/Documents/GitHub/Felix/Multiplayer/Content/Vefects/Easy_Shockwaves_VFX/Demo/Shared/Cam/Cam_Shake_Slight.uexp" 2065
"C:/Users/jeanc/Documents/GitHub/Felix/Multiplayer/Content/Vefects/Easy_Shockwaves_VFX/Demo/Shared/Cam/Cam_Shake.uasset" 2066
"C:/Users/jeanc/Documents/GitHub/Felix/Multiplayer/Content/Vefects/Easy_Shockwaves_VFX/Demo/Shared/Cam/Cam_Shake.uexp" 2067
"C:/Users/jeanc/Documents/GitHub/Felix/Multiplayer/Content/Vefects/Easy_Shockwaves_VFX/Audio/Waves/SFX_Vefects_Shockwave_15_500ms.ubulk" 2068
"C:/Users/jeanc/Documents/GitHub/Felix/Multiplayer/Content/Vefects/Easy_Shockwaves_VFX/Audio/Waves/SFX_Vefects_Shockwave_15_500ms.uasset" 2069
"C:/Users/jeanc/Documents/GitHub/Felix/Multiplayer/Content/Vefects/Easy_Shockwaves_VFX/Audio/Waves/SFX_Vefects_Shockwave_15_500ms.uexp" 2070
"C:/Users/jeanc/Documents/GitHub/Felix/Multiplayer/Content/Vefects/Easy_Shockwaves_VFX/Audio/Cues/SFX_Vefects_Shockwave_15_500ms_Cue.uasset" 2071
"C:/Users/jeanc/Documents/GitHub/Felix/Multiplayer/Content/Vefects/Easy_Shockwaves_VFX/Audio/Cues/SFX_Vefects_Shockwave_15_500ms_Cue.uexp" 2072
"C:/Users/jeanc/Documents/GitHub/Felix/Multiplayer/Content/Vefects/Easy_Shockwaves_VFX/Audio/Waves/SFX_Vefects_Shockwave_15_2s.ubulk" 2073
"C:/Users/jeanc/Documents/GitHub/Felix/Multiplayer/Content/Vefects/Easy_Shockwaves_VFX/Audio/Waves/SFX_Vefects_Shockwave_15_2s.uasset" 2074
"C:/Users/jeanc/Documents/GitHub/Felix/Multiplayer/Content/Vefects/Easy_Shockwaves_VFX/Audio/Waves/SFX_Vefects_Shockwave_15_2s.uexp" 2075
"C:/Users/jeanc/Documents/GitHub/Felix/Multiplayer/Content/Vefects/Easy_Shockwaves_VFX/Audio/Cues/SFX_Vefects_Shockwave_15_2s_Cue.uasset" 2076
"C:/Users/jeanc/Documents/GitHub/Felix/Multiplayer/Content/Vefects/Easy_Shockwaves_VFX/Audio/Cues/SFX_Vefects_Shockwave_15_2s_Cue.uexp" 2077
"C:/Users/jeanc/Documents/GitHub/Felix/Multiplayer/Content/Vefects/Easy_Shockwaves_VFX/Audio/Waves/SFX_Vefects_Shockwave_15_1s.ubulk" 2078
"C:/Users/jeanc/Documents/GitHub/Felix/Multiplayer/Content/Vefects/Easy_Shockwaves_VFX/Audio/Waves/SFX_Vefects_Shockwave_15_1s.uasset" 2079
"C:/Users/jeanc/Documents/GitHub/Felix/Multiplayer/Content/Vefects/Easy_Shockwaves_VFX/Audio/Waves/SFX_Vefects_Shockwave_15_1s.uexp" 2080
"C:/Users/jeanc/Documents/GitHub/Felix/Multiplayer/Content/Vefects/Easy_Shockwaves_VFX/Audio/Cues/SFX_Vefects_Shockwave_15_1s_Cue.uasset" 2081
"C:/Users/jeanc/Documents/GitHub/Felix/Multiplayer/Content/Vefects/Easy_Shockwaves_VFX/Audio/Cues/SFX_Vefects_Shockwave_15_1s_Cue.uexp" 2082
"C:/Users/jeanc/Documents/GitHub/Felix/Multiplayer/Content/Vefects/Easy_Shockwaves_VFX/Audio/Waves/SFX_Vefects_Shockwave_14_500ms.ubulk" 2083
"C:/Users/jeanc/Documents/GitHub/Felix/Multiplayer/Content/Vefects/Easy_Shockwaves_VFX/Audio/Waves/SFX_Vefects_Shockwave_14_500ms.uasset" 2084
"C:/Users/jeanc/Documents/GitHub/Felix/Multiplayer/Content/Vefects/Easy_Shockwaves_VFX/Audio/Waves/SFX_Vefects_Shockwave_14_500ms.uexp" 2085
"C:/Users/jeanc/Documents/GitHub/Felix/Multiplayer/Content/Vefects/Easy_Shockwaves_VFX/Audio/Cues/SFX_Vefects_Shockwave_14_500ms_Cue.uasset" 2086
"C:/Users/jeanc/Documents/GitHub/Felix/Multiplayer/Content/Vefects/Easy_Shockwaves_VFX/Audio/Cues/SFX_Vefects_Shockwave_14_500ms_Cue.uexp" 2087
"C:/Users/jeanc/Documents/GitHub/Felix/Multiplayer/Content/Vefects/Easy_Shockwaves_VFX/Audio/Waves/SFX_Vefects_Shockwave_14_2s.ubulk" 2088
"C:/Users/jeanc/Documents/GitHub/Felix/Multiplayer/Content/Vefects/Easy_Shockwaves_VFX/Audio/Waves/SFX_Vefects_Shockwave_14_2s.uasset" 2089
"C:/Users/jeanc/Documents/GitHub/Felix/Multiplayer/Content/Vefects/Easy_Shockwaves_VFX/Audio/Waves/SFX_Vefects_Shockwave_14_2s.uexp" 2090
"C:/Users/jeanc/Documents/GitHub/Felix/Multiplayer/Content/Vefects/Easy_Shockwaves_VFX/Audio/Cues/SFX_Vefects_Shockwave_14_2s_Cue.uasset" 2091
"C:/Users/jeanc/Documents/GitHub/Felix/Multiplayer/Content/Vefects/Easy_Shockwaves_VFX/Audio/Cues/SFX_Vefects_Shockwave_14_2s_Cue.uexp" 2092
"C:/Users/jeanc/Documents/GitHub/Felix/Multiplayer/Content/Vefects/Easy_Shockwaves_VFX/Audio/Waves/SFX_Vefects_Shockwave_14_1s.ubulk" 2093
"C:/Users/jeanc/Documents/GitHub/Felix/Multiplayer/Content/Vefects/Easy_Shockwaves_VFX/Audio/Waves/SFX_Vefects_Shockwave_14_1s.uasset" 2094
"C:/Users/jeanc/Documents/GitHub/Felix/Multiplayer/Content/Vefects/Easy_Shockwaves_VFX/Audio/Waves/SFX_Vefects_Shockwave_14_1s.uexp" 2095
"C:/Users/jeanc/Documents/GitHub/Felix/Multiplayer/Content/Vefects/Easy_Shockwaves_VFX/Audio/Cues/SFX_Vefects_Shockwave_14_1s_Cue.uasset" 2096
"C:/Users/jeanc/Documents/GitHub/Felix/Multiplayer/Content/Vefects/Easy_Shockwaves_VFX/Audio/Cues/SFX_Vefects_Shockwave_14_1s_Cue.uexp" 2097
"C:/Users/jeanc/Documents/GitHub/Felix/Multiplayer/Content/Vefects/Easy_Shockwaves_VFX/Audio/Waves/SFX_Vefects_Shockwave_13_500ms.ubulk" 2098
"C:/Users/jeanc/Documents/GitHub/Felix/Multiplayer/Content/Vefects/Easy_Shockwaves_VFX/Audio/Waves/SFX_Vefects_Shockwave_13_500ms.uasset" 2099
"C:/Users/jeanc/Documents/GitHub/Felix/Multiplayer/Content/Vefects/Easy_Shockwaves_VFX/Audio/Waves/SFX_Vefects_Shockwave_13_500ms.uexp" 2100
"C:/Users/jeanc/Documents/GitHub/Felix/Multiplayer/Content/Vefects/Easy_Shockwaves_VFX/Audio/Cues/SFX_Vefects_Shockwave_13_500ms_Cue.uasset" 2101
"C:/Users/jeanc/Documents/GitHub/Felix/Multiplayer/Content/Vefects/Easy_Shockwaves_VFX/Audio/Cues/SFX_Vefects_Shockwave_13_500ms_Cue.uexp" 2102
"C:/Users/jeanc/Documents/GitHub/Felix/Multiplayer/Content/Vefects/Easy_Shockwaves_VFX/Audio/Waves/SFX_Vefects_Shockwave_13_2s.ubulk" 2103
"C:/Users/jeanc/Documents/GitHub/Felix/Multiplayer/Content/Vefects/Easy_Shockwaves_VFX/Audio/Waves/SFX_Vefects_Shockwave_13_2s.uasset" 2104
"C:/Users/jeanc/Documents/GitHub/Felix/Multiplayer/Content/Vefects/Easy_Shockwaves_VFX/Audio/Waves/SFX_Vefects_Shockwave_13_2s.uexp" 2105
"C:/Users/jeanc/Documents/GitHub/Felix/Multiplayer/Content/Vefects/Easy_Shockwaves_VFX/Audio/Cues/SFX_Vefects_Shockwave_13_2s_Cue.uasset" 2106
"C:/Users/jeanc/Documents/GitHub/Felix/Multiplayer/Content/Vefects/Easy_Shockwaves_VFX/Audio/Cues/SFX_Vefects_Shockwave_13_2s_Cue.uexp" 2107
"C:/Users/jeanc/Documents/GitHub/Felix/Multiplayer/Content/Vefects/Easy_Shockwaves_VFX/Audio/Waves/SFX_Vefects_Shockwave_13_1s.ubulk" 2108
"C:/Users/jeanc/Documents/GitHub/Felix/Multiplayer/Content/Vefects/Easy_Shockwaves_VFX/Audio/Waves/SFX_Vefects_Shockwave_13_1s.uasset" 2109
"C:/Users/jeanc/Documents/GitHub/Felix/Multiplayer/Content/Vefects/Easy_Shockwaves_VFX/Audio/Waves/SFX_Vefects_Shockwave_13_1s.uexp" 2110
"C:/Users/jeanc/Documents/GitHub/Felix/Multiplayer/Content/Vefects/Easy_Shockwaves_VFX/Audio/Cues/SFX_Vefects_Shockwave_13_1s_Cue.uasset" 2111
"C:/Users/jeanc/Documents/GitHub/Felix/Multiplayer/Content/Vefects/Easy_Shockwaves_VFX/Audio/Cues/SFX_Vefects_Shockwave_13_1s_Cue.uexp" 2112
"C:/Users/jeanc/Documents/GitHub/Felix/Multiplayer/Content/Vefects/Easy_Shockwaves_VFX/Audio/Waves/SFX_Vefects_Shockwave_12_500ms.ubulk" 2113
"C:/Users/jeanc/Documents/GitHub/Felix/Multiplayer/Content/Vefects/Easy_Shockwaves_VFX/Audio/Waves/SFX_Vefects_Shockwave_12_500ms.uasset" 2114
"C:/Users/jeanc/Documents/GitHub/Felix/Multiplayer/Content/Vefects/Easy_Shockwaves_VFX/Audio/Waves/SFX_Vefects_Shockwave_12_500ms.uexp" 2115
"C:/Users/jeanc/Documents/GitHub/Felix/Multiplayer/Content/Vefects/Easy_Shockwaves_VFX/Audio/Cues/SFX_Vefects_Shockwave_12_500ms_Cue.uasset" 2116
"C:/Users/jeanc/Documents/GitHub/Felix/Multiplayer/Content/Vefects/Easy_Shockwaves_VFX/Audio/Cues/SFX_Vefects_Shockwave_12_500ms_Cue.uexp" 2117
"C:/Users/jeanc/Documents/GitHub/Felix/Multiplayer/Content/Vefects/Easy_Shockwaves_VFX/Audio/Waves/SFX_Vefects_Shockwave_12_2s.ubulk" 2118
"C:/Users/jeanc/Documents/GitHub/Felix/Multiplayer/Content/Vefects/Easy_Shockwaves_VFX/Audio/Waves/SFX_Vefects_Shockwave_12_2s.uasset" 2119
"C:/Users/jeanc/Documents/GitHub/Felix/Multiplayer/Content/Vefects/Easy_Shockwaves_VFX/Audio/Waves/SFX_Vefects_Shockwave_12_2s.uexp" 2120
"C:/Users/jeanc/Documents/GitHub/Felix/Multiplayer/Content/Vefects/Easy_Shockwaves_VFX/Audio/Cues/SFX_Vefects_Shockwave_12_2s_Cue.uasset" 2121
"C:/Users/jeanc/Documents/GitHub/Felix/Multiplayer/Content/Vefects/Easy_Shockwaves_VFX/Audio/Cues/SFX_Vefects_Shockwave_12_2s_Cue.uexp" 2122
"C:/Users/jeanc/Documents/GitHub/Felix/Multiplayer/Content/Vefects/Easy_Shockwaves_VFX/Audio/Waves/SFX_Vefects_Shockwave_12_1s.ubulk" 2123
"C:/Users/jeanc/Documents/GitHub/Felix/Multiplayer/Content/Vefects/Easy_Shockwaves_VFX/Audio/Waves/SFX_Vefects_Shockwave_12_1s.uasset" 2124
"C:/Users/jeanc/Documents/GitHub/Felix/Multiplayer/Content/Vefects/Easy_Shockwaves_VFX/Audio/Waves/SFX_Vefects_Shockwave_12_1s.uexp" 2125
"C:/Users/jeanc/Documents/GitHub/Felix/Multiplayer/Content/Vefects/Easy_Shockwaves_VFX/Audio/Cues/SFX_Vefects_Shockwave_12_1s_Cue.uasset" 2126
"C:/Users/jeanc/Documents/GitHub/Felix/Multiplayer/Content/Vefects/Easy_Shockwaves_VFX/Audio/Cues/SFX_Vefects_Shockwave_12_1s_Cue.uexp" 2127
"C:/Users/jeanc/Documents/GitHub/Felix/Multiplayer/Content/Vefects/Easy_Shockwaves_VFX/Audio/Waves/SFX_Vefects_Shockwave_11_500ms.ubulk" 2128
"C:/Users/jeanc/Documents/GitHub/Felix/Multiplayer/Content/Vefects/Easy_Shockwaves_VFX/Audio/Waves/SFX_Vefects_Shockwave_11_500ms.uasset" 2129
"C:/Users/jeanc/Documents/GitHub/Felix/Multiplayer/Content/Vefects/Easy_Shockwaves_VFX/Audio/Waves/SFX_Vefects_Shockwave_11_500ms.uexp" 2130
"C:/Users/jeanc/Documents/GitHub/Felix/Multiplayer/Content/Vefects/Easy_Shockwaves_VFX/Audio/Cues/SFX_Vefects_Shockwave_11_500ms_Cue.uasset" 2131
"C:/Users/jeanc/Documents/GitHub/Felix/Multiplayer/Content/Vefects/Easy_Shockwaves_VFX/Audio/Cues/SFX_Vefects_Shockwave_11_500ms_Cue.uexp" 2132
"C:/Users/jeanc/Documents/GitHub/Felix/Multiplayer/Content/Vefects/Easy_Shockwaves_VFX/Audio/Waves/SFX_Vefects_Shockwave_11_2s.ubulk" 2133
"C:/Users/jeanc/Documents/GitHub/Felix/Multiplayer/Content/Vefects/Easy_Shockwaves_VFX/Audio/Waves/SFX_Vefects_Shockwave_11_2s.uasset" 2134
"C:/Users/jeanc/Documents/GitHub/Felix/Multiplayer/Content/Vefects/Easy_Shockwaves_VFX/Audio/Waves/SFX_Vefects_Shockwave_11_2s.uexp" 2135
"C:/Users/jeanc/Documents/GitHub/Felix/Multiplayer/Content/Vefects/Easy_Shockwaves_VFX/Audio/Cues/SFX_Vefects_Shockwave_11_2s_Cue.uasset" 2136
"C:/Users/jeanc/Documents/GitHub/Felix/Multiplayer/Content/Vefects/Easy_Shockwaves_VFX/Audio/Cues/SFX_Vefects_Shockwave_11_2s_Cue.uexp" 2137
"C:/Users/jeanc/Documents/GitHub/Felix/Multiplayer/Content/Vefects/Easy_Shockwaves_VFX/Audio/Waves/SFX_Vefects_Shockwave_11_1s.ubulk" 2138
"C:/Users/jeanc/Documents/GitHub/Felix/Multiplayer/Content/Vefects/Easy_Shockwaves_VFX/Audio/Waves/SFX_Vefects_Shockwave_11_1s.uasset" 2139
"C:/Users/jeanc/Documents/GitHub/Felix/Multiplayer/Content/Vefects/Easy_Shockwaves_VFX/Audio/Waves/SFX_Vefects_Shockwave_11_1s.uexp" 2140
"C:/Users/jeanc/Documents/GitHub/Felix/Multiplayer/Content/Vefects/Easy_Shockwaves_VFX/Audio/Cues/SFX_Vefects_Shockwave_11_1s_Cue.uasset" 2141
"C:/Users/jeanc/Documents/GitHub/Felix/Multiplayer/Content/Vefects/Easy_Shockwaves_VFX/Audio/Cues/SFX_Vefects_Shockwave_11_1s_Cue.uexp" 2142
"C:/Users/jeanc/Documents/GitHub/Felix/Multiplayer/Content/Vefects/Easy_Shockwaves_VFX/Audio/Waves/SFX_Vefects_Shockwave_10_500ms.ubulk" 2143
"C:/Users/jeanc/Documents/GitHub/Felix/Multiplayer/Content/Vefects/Easy_Shockwaves_VFX/Audio/Waves/SFX_Vefects_Shockwave_10_500ms.uasset" 2144
"C:/Users/jeanc/Documents/GitHub/Felix/Multiplayer/Content/Vefects/Easy_Shockwaves_VFX/Audio/Waves/SFX_Vefects_Shockwave_10_500ms.uexp" 2145
"C:/Users/jeanc/Documents/GitHub/Felix/Multiplayer/Content/Vefects/Easy_Shockwaves_VFX/Audio/Cues/SFX_Vefects_Shockwave_10_500ms_Cue.uasset" 2146
"C:/Users/jeanc/Documents/GitHub/Felix/Multiplayer/Content/Vefects/Easy_Shockwaves_VFX/Audio/Cues/SFX_Vefects_Shockwave_10_500ms_Cue.uexp" 2147
"C:/Users/jeanc/Documents/GitHub/Felix/Multiplayer/Content/Vefects/Easy_Shockwaves_VFX/Audio/Waves/SFX_Vefects_Shockwave_10_2s.ubulk" 2148
"C:/Users/jeanc/Documents/GitHub/Felix/Multiplayer/Content/Vefects/Easy_Shockwaves_VFX/Audio/Waves/SFX_Vefects_Shockwave_10_2s.uasset" 2149
"C:/Users/jeanc/Documents/GitHub/Felix/Multiplayer/Content/Vefects/Easy_Shockwaves_VFX/Audio/Waves/SFX_Vefects_Shockwave_10_2s.uexp" 2150
"C:/Users/jeanc/Documents/GitHub/Felix/Multiplayer/Content/Vefects/Easy_Shockwaves_VFX/Audio/Cues/SFX_Vefects_Shockwave_10_2s_Cue.uasset" 2151
"C:/Users/jeanc/Documents/GitHub/Felix/Multiplayer/Content/Vefects/Easy_Shockwaves_VFX/Audio/Cues/SFX_Vefects_Shockwave_10_2s_Cue.uexp" 2152
"C:/Users/jeanc/Documents/GitHub/Felix/Multiplayer/Content/Vefects/Easy_Shockwaves_VFX/Audio/Waves/SFX_Vefects_Shockwave_10_1s.ubulk" 2153
"C:/Users/jeanc/Documents/GitHub/Felix/Multiplayer/Content/Vefects/Easy_Shockwaves_VFX/Audio/Waves/SFX_Vefects_Shockwave_10_1s.uasset" 2154
"C:/Users/jeanc/Documents/GitHub/Felix/Multiplayer/Content/Vefects/Easy_Shockwaves_VFX/Audio/Waves/SFX_Vefects_Shockwave_10_1s.uexp" 2155
"C:/Users/jeanc/Documents/GitHub/Felix/Multiplayer/Content/Vefects/Easy_Shockwaves_VFX/Audio/Cues/SFX_Vefects_Shockwave_10_1s_Cue.uasset" 2156
"C:/Users/jeanc/Documents/GitHub/Felix/Multiplayer/Content/Vefects/Easy_Shockwaves_VFX/Audio/Cues/SFX_Vefects_Shockwave_10_1s_Cue.uexp" 2157
"C:/Users/jeanc/Documents/GitHub/Felix/Multiplayer/Content/Vefects/Easy_Shockwaves_VFX/Audio/Waves/SFX_Vefects_Shockwave_09_500ms.ubulk" 2158
"C:/Users/jeanc/Documents/GitHub/Felix/Multiplayer/Content/Vefects/Easy_Shockwaves_VFX/Audio/Waves/SFX_Vefects_Shockwave_09_500ms.uasset" 2159
"C:/Users/jeanc/Documents/GitHub/Felix/Multiplayer/Content/Vefects/Easy_Shockwaves_VFX/Audio/Waves/SFX_Vefects_Shockwave_09_500ms.uexp" 2160
"C:/Users/jeanc/Documents/GitHub/Felix/Multiplayer/Content/Vefects/Easy_Shockwaves_VFX/Audio/Cues/SFX_Vefects_Shockwave_09_500ms_Cue.uasset" 2161
"C:/Users/jeanc/Documents/GitHub/Felix/Multiplayer/Content/Vefects/Easy_Shockwaves_VFX/Audio/Cues/SFX_Vefects_Shockwave_09_500ms_Cue.uexp" 2162
"C:/Users/jeanc/Documents/GitHub/Felix/Multiplayer/Content/Vefects/Easy_Shockwaves_VFX/Audio/Waves/SFX_Vefects_Shockwave_09_2s.ubulk" 2163
"C:/Users/jeanc/Documents/GitHub/Felix/Multiplayer/Content/Vefects/Easy_Shockwaves_VFX/Audio/Waves/SFX_Vefects_Shockwave_09_2s.uasset" 2164
"C:/Users/jeanc/Documents/GitHub/Felix/Multiplayer/Content/Vefects/Easy_Shockwaves_VFX/Audio/Waves/SFX_Vefects_Shockwave_09_2s.uexp" 2165
"C:/Users/jeanc/Documents/GitHub/Felix/Multiplayer/Content/Vefects/Easy_Shockwaves_VFX/Audio/Cues/SFX_Vefects_Shockwave_09_2s_Cue.uasset" 2166
"C:/Users/jeanc/Documents/GitHub/Felix/Multiplayer/Content/Vefects/Easy_Shockwaves_VFX/Audio/Cues/SFX_Vefects_Shockwave_09_2s_Cue.uexp" 2167
"C:/Users/jeanc/Documents/GitHub/Felix/Multiplayer/Content/Vefects/Easy_Shockwaves_VFX/Audio/Waves/SFX_Vefects_Shockwave_09_1s.ubulk" 2168
"C:/Users/jeanc/Documents/GitHub/Felix/Multiplayer/Content/Vefects/Easy_Shockwaves_VFX/Audio/Waves/SFX_Vefects_Shockwave_09_1s.uasset" 2169
"C:/Users/jeanc/Documents/GitHub/Felix/Multiplayer/Content/Vefects/Easy_Shockwaves_VFX/Audio/Waves/SFX_Vefects_Shockwave_09_1s.uexp" 2170
"C:/Users/jeanc/Documents/GitHub/Felix/Multiplayer/Content/Vefects/Easy_Shockwaves_VFX/Audio/Cues/SFX_Vefects_Shockwave_09_1s_Cue.uasset" 2171
"C:/Users/jeanc/Documents/GitHub/Felix/Multiplayer/Content/Vefects/Easy_Shockwaves_VFX/Audio/Cues/SFX_Vefects_Shockwave_09_1s_Cue.uexp" 2172
"C:/Users/jeanc/Documents/GitHub/Felix/Multiplayer/Content/Vefects/Easy_Shockwaves_VFX/Audio/Waves/SFX_Vefects_Shockwave_08_500ms.ubulk" 2173
"C:/Users/jeanc/Documents/GitHub/Felix/Multiplayer/Content/Vefects/Easy_Shockwaves_VFX/Audio/Waves/SFX_Vefects_Shockwave_08_500ms.uasset" 2174
"C:/Users/jeanc/Documents/GitHub/Felix/Multiplayer/Content/Vefects/Easy_Shockwaves_VFX/Audio/Waves/SFX_Vefects_Shockwave_08_500ms.uexp" 2175
"C:/Users/jeanc/Documents/GitHub/Felix/Multiplayer/Content/Vefects/Easy_Shockwaves_VFX/Audio/Cues/SFX_Vefects_Shockwave_08_500ms_Cue.uasset" 2176
"C:/Users/jeanc/Documents/GitHub/Felix/Multiplayer/Content/Vefects/Easy_Shockwaves_VFX/Audio/Cues/SFX_Vefects_Shockwave_08_500ms_Cue.uexp" 2177
"C:/Users/jeanc/Documents/GitHub/Felix/Multiplayer/Content/Vefects/Easy_Shockwaves_VFX/Audio/Waves/SFX_Vefects_Shockwave_08_2s.ubulk" 2178
"C:/Users/jeanc/Documents/GitHub/Felix/Multiplayer/Content/Vefects/Easy_Shockwaves_VFX/Audio/Waves/SFX_Vefects_Shockwave_08_2s.uasset" 2179
"C:/Users/jeanc/Documents/GitHub/Felix/Multiplayer/Content/Vefects/Easy_Shockwaves_VFX/Audio/Waves/SFX_Vefects_Shockwave_08_2s.uexp" 2180
"C:/Users/jeanc/Documents/GitHub/Felix/Multiplayer/Content/Vefects/Easy_Shockwaves_VFX/Audio/Cues/SFX_Vefects_Shockwave_08_2s_Cue.uasset" 2181
"C:/Users/jeanc/Documents/GitHub/Felix/Multiplayer/Content/Vefects/Easy_Shockwaves_VFX/Audio/Cues/SFX_Vefects_Shockwave_08_2s_Cue.uexp" 2182
"C:/Users/jeanc/Documents/GitHub/Felix/Multiplayer/Content/Vefects/Easy_Shockwaves_VFX/Audio/Waves/SFX_Vefects_Shockwave_08_1s.ubulk" 2183
"C:/Users/jeanc/Documents/GitHub/Felix/Multiplayer/Content/Vefects/Easy_Shockwaves_VFX/Audio/Waves/SFX_Vefects_Shockwave_08_1s.uasset" 2184
"C:/Users/jeanc/Documents/GitHub/Felix/Multiplayer/Content/Vefects/Easy_Shockwaves_VFX/Audio/Waves/SFX_Vefects_Shockwave_08_1s.uexp" 2185
"C:/Users/jeanc/Documents/GitHub/Felix/Multiplayer/Content/Vefects/Easy_Shockwaves_VFX/Audio/Cues/SFX_Vefects_Shockwave_08_1s_Cue.uasset" 2186
"C:/Users/jeanc/Documents/GitHub/Felix/Multiplayer/Content/Vefects/Easy_Shockwaves_VFX/Audio/Cues/SFX_Vefects_Shockwave_08_1s_Cue.uexp" 2187
"C:/Users/jeanc/Documents/GitHub/Felix/Multiplayer/Content/Vefects/Easy_Shockwaves_VFX/Audio/Waves/SFX_Vefects_Shockwave_07_500ms.ubulk" 2188
"C:/Users/jeanc/Documents/GitHub/Felix/Multiplayer/Content/Vefects/Easy_Shockwaves_VFX/Audio/Waves/SFX_Vefects_Shockwave_07_500ms.uasset" 2189
"C:/Users/jeanc/Documents/GitHub/Felix/Multiplayer/Content/Vefects/Easy_Shockwaves_VFX/Audio/Waves/SFX_Vefects_Shockwave_07_500ms.uexp" 2190
"C:/Users/jeanc/Documents/GitHub/Felix/Multiplayer/Content/Vefects/Easy_Shockwaves_VFX/Audio/Cues/SFX_Vefects_Shockwave_07_500ms_Cue.uasset" 2191
"C:/Users/jeanc/Documents/GitHub/Felix/Multiplayer/Content/Vefects/Easy_Shockwaves_VFX/Audio/Cues/SFX_Vefects_Shockwave_07_500ms_Cue.uexp" 2192
"C:/Users/jeanc/Documents/GitHub/Felix/Multiplayer/Content/Vefects/Easy_Shockwaves_VFX/Audio/Waves/SFX_Vefects_Shockwave_07_2s.ubulk" 2193
"C:/Users/jeanc/Documents/GitHub/Felix/Multiplayer/Content/Vefects/Easy_Shockwaves_VFX/Audio/Waves/SFX_Vefects_Shockwave_07_2s.uasset" 2194
"C:/Users/jeanc/Documents/GitHub/Felix/Multiplayer/Content/Vefects/Easy_Shockwaves_VFX/Audio/Waves/SFX_Vefects_Shockwave_07_2s.uexp" 2195
"C:/Users/jeanc/Documents/GitHub/Felix/Multiplayer/Content/Vefects/Easy_Shockwaves_VFX/Audio/Cues/SFX_Vefects_Shockwave_07_2s_Cue.uasset" 2196
"C:/Users/jeanc/Documents/GitHub/Felix/Multiplayer/Content/Vefects/Easy_Shockwaves_VFX/Audio/Cues/SFX_Vefects_Shockwave_07_2s_Cue.uexp" 2197
"C:/Users/jeanc/Documents/GitHub/Felix/Multiplayer/Content/Vefects/Easy_Shockwaves_VFX/Audio/Waves/SFX_Vefects_Shockwave_07_1s.ubulk" 2198
"C:/Users/jeanc/Documents/GitHub/Felix/Multiplayer/Content/Vefects/Easy_Shockwaves_VFX/Audio/Waves/SFX_Vefects_Shockwave_07_1s.uasset" 2199
"C:/Users/jeanc/Documents/GitHub/Felix/Multiplayer/Content/Vefects/Easy_Shockwaves_VFX/Audio/Waves/SFX_Vefects_Shockwave_07_1s.uexp" 2200
"C:/Users/jeanc/Documents/GitHub/Felix/Multiplayer/Content/Vefects/Easy_Shockwaves_VFX/Audio/Cues/SFX_Vefects_Shockwave_07_1s_Cue.uasset" 2201
"C:/Users/jeanc/Documents/GitHub/Felix/Multiplayer/Content/Vefects/Easy_Shockwaves_VFX/Audio/Cues/SFX_Vefects_Shockwave_07_1s_Cue.uexp" 2202
"C:/Users/jeanc/Documents/GitHub/Felix/Multiplayer/Content/Vefects/Easy_Shockwaves_VFX/Audio/Waves/SFX_Vefects_Shockwave_06_500ms.ubulk" 2203
"C:/Users/jeanc/Documents/GitHub/Felix/Multiplayer/Content/Vefects/Easy_Shockwaves_VFX/Audio/Waves/SFX_Vefects_Shockwave_06_500ms.uasset" 2204
"C:/Users/jeanc/Documents/GitHub/Felix/Multiplayer/Content/Vefects/Easy_Shockwaves_VFX/Audio/Waves/SFX_Vefects_Shockwave_06_500ms.uexp" 2205
"C:/Users/jeanc/Documents/GitHub/Felix/Multiplayer/Content/Vefects/Easy_Shockwaves_VFX/Audio/Cues/SFX_Vefects_Shockwave_06_500ms_Cue.uasset" 2206
"C:/Users/jeanc/Documents/GitHub/Felix/Multiplayer/Content/Vefects/Easy_Shockwaves_VFX/Audio/Cues/SFX_Vefects_Shockwave_06_500ms_Cue.uexp" 2207
"C:/Users/jeanc/Documents/GitHub/Felix/Multiplayer/Content/Vefects/Easy_Shockwaves_VFX/Audio/Waves/SFX_Vefects_Shockwave_06_2s.ubulk" 2208
"C:/Users/jeanc/Documents/GitHub/Felix/Multiplayer/Content/Vefects/Easy_Shockwaves_VFX/Audio/Waves/SFX_Vefects_Shockwave_06_2s.uasset" 2209
"C:/Users/jeanc/Documents/GitHub/Felix/Multiplayer/Content/Vefects/Easy_Shockwaves_VFX/Audio/Waves/SFX_Vefects_Shockwave_06_2s.uexp" 2210
"C:/Users/jeanc/Documents/GitHub/Felix/Multiplayer/Content/Vefects/Easy_Shockwaves_VFX/Audio/Cues/SFX_Vefects_Shockwave_06_2s_Cue.uasset" 2211
"C:/Users/jeanc/Documents/GitHub/Felix/Multiplayer/Content/Vefects/Easy_Shockwaves_VFX/Audio/Cues/SFX_Vefects_Shockwave_06_2s_Cue.uexp" 2212
"C:/Users/jeanc/Documents/GitHub/Felix/Multiplayer/Content/Vefects/Easy_Shockwaves_VFX/Audio/Waves/SFX_Vefects_Shockwave_06_1s.ubulk" 2213
"C:/Users/jeanc/Documents/GitHub/Felix/Multiplayer/Content/Vefects/Easy_Shockwaves_VFX/Audio/Waves/SFX_Vefects_Shockwave_06_1s.uasset" 2214
"C:/Users/jeanc/Documents/GitHub/Felix/Multiplayer/Content/Vefects/Easy_Shockwaves_VFX/Audio/Waves/SFX_Vefects_Shockwave_06_1s.uexp" 2215
"C:/Users/jeanc/Documents/GitHub/Felix/Multiplayer/Content/Vefects/Easy_Shockwaves_VFX/Audio/Cues/SFX_Vefects_Shockwave_06_1s_Cue.uasset" 2216
"C:/Users/jeanc/Documents/GitHub/Felix/Multiplayer/Content/Vefects/Easy_Shockwaves_VFX/Audio/Cues/SFX_Vefects_Shockwave_06_1s_Cue.uexp" 2217
"C:/Users/jeanc/Documents/GitHub/Felix/Multiplayer/Content/Vefects/Easy_Shockwaves_VFX/Audio/Waves/SFX_Vefects_Shockwave_05_500ms.ubulk" 2218
"C:/Users/jeanc/Documents/GitHub/Felix/Multiplayer/Content/Vefects/Easy_Shockwaves_VFX/Audio/Waves/SFX_Vefects_Shockwave_05_500ms.uasset" 2219
"C:/Users/jeanc/Documents/GitHub/Felix/Multiplayer/Content/Vefects/Easy_Shockwaves_VFX/Audio/Waves/SFX_Vefects_Shockwave_05_500ms.uexp" 2220
"C:/Users/jeanc/Documents/GitHub/Felix/Multiplayer/Content/Vefects/Easy_Shockwaves_VFX/Audio/Cues/SFX_Vefects_Shockwave_05_500ms_Cue.uasset" 2221
"C:/Users/jeanc/Documents/GitHub/Felix/Multiplayer/Content/Vefects/Easy_Shockwaves_VFX/Audio/Cues/SFX_Vefects_Shockwave_05_500ms_Cue.uexp" 2222
"C:/Users/jeanc/Documents/GitHub/Felix/Multiplayer/Content/Vefects/Easy_Shockwaves_VFX/Audio/Waves/SFX_Vefects_Shockwave_05_2s.ubulk" 2223
"C:/Users/jeanc/Documents/GitHub/Felix/Multiplayer/Content/Vefects/Easy_Shockwaves_VFX/Audio/Waves/SFX_Vefects_Shockwave_05_2s.uasset" 2224
"C:/Users/jeanc/Documents/GitHub/Felix/Multiplayer/Content/Vefects/Easy_Shockwaves_VFX/Audio/Waves/SFX_Vefects_Shockwave_05_2s.uexp" 2225
"C:/Users/jeanc/Documents/GitHub/Felix/Multiplayer/Content/Vefects/Easy_Shockwaves_VFX/Audio/Cues/SFX_Vefects_Shockwave_05_2s_Cue.uasset" 2226
"C:/Users/jeanc/Documents/GitHub/Felix/Multiplayer/Content/Vefects/Easy_Shockwaves_VFX/Audio/Cues/SFX_Vefects_Shockwave_05_2s_Cue.uexp" 2227
"C:/Users/jeanc/Documents/GitHub/Felix/Multiplayer/Content/Vefects/Easy_Shockwaves_VFX/Audio/Waves/SFX_Vefects_Shockwave_05_1s.ubulk" 2228
"C:/Users/jeanc/Documents/GitHub/Felix/Multiplayer/Content/Vefects/Easy_Shockwaves_VFX/Audio/Waves/SFX_Vefects_Shockwave_05_1s.uasset" 2229
"C:/Users/jeanc/Documents/GitHub/Felix/Multiplayer/Content/Vefects/Easy_Shockwaves_VFX/Audio/Waves/SFX_Vefects_Shockwave_05_1s.uexp" 2230
"C:/Users/jeanc/Documents/GitHub/Felix/Multiplayer/Content/Vefects/Easy_Shockwaves_VFX/Audio/Cues/SFX_Vefects_Shockwave_05_1s_Cue.uasset" 2231
"C:/Users/jeanc/Documents/GitHub/Felix/Multiplayer/Content/Vefects/Easy_Shockwaves_VFX/Audio/Cues/SFX_Vefects_Shockwave_05_1s_Cue.uexp" 2232
"C:/Users/jeanc/Documents/GitHub/Felix/Multiplayer/Content/Vefects/Easy_Shockwaves_VFX/Audio/Waves/SFX_Vefects_Shockwave_04_500ms.ubulk" 2233
"C:/Users/jeanc/Documents/GitHub/Felix/Multiplayer/Content/Vefects/Easy_Shockwaves_VFX/Audio/Waves/SFX_Vefects_Shockwave_04_500ms.uasset" 2234
"C:/Users/jeanc/Documents/GitHub/Felix/Multiplayer/Content/Vefects/Easy_Shockwaves_VFX/Audio/Waves/SFX_Vefects_Shockwave_04_500ms.uexp" 2235
"C:/Users/jeanc/Documents/GitHub/Felix/Multiplayer/Content/Vefects/Easy_Shockwaves_VFX/Audio/Cues/SFX_Vefects_Shockwave_04_500ms_Cue.uasset" 2236
"C:/Users/jeanc/Documents/GitHub/Felix/Multiplayer/Content/Vefects/Easy_Shockwaves_VFX/Audio/Cues/SFX_Vefects_Shockwave_04_500ms_Cue.uexp" 2237
"C:/Users/jeanc/Documents/GitHub/Felix/Multiplayer/Content/Vefects/Easy_Shockwaves_VFX/Audio/Waves/SFX_Vefects_Shockwave_04_2s.ubulk" 2238
"C:/Users/jeanc/Documents/GitHub/Felix/Multiplayer/Content/Vefects/Easy_Shockwaves_VFX/Audio/Waves/SFX_Vefects_Shockwave_04_2s.uasset" 2239
"C:/Users/jeanc/Documents/GitHub/Felix/Multiplayer/Content/Vefects/Easy_Shockwaves_VFX/Audio/Waves/SFX_Vefects_Shockwave_04_2s.uexp" 2240
"C:/Users/jeanc/Documents/GitHub/Felix/Multiplayer/Content/Vefects/Easy_Shockwaves_VFX/Audio/Cues/SFX_Vefects_Shockwave_04_2s_Cue.uasset" 2241
"C:/Users/jeanc/Documents/GitHub/Felix/Multiplayer/Content/Vefects/Easy_Shockwaves_VFX/Audio/Cues/SFX_Vefects_Shockwave_04_2s_Cue.uexp" 2242
"C:/Users/jeanc/Documents/GitHub/Felix/Multiplayer/Content/Vefects/Easy_Shockwaves_VFX/Audio/Waves/SFX_Vefects_Shockwave_04_1s.ubulk" 2243
"C:/Users/jeanc/Documents/GitHub/Felix/Multiplayer/Content/Vefects/Easy_Shockwaves_VFX/Audio/Waves/SFX_Vefects_Shockwave_04_1s.uasset" 2244
"C:/Users/jeanc/Documents/GitHub/Felix/Multiplayer/Content/Vefects/Easy_Shockwaves_VFX/Audio/Waves/SFX_Vefects_Shockwave_04_1s.uexp" 2245
"C:/Users/jeanc/Documents/GitHub/Felix/Multiplayer/Content/Vefects/Easy_Shockwaves_VFX/Audio/Cues/SFX_Vefects_Shockwave_04_1s_Cue.uasset" 2246
"C:/Users/jeanc/Documents/GitHub/Felix/Multiplayer/Content/Vefects/Easy_Shockwaves_VFX/Audio/Cues/SFX_Vefects_Shockwave_04_1s_Cue.uexp" 2247
"C:/Users/jeanc/Documents/GitHub/Felix/Multiplayer/Content/Vefects/Easy_Shockwaves_VFX/Audio/Waves/SFX_Vefects_Shockwave_03_500ms.ubulk" 2248
"C:/Users/jeanc/Documents/GitHub/Felix/Multiplayer/Content/Vefects/Easy_Shockwaves_VFX/Audio/Waves/SFX_Vefects_Shockwave_03_500ms.uasset" 2249
"C:/Users/jeanc/Documents/GitHub/Felix/Multiplayer/Content/Vefects/Easy_Shockwaves_VFX/Audio/Waves/SFX_Vefects_Shockwave_03_500ms.uexp" 2250
"C:/Users/jeanc/Documents/GitHub/Felix/Multiplayer/Content/Vefects/Easy_Shockwaves_VFX/Audio/Cues/SFX_Vefects_Shockwave_03_500ms_Cue.uasset" 2251
"C:/Users/jeanc/Documents/GitHub/Felix/Multiplayer/Content/Vefects/Easy_Shockwaves_VFX/Audio/Cues/SFX_Vefects_Shockwave_03_500ms_Cue.uexp" 2252
"C:/Users/jeanc/Documents/GitHub/Felix/Multiplayer/Content/Vefects/Easy_Shockwaves_VFX/Audio/Waves/SFX_Vefects_Shockwave_03_2s.ubulk" 2253
"C:/Users/jeanc/Documents/GitHub/Felix/Multiplayer/Content/Vefects/Easy_Shockwaves_VFX/Audio/Waves/SFX_Vefects_Shockwave_03_2s.uasset" 2254
"C:/Users/jeanc/Documents/GitHub/Felix/Multiplayer/Content/Vefects/Easy_Shockwaves_VFX/Audio/Waves/SFX_Vefects_Shockwave_03_2s.uexp" 2255
"C:/Users/jeanc/Documents/GitHub/Felix/Multiplayer/Content/Vefects/Easy_Shockwaves_VFX/Audio/Cues/SFX_Vefects_Shockwave_03_2s_Cue.uasset" 2256
"C:/Users/jeanc/Documents/GitHub/Felix/Multiplayer/Content/Vefects/Easy_Shockwaves_VFX/Audio/Cues/SFX_Vefects_Shockwave_03_2s_Cue.uexp" 2257
"C:/Users/jeanc/Documents/GitHub/Felix/Multiplayer/Content/Vefects/Easy_Shockwaves_VFX/Audio/Waves/SFX_Vefects_Shockwave_03_1s.ubulk" 2258
"C:/Users/jeanc/Documents/GitHub/Felix/Multiplayer/Content/Vefects/Easy_Shockwaves_VFX/Audio/Waves/SFX_Vefects_Shockwave_03_1s.uasset" 2259
"C:/Users/jeanc/Documents/GitHub/Felix/Multiplayer/Content/Vefects/Easy_Shockwaves_VFX/Audio/Waves/SFX_Vefects_Shockwave_03_1s.uexp" 2260
"C:/Users/jeanc/Documents/GitHub/Felix/Multiplayer/Content/Vefects/Easy_Shockwaves_VFX/Audio/Cues/SFX_Vefects_Shockwave_03_1s_Cue.uasset" 2261
"C:/Users/jeanc/Documents/GitHub/Felix/Multiplayer/Content/Vefects/Easy_Shockwaves_VFX/Audio/Cues/SFX_Vefects_Shockwave_03_1s_Cue.uexp" 2262
"C:/Users/jeanc/Documents/GitHub/Felix/Multiplayer/Content/Vefects/Easy_Shockwaves_VFX/Audio/Waves/SFX_Vefects_Shockwave_02_500ms.ubulk" 2263
"C:/Users/jeanc/Documents/GitHub/Felix/Multiplayer/Content/Vefects/Easy_Shockwaves_VFX/Audio/Waves/SFX_Vefects_Shockwave_02_500ms.uasset" 2264
"C:/Users/jeanc/Documents/GitHub/Felix/Multiplayer/Content/Vefects/Easy_Shockwaves_VFX/Audio/Waves/SFX_Vefects_Shockwave_02_500ms.uexp" 2265
"C:/Users/jeanc/Documents/GitHub/Felix/Multiplayer/Content/Vefects/Easy_Shockwaves_VFX/Audio/Cues/SFX_Vefects_Shockwave_02_500ms_Cue.uasset" 2266
"C:/Users/jeanc/Documents/GitHub/Felix/Multiplayer/Content/Vefects/Easy_Shockwaves_VFX/Audio/Cues/SFX_Vefects_Shockwave_02_500ms_Cue.uexp" 2267
"C:/Users/jeanc/Documents/GitHub/Felix/Multiplayer/Content/Vefects/Easy_Shockwaves_VFX/Audio/Waves/SFX_Vefects_Shockwave_02_2s.ubulk" 2268
"C:/Users/jeanc/Documents/GitHub/Felix/Multiplayer/Content/Vefects/Easy_Shockwaves_VFX/Audio/Waves/SFX_Vefects_Shockwave_02_2s.uasset" 2269
"C:/Users/jeanc/Documents/GitHub/Felix/Multiplayer/Content/Vefects/Easy_Shockwaves_VFX/Audio/Waves/SFX_Vefects_Shockwave_02_2s.uexp" 2270
"C:/Users/jeanc/Documents/GitHub/Felix/Multiplayer/Content/Vefects/Easy_Shockwaves_VFX/Audio/Cues/SFX_Vefects_Shockwave_02_2s_Cue.uasset" 2271
"C:/Users/jeanc/Documents/GitHub/Felix/Multiplayer/Content/Vefects/Easy_Shockwaves_VFX/Audio/Cues/SFX_Vefects_Shockwave_02_2s_Cue.uexp" 2272
"C:/Users/jeanc/Documents/GitHub/Felix/Multiplayer/Content/Vefects/Easy_Shockwaves_VFX/Audio/Waves/SFX_Vefects_Shockwave_02_1s.ubulk" 2273
"C:/Users/jeanc/Documents/GitHub/Felix/Multiplayer/Content/Vefects/Easy_Shockwaves_VFX/Audio/Waves/SFX_Vefects_Shockwave_02_1s.uasset" 2274
"C:/Users/jeanc/Documents/GitHub/Felix/Multiplayer/Content/Vefects/Easy_Shockwaves_VFX/Audio/Waves/SFX_Vefects_Shockwave_02_1s.uexp" 2275
"C:/Users/jeanc/Documents/GitHub/Felix/Multiplayer/Content/Vefects/Easy_Shockwaves_VFX/Audio/Cues/SFX_Vefects_Shockwave_02_1s_Cue.uasset" 2276
"C:/Users/jeanc/Documents/GitHub/Felix/Multiplayer/Content/Vefects/Easy_Shockwaves_VFX/Audio/Cues/SFX_Vefects_Shockwave_02_1s_Cue.uexp" 2277
"C:/Users/jeanc/Documents/GitHub/Felix/Multiplayer/Content/Vefects/Easy_Shockwaves_VFX/Audio/Waves/SFX_Vefects_Shockwave_01_500ms.ubulk" 2278
"C:/Users/jeanc/Documents/GitHub/Felix/Multiplayer/Content/Vefects/Easy_Shockwaves_VFX/Audio/Waves/SFX_Vefects_Shockwave_01_500ms.uasset" 2279
"C:/Users/jeanc/Documents/GitHub/Felix/Multiplayer/Content/Vefects/Easy_Shockwaves_VFX/Audio/Waves/SFX_Vefects_Shockwave_01_500ms.uexp" 2280
"C:/Users/jeanc/Documents/GitHub/Felix/Multiplayer/Content/Vefects/Easy_Shockwaves_VFX/Audio/Cues/SFX_Vefects_Shockwave_01_500ms_Cue.uasset" 2281
"C:/Users/jeanc/Documents/GitHub/Felix/Multiplayer/Content/Vefects/Easy_Shockwaves_VFX/Audio/Cues/SFX_Vefects_Shockwave_01_500ms_Cue.uexp" 2282
"C:/Users/jeanc/Documents/GitHub/Felix/Multiplayer/Content/Vefects/Easy_Shockwaves_VFX/Audio/Waves/SFX_Vefects_Shockwave_01_2s.ubulk" 2283
"C:/Users/jeanc/Documents/GitHub/Felix/Multiplayer/Content/Vefects/Easy_Shockwaves_VFX/Audio/Waves/SFX_Vefects_Shockwave_01_2s.uasset" 2284
"C:/Users/jeanc/Documents/GitHub/Felix/Multiplayer/Content/Vefects/Easy_Shockwaves_VFX/Audio/Waves/SFX_Vefects_Shockwave_01_2s.uexp" 2285
"C:/Users/jeanc/Documents/GitHub/Felix/Multiplayer/Content/Vefects/Easy_Shockwaves_VFX/Audio/Cues/SFX_Vefects_Shockwave_01_2s_Cue.uasset" 2286
"C:/Users/jeanc/Documents/GitHub/Felix/Multiplayer/Content/Vefects/Easy_Shockwaves_VFX/Audio/Cues/SFX_Vefects_Shockwave_01_2s_Cue.uexp" 2287
"C:/Users/jeanc/Documents/GitHub/Felix/Multiplayer/Content/Vefects/Easy_Shockwaves_VFX/Audio/Waves/SFX_Vefects_Shockwave_01_1s.ubulk" 2288
"C:/Users/jeanc/Documents/GitHub/Felix/Multiplayer/Content/Vefects/Easy_Shockwaves_VFX/Audio/Waves/SFX_Vefects_Shockwave_01_1s.uasset" 2289
"C:/Users/jeanc/Documents/GitHub/Felix/Multiplayer/Content/Vefects/Easy_Shockwaves_VFX/Audio/Waves/SFX_Vefects_Shockwave_01_1s.uexp" 2290
"C:/Users/jeanc/Documents/GitHub/Felix/Multiplayer/Content/Vefects/Easy_Shockwaves_VFX/Audio/Cues/SFX_Vefects_Shockwave_01_1s_Cue.uasset" 2291
"C:/Users/jeanc/Documents/GitHub/Felix/Multiplayer/Content/Vefects/Easy_Shockwaves_VFX/Audio/Cues/SFX_Vefects_Shockwave_01_1s_Cue.uexp" 2292
"C:/Users/jeanc/Documents/GitHub/Felix/Multiplayer/Content/UI/Textures/Thumbs/Avatars/Avatar01.ubulk" 2293
"C:/Users/jeanc/Documents/GitHub/Felix/Multiplayer/Content/UI/Textures/Thumbs/Avatars/Avatar01.uasset" 2294
"C:/Users/jeanc/Documents/GitHub/Felix/Multiplayer/Content/UI/Textures/Thumbs/Avatars/Avatar01.uexp" 2295
"C:/Users/jeanc/Documents/GitHub/Felix/Multiplayer/Content/UI/Textures/Sounds/Sounds/tap-b.ubulk" 2296
"C:/Users/jeanc/Documents/GitHub/Felix/Multiplayer/Content/UI/Textures/Sounds/Sounds/tap-b.uasset" 2297
"C:/Users/jeanc/Documents/GitHub/Felix/Multiplayer/Content/UI/Textures/Sounds/Sounds/tap-b.uexp" 2298
"C:/Users/jeanc/Documents/GitHub/Felix/Multiplayer/Content/UI/Textures/Sounds/Sounds/tap-a.ubulk" 2299
"C:/Users/jeanc/Documents/GitHub/Felix/Multiplayer/Content/UI/Textures/Sounds/Sounds/tap-a.uasset" 2300
"C:/Users/jeanc/Documents/GitHub/Felix/Multiplayer/Content/UI/Textures/Sounds/Sounds/tap-a.uexp" 2301
"C:/Users/jeanc/Documents/GitHub/Felix/Multiplayer/Content/UI/Textures/Sounds/Sounds/switch-b.ubulk" 2302
"C:/Users/jeanc/Documents/GitHub/Felix/Multiplayer/Content/UI/Textures/Sounds/Sounds/switch-b.uasset" 2303
"C:/Users/jeanc/Documents/GitHub/Felix/Multiplayer/Content/UI/Textures/Sounds/Sounds/switch-b.uexp" 2304
"C:/Users/jeanc/Documents/GitHub/Felix/Multiplayer/Content/UI/Textures/Sounds/Sounds/switch-a.ubulk" 2305
"C:/Users/jeanc/Documents/GitHub/Felix/Multiplayer/Content/UI/Textures/Sounds/Sounds/switch-a.uasset" 2306
"C:/Users/jeanc/Documents/GitHub/Felix/Multiplayer/Content/UI/Textures/Sounds/Sounds/switch-a.uexp" 2307
"C:/Users/jeanc/Documents/GitHub/Felix/Multiplayer/Content/FPS_Weapon_Bundle/Weapons/Textures/Patterns/T_W90_Pattern.ubulk" 2308
"C:/Users/jeanc/Documents/GitHub/Felix/Multiplayer/Content/FPS_Weapon_Bundle/Weapons/Textures/Patterns/T_W90_Pattern.uasset" 2309
"C:/Users/jeanc/Documents/GitHub/Felix/Multiplayer/Content/FPS_Weapon_Bundle/Weapons/Textures/Patterns/T_W90_Pattern.uexp" 2310
"C:/Users/jeanc/Documents/GitHub/Felix/Multiplayer/Content/FPS_Weapon_Bundle/Weapons/Textures/Patterns/T_W90K_Pattern.ubulk" 2311
"C:/Users/jeanc/Documents/GitHub/Felix/Multiplayer/Content/FPS_Weapon_Bundle/Weapons/Textures/Patterns/T_W90K_Pattern.uasset" 2312
"C:/Users/jeanc/Documents/GitHub/Felix/Multiplayer/Content/FPS_Weapon_Bundle/Weapons/Textures/Patterns/T_W90K_Pattern.uexp" 2313
"C:/Users/jeanc/Documents/GitHub/Felix/Multiplayer/Content/FPS_Weapon_Bundle/Weapons/Textures/Patterns/T_Net01_Pattern.ubulk" 2314
"C:/Users/jeanc/Documents/GitHub/Felix/Multiplayer/Content/FPS_Weapon_Bundle/Weapons/Textures/Patterns/T_Net01_Pattern.uasset" 2315
"C:/Users/jeanc/Documents/GitHub/Felix/Multiplayer/Content/FPS_Weapon_Bundle/Weapons/Textures/Patterns/T_Net01_Pattern.uexp" 2316
"C:/Users/jeanc/Documents/GitHub/Felix/Multiplayer/Content/FPS_Weapon_Bundle/Weapons/Textures/Patterns/T_Ink_Pattern.uasset" 2317
"C:/Users/jeanc/Documents/GitHub/Felix/Multiplayer/Content/FPS_Weapon_Bundle/Weapons/Textures/Patterns/T_Ink_Pattern.uexp" 2318
"C:/Users/jeanc/Documents/GitHub/Felix/Multiplayer/Content/FPS_Weapon_Bundle/Weapons/Textures/Patterns/T_Hexagon_Pattern.ubulk" 2319
"C:/Users/jeanc/Documents/GitHub/Felix/Multiplayer/Content/FPS_Weapon_Bundle/Weapons/Textures/Patterns/T_Hexagon_Pattern.uasset" 2320
"C:/Users/jeanc/Documents/GitHub/Felix/Multiplayer/Content/FPS_Weapon_Bundle/Weapons/Textures/Patterns/T_Hexagon_Pattern.uexp" 2321
"C:/Users/jeanc/Documents/GitHub/Felix/Multiplayer/Content/FPS_Weapon_Bundle/Weapons/Textures/Patterns/T_Hexagon_Glow_Pattern.ubulk" 2322
"C:/Users/jeanc/Documents/GitHub/Felix/Multiplayer/Content/FPS_Weapon_Bundle/Weapons/Textures/Patterns/T_Hexagon_Glow_Pattern.uasset" 2323
"C:/Users/jeanc/Documents/GitHub/Felix/Multiplayer/Content/FPS_Weapon_Bundle/Weapons/Textures/Patterns/T_Hexagon_Glow_Pattern.uexp" 2324
"C:/Users/jeanc/Documents/GitHub/Felix/Multiplayer/Content/FPS_Weapon_Bundle/Weapons/Textures/Patterns/T_Cracks_Pattern.ubulk" 2325
"C:/Users/jeanc/Documents/GitHub/Felix/Multiplayer/Content/FPS_Weapon_Bundle/Weapons/Textures/Patterns/T_Cracks_Pattern.uasset" 2326
"C:/Users/jeanc/Documents/GitHub/Felix/Multiplayer/Content/FPS_Weapon_Bundle/Weapons/Textures/Patterns/T_Cracks_Pattern.uexp" 2327
"C:/Users/jeanc/Documents/GitHub/Felix/Multiplayer/Content/FPS_Weapon_Bundle/Weapons/Textures/Patterns/T_Chochip_Pattern.ubulk" 2328
"C:/Users/jeanc/Documents/GitHub/Felix/Multiplayer/Content/FPS_Weapon_Bundle/Weapons/Textures/Patterns/T_Chochip_Pattern.uasset" 2329
"C:/Users/jeanc/Documents/GitHub/Felix/Multiplayer/Content/FPS_Weapon_Bundle/Weapons/Textures/Patterns/T_Chochip_Pattern.uexp" 2330
"C:/Users/jeanc/Documents/GitHub/Felix/Multiplayer/Content/FPS_Weapon_Bundle/Weapons/Textures/Patterns/T_80s_Pattern.ubulk" 2331
"C:/Users/jeanc/Documents/GitHub/Felix/Multiplayer/Content/FPS_Weapon_Bundle/Weapons/Textures/Patterns/T_80s_Pattern.uasset" 2332
"C:/Users/jeanc/Documents/GitHub/Felix/Multiplayer/Content/FPS_Weapon_Bundle/Weapons/Textures/Patterns/T_80s_Pattern.uexp" 2333
"C:/Users/jeanc/Documents/GitHub/Felix/Multiplayer/Content/FPS_Weapon_Bundle/Weapons/Textures/SMG11/T_SMG11_Rem_NRM.ubulk" 2334
"C:/Users/jeanc/Documents/GitHub/Felix/Multiplayer/Content/FPS_Weapon_Bundle/Weapons/Textures/SMG11/T_SMG11_Rem_NRM.uasset" 2335
"C:/Users/jeanc/Documents/GitHub/Felix/Multiplayer/Content/FPS_Weapon_Bundle/Weapons/Textures/SMG11/T_SMG11_Rem_NRM.uexp" 2336
"C:/Users/jeanc/Documents/GitHub/Felix/Multiplayer/Content/FPS_Weapon_Bundle/Weapons/Textures/SMG11/T_SMG11_Rem_M_MSK.ubulk" 2337
"C:/Users/jeanc/Documents/GitHub/Felix/Multiplayer/Content/FPS_Weapon_Bundle/Weapons/Textures/SMG11/T_SMG11_Rem_M_MSK.uasset" 2338
"C:/Users/jeanc/Documents/GitHub/Felix/Multiplayer/Content/FPS_Weapon_Bundle/Weapons/Textures/SMG11/T_SMG11_Rem_M_MSK.uexp" 2339
"C:/Users/jeanc/Documents/GitHub/Felix/Multiplayer/Content/FPS_Weapon_Bundle/Weapons/Textures/SMG11/T_SMG11_Rem_ALB.ubulk" 2340
"C:/Users/jeanc/Documents/GitHub/Felix/Multiplayer/Content/FPS_Weapon_Bundle/Weapons/Textures/SMG11/T_SMG11_Rem_ALB.uasset" 2341
"C:/Users/jeanc/Documents/GitHub/Felix/Multiplayer/Content/FPS_Weapon_Bundle/Weapons/Textures/SMG11/T_SMG11_Rem_ALB.uexp" 2342
"C:/Users/jeanc/Documents/GitHub/Felix/Multiplayer/Content/FPS_Weapon_Bundle/Weapons/Materials/SMG11/M_SMG11_Rem.uasset" 2343
"C:/Users/jeanc/Documents/GitHub/Felix/Multiplayer/Content/FPS_Weapon_Bundle/Weapons/Materials/SMG11/M_SMG11_Rem.uexp" 2344
"C:/Users/jeanc/Documents/GitHub/Felix/Multiplayer/Content/FPS_Weapon_Bundle/Weapons/Textures/SMG11/T_SMG11_NRM.ubulk" 2345
"C:/Users/jeanc/Documents/GitHub/Felix/Multiplayer/Content/FPS_Weapon_Bundle/Weapons/Textures/SMG11/T_SMG11_NRM.uasset" 2346
"C:/Users/jeanc/Documents/GitHub/Felix/Multiplayer/Content/FPS_Weapon_Bundle/Weapons/Textures/SMG11/T_SMG11_NRM.uexp" 2347
"C:/Users/jeanc/Documents/GitHub/Felix/Multiplayer/Content/FPS_Weapon_Bundle/Weapons/Textures/SMG11/T_SMG11_M_MSK.ubulk" 2348
"C:/Users/jeanc/Documents/GitHub/Felix/Multiplayer/Content/FPS_Weapon_Bundle/Weapons/Textures/SMG11/T_SMG11_M_MSK.uasset" 2349
"C:/Users/jeanc/Documents/GitHub/Felix/Multiplayer/Content/FPS_Weapon_Bundle/Weapons/Textures/SMG11/T_SMG11_M_MSK.uexp" 2350
"C:/Users/jeanc/Documents/GitHub/Felix/Multiplayer/Content/FPS_Weapon_Bundle/Weapons/Textures/SMG11/T_SMG11_ALB.ubulk" 2351
"C:/Users/jeanc/Documents/GitHub/Felix/Multiplayer/Content/FPS_Weapon_Bundle/Weapons/Textures/SMG11/T_SMG11_ALB.uasset" 2352
"C:/Users/jeanc/Documents/GitHub/Felix/Multiplayer/Content/FPS_Weapon_Bundle/Weapons/Textures/SMG11/T_SMG11_ALB.uexp" 2353
"C:/Users/jeanc/Documents/GitHub/Felix/Multiplayer/Content/FPS_Weapon_Bundle/Weapons/Materials/SMG11/M_SMG11.uasset" 2354
"C:/Users/jeanc/Documents/GitHub/Felix/Multiplayer/Content/FPS_Weapon_Bundle/Weapons/Materials/SMG11/M_SMG11.uexp" 2355
"C:/Users/jeanc/Documents/GitHub/Felix/Multiplayer/Content/FPS_Weapon_Bundle/Weapons/Meshes/SMG11/SM_SMG11_Y.ubulk" 2356
"C:/Users/jeanc/Documents/GitHub/Felix/Multiplayer/Content/FPS_Weapon_Bundle/Weapons/Meshes/SMG11/SM_SMG11_Y.uasset" 2357
"C:/Users/jeanc/Documents/GitHub/Felix/Multiplayer/Content/FPS_Weapon_Bundle/Weapons/Meshes/SMG11/SM_SMG11_Y.uexp" 2358
"C:/Users/jeanc/Documents/GitHub/Felix/Multiplayer/Content/FPS_Weapon_Bundle/Weapons/Meshes/SMG11/SM_SMG11_X.ubulk" 2359
"C:/Users/jeanc/Documents/GitHub/Felix/Multiplayer/Content/FPS_Weapon_Bundle/Weapons/Meshes/SMG11/SM_SMG11_X.uasset" 2360
"C:/Users/jeanc/Documents/GitHub/Felix/Multiplayer/Content/FPS_Weapon_Bundle/Weapons/Meshes/SMG11/SM_SMG11_X.uexp" 2361
"C:/Users/jeanc/Documents/GitHub/Felix/Multiplayer/Content/FPS_Weapon_Bundle/Weapons/Meshes/SMG11/SM_SMG11_Nostock_Y.ubulk" 2362
"C:/Users/jeanc/Documents/GitHub/Felix/Multiplayer/Content/FPS_Weapon_Bundle/Weapons/Meshes/SMG11/SM_SMG11_Nostock_Y.uasset" 2363
"C:/Users/jeanc/Documents/GitHub/Felix/Multiplayer/Content/FPS_Weapon_Bundle/Weapons/Meshes/SMG11/SM_SMG11_Nostock_Y.uexp" 2364
"C:/Users/jeanc/Documents/GitHub/Felix/Multiplayer/Content/FPS_Weapon_Bundle/Weapons/Meshes/SMG11/SM_SMG11_Nostock_X.ubulk" 2365
"C:/Users/jeanc/Documents/GitHub/Felix/Multiplayer/Content/FPS_Weapon_Bundle/Weapons/Meshes/SMG11/SM_SMG11_Nostock_X.uasset" 2366
"C:/Users/jeanc/Documents/GitHub/Felix/Multiplayer/Content/FPS_Weapon_Bundle/Weapons/Meshes/SMG11/SM_SMG11_Nostock_X.uexp" 2367
"C:/Users/jeanc/Documents/GitHub/Felix/Multiplayer/Content/FPS_Weapon_Bundle/Weapons/Meshes/SMG11/SM_SMG11_Mag_Empty_Y.ubulk" 2368
"C:/Users/jeanc/Documents/GitHub/Felix/Multiplayer/Content/FPS_Weapon_Bundle/Weapons/Meshes/SMG11/SM_SMG11_Mag_Empty_Y.uasset" 2369
"C:/Users/jeanc/Documents/GitHub/Felix/Multiplayer/Content/FPS_Weapon_Bundle/Weapons/Meshes/SMG11/SM_SMG11_Mag_Empty_Y.uexp" 2370
"C:/Users/jeanc/Documents/GitHub/Felix/Multiplayer/Content/FPS_Weapon_Bundle/Weapons/Meshes/SMG11/SK_SMG11_X_Skeleton.uasset" 2371
"C:/Users/jeanc/Documents/GitHub/Felix/Multiplayer/Content/FPS_Weapon_Bundle/Weapons/Meshes/SMG11/SK_SMG11_X_Skeleton.uexp" 2372
"C:/Users/jeanc/Documents/GitHub/Felix/Multiplayer/Content/FPS_Weapon_Bundle/Weapons/Meshes/SMG11/SK_SMG11_X_Physics.uasset" 2373
"C:/Users/jeanc/Documents/GitHub/Felix/Multiplayer/Content/FPS_Weapon_Bundle/Weapons/Meshes/SMG11/SK_SMG11_X_Physics.uexp" 2374
"C:/Users/jeanc/Documents/GitHub/Felix/Multiplayer/Content/FPS_Weapon_Bundle/Weapons/Textures/Ammunition/T_9mm_ALB.ubulk" 2375
"C:/Users/jeanc/Documents/GitHub/Felix/Multiplayer/Content/FPS_Weapon_Bundle/Weapons/Textures/Ammunition/T_9mm_ALB.uasset" 2376
"C:/Users/jeanc/Documents/GitHub/Felix/Multiplayer/Content/FPS_Weapon_Bundle/Weapons/Textures/Ammunition/T_9mm_ALB.uexp" 2377
"C:/Users/jeanc/Documents/GitHub/Felix/Multiplayer/Content/FPS_Weapon_Bundle/Weapons/Textures/Ammunition/T_9mm_M_MSK.ubulk" 2378
"C:/Users/jeanc/Documents/GitHub/Felix/Multiplayer/Content/FPS_Weapon_Bundle/Weapons/Textures/Ammunition/T_9mm_M_MSK.uasset" 2379
"C:/Users/jeanc/Documents/GitHub/Felix/Multiplayer/Content/FPS_Weapon_Bundle/Weapons/Textures/Ammunition/T_9mm_M_MSK.uexp" 2380
"C:/Users/jeanc/Documents/GitHub/Felix/Multiplayer/Content/FPS_Weapon_Bundle/Weapons/Textures/Ammunition/T_9mm_NRM.ubulk" 2381
"C:/Users/jeanc/Documents/GitHub/Felix/Multiplayer/Content/FPS_Weapon_Bundle/Weapons/Textures/Ammunition/T_9mm_NRM.uasset" 2382
"C:/Users/jeanc/Documents/GitHub/Felix/Multiplayer/Content/FPS_Weapon_Bundle/Weapons/Textures/Ammunition/T_9mm_NRM.uexp" 2383
"C:/Users/jeanc/Documents/GitHub/Felix/Multiplayer/Content/FPS_Weapon_Bundle/Weapons/Materials/Ammunition/M_9mm.uasset" 2384
"C:/Users/jeanc/Documents/GitHub/Felix/Multiplayer/Content/FPS_Weapon_Bundle/Weapons/Materials/Ammunition/M_9mm.uexp" 2385
"C:/Users/jeanc/Documents/GitHub/Felix/Multiplayer/Content/FPS_Weapon_Bundle/Weapons/Meshes/SMG11/SK_SMG11_X.uasset" 2386
"C:/Users/jeanc/Documents/GitHub/Felix/Multiplayer/Content/FPS_Weapon_Bundle/Weapons/Meshes/SMG11/SK_SMG11_X.uexp" 2387
"C:/Users/jeanc/Documents/GitHub/Felix/Multiplayer/Content/FPS_Weapon_Bundle/Weapons/Meshes/SMG11/SK_SMG11_Nostock_X_Physics.uasset" 2388
"C:/Users/jeanc/Documents/GitHub/Felix/Multiplayer/Content/FPS_Weapon_Bundle/Weapons/Meshes/SMG11/SK_SMG11_Nostock_X_Physics.uexp" 2389
"C:/Users/jeanc/Documents/GitHub/Felix/Multiplayer/Content/FPS_Weapon_Bundle/Weapons/Meshes/SMG11/SK_SMG11_Nostock_X_Skeleton.uasset" 2390
"C:/Users/jeanc/Documents/GitHub/Felix/Multiplayer/Content/FPS_Weapon_Bundle/Weapons/Meshes/SMG11/SK_SMG11_Nostock_X_Skeleton.uexp" 2391
"C:/Users/jeanc/Documents/GitHub/Felix/Multiplayer/Content/FPS_Weapon_Bundle/Weapons/Meshes/SMG11/SK_SMG11_Nostock_X.uasset" 2392
"C:/Users/jeanc/Documents/GitHub/Felix/Multiplayer/Content/FPS_Weapon_Bundle/Weapons/Meshes/SMG11/SK_SMG11_Nostock_X.uexp" 2393
"C:/Users/jeanc/Documents/GitHub/Felix/Multiplayer/Content/FPS_Weapon_Bundle/Weapons/Textures/M9_Knife/T_M9_NRM.ubulk" 2394
"C:/Users/jeanc/Documents/GitHub/Felix/Multiplayer/Content/FPS_Weapon_Bundle/Weapons/Textures/M9_Knife/T_M9_NRM.uasset" 2395
"C:/Users/jeanc/Documents/GitHub/Felix/Multiplayer/Content/FPS_Weapon_Bundle/Weapons/Textures/M9_Knife/T_M9_NRM.uexp" 2396
"C:/Users/jeanc/Documents/GitHub/Felix/Multiplayer/Content/FPS_Weapon_Bundle/Weapons/Textures/M9_Knife/T_M9_M_MSK.ubulk" 2397
"C:/Users/jeanc/Documents/GitHub/Felix/Multiplayer/Content/FPS_Weapon_Bundle/Weapons/Textures/M9_Knife/T_M9_M_MSK.uasset" 2398
"C:/Users/jeanc/Documents/GitHub/Felix/Multiplayer/Content/FPS_Weapon_Bundle/Weapons/Textures/M9_Knife/T_M9_M_MSK.uexp" 2399
"C:/Users/jeanc/Documents/GitHub/Felix/Multiplayer/Content/FPS_Weapon_Bundle/Weapons/Textures/M9_Knife/T_M9_ALB.ubulk" 2400
"C:/Users/jeanc/Documents/GitHub/Felix/Multiplayer/Content/FPS_Weapon_Bundle/Weapons/Textures/M9_Knife/T_M9_ALB.uasset" 2401
"C:/Users/jeanc/Documents/GitHub/Felix/Multiplayer/Content/FPS_Weapon_Bundle/Weapons/Textures/M9_Knife/T_M9_ALB.uexp" 2402
"C:/Users/jeanc/Documents/GitHub/Felix/Multiplayer/Content/FPS_Weapon_Bundle/Weapons/Materials/M9_Knife/M_M9_Knife.uasset" 2403
"C:/Users/jeanc/Documents/GitHub/Felix/Multiplayer/Content/FPS_Weapon_Bundle/Weapons/Materials/M9_Knife/M_M9_Knife.uexp" 2404
"C:/Users/jeanc/Documents/GitHub/Felix/Multiplayer/Content/FPS_Weapon_Bundle/Weapons/Meshes/M9_Knife/SM_M9_Knife_X.ubulk" 2405
"C:/Users/jeanc/Documents/GitHub/Felix/Multiplayer/Content/FPS_Weapon_Bundle/Weapons/Meshes/M9_Knife/SM_M9_Knife_X.uasset" 2406
"C:/Users/jeanc/Documents/GitHub/Felix/Multiplayer/Content/FPS_Weapon_Bundle/Weapons/Meshes/M9_Knife/SM_M9_Knife_X.uexp" 2407
"C:/Users/jeanc/Documents/GitHub/Felix/Multiplayer/Content/FPS_Weapon_Bundle/Weapons/Meshes/M9_Knife/SM_M9_Knife.ubulk" 2408
"C:/Users/jeanc/Documents/GitHub/Felix/Multiplayer/Content/FPS_Weapon_Bundle/Weapons/Meshes/M9_Knife/SM_M9_Knife.uasset" 2409
"C:/Users/jeanc/Documents/GitHub/Felix/Multiplayer/Content/FPS_Weapon_Bundle/Weapons/Meshes/M9_Knife/SM_M9_Knife.uexp" 2410
"C:/Users/jeanc/Documents/GitHub/Felix/Multiplayer/Content/FPS_Weapon_Bundle/Weapons/Meshes/M9_Knife/SK_M9_Knife_Skeleton.uasset" 2411
"C:/Users/jeanc/Documents/GitHub/Felix/Multiplayer/Content/FPS_Weapon_Bundle/Weapons/Meshes/M9_Knife/SK_M9_Knife_Skeleton.uexp" 2412
"C:/Users/jeanc/Documents/GitHub/Felix/Multiplayer/Content/FPS_Weapon_Bundle/Weapons/Meshes/M9_Knife/SK_M9_Knife_Physics.uasset" 2413
"C:/Users/jeanc/Documents/GitHub/Felix/Multiplayer/Content/FPS_Weapon_Bundle/Weapons/Meshes/M9_Knife/SK_M9_Knife_Physics.uexp" 2414
"C:/Users/jeanc/Documents/GitHub/Felix/Multiplayer/Content/FPS_Weapon_Bundle/Weapons/Meshes/M9_Knife/SK_M9_Knife.uasset" 2415
"C:/Users/jeanc/Documents/GitHub/Felix/Multiplayer/Content/FPS_Weapon_Bundle/Weapons/Meshes/M9_Knife/SK_M9_Knife.uexp" 2416
"C:/Users/jeanc/Documents/GitHub/Felix/Multiplayer/Content/FPS_Weapon_Bundle/Weapons/Textures/KA_Val/T_KA_Val_ALB.ubulk" 2417
"C:/Users/jeanc/Documents/GitHub/Felix/Multiplayer/Content/FPS_Weapon_Bundle/Weapons/Textures/KA_Val/T_KA_Val_ALB.uasset" 2418
"C:/Users/jeanc/Documents/GitHub/Felix/Multiplayer/Content/FPS_Weapon_Bundle/Weapons/Textures/KA_Val/T_KA_Val_ALB.uexp" 2419
"C:/Users/jeanc/Documents/GitHub/Felix/Multiplayer/Content/FPS_Weapon_Bundle/Weapons/Textures/KA_Val/T_KA_Val_M_MSK.ubulk" 2420
"C:/Users/jeanc/Documents/GitHub/Felix/Multiplayer/Content/FPS_Weapon_Bundle/Weapons/Textures/KA_Val/T_KA_Val_M_MSK.uasset" 2421
"C:/Users/jeanc/Documents/GitHub/Felix/Multiplayer/Content/FPS_Weapon_Bundle/Weapons/Textures/KA_Val/T_KA_Val_M_MSK.uexp" 2422
"C:/Users/jeanc/Documents/GitHub/Felix/Multiplayer/Content/FPS_Weapon_Bundle/Weapons/Textures/KA_Val/T_KA_Val_NRM.ubulk" 2423
"C:/Users/jeanc/Documents/GitHub/Felix/Multiplayer/Content/FPS_Weapon_Bundle/Weapons/Textures/KA_Val/T_KA_Val_NRM.uasset" 2424
"C:/Users/jeanc/Documents/GitHub/Felix/Multiplayer/Content/FPS_Weapon_Bundle/Weapons/Textures/KA_Val/T_KA_Val_NRM.uexp" 2425
"C:/Users/jeanc/Documents/GitHub/Felix/Multiplayer/Content/FPS_Weapon_Bundle/Weapons/Materials/KA_Val/M_KA_Val.uasset" 2426
"C:/Users/jeanc/Documents/GitHub/Felix/Multiplayer/Content/FPS_Weapon_Bundle/Weapons/Materials/KA_Val/M_KA_Val.uexp" 2427
"C:/Users/jeanc/Documents/GitHub/Felix/Multiplayer/Content/FPS_Weapon_Bundle/Weapons/Meshes/KA_Val/SM_KA_Val_Y.ubulk" 2428
"C:/Users/jeanc/Documents/GitHub/Felix/Multiplayer/Content/FPS_Weapon_Bundle/Weapons/Meshes/KA_Val/SM_KA_Val_Y.uasset" 2429
"C:/Users/jeanc/Documents/GitHub/Felix/Multiplayer/Content/FPS_Weapon_Bundle/Weapons/Meshes/KA_Val/SM_KA_Val_Y.uexp" 2430
"C:/Users/jeanc/Documents/GitHub/Felix/Multiplayer/Content/FPS_Weapon_Bundle/Weapons/Meshes/KA_Val/SM_KA_Val_X.ubulk" 2431
"C:/Users/jeanc/Documents/GitHub/Felix/Multiplayer/Content/FPS_Weapon_Bundle/Weapons/Meshes/KA_Val/SM_KA_Val_X.uasset" 2432
"C:/Users/jeanc/Documents/GitHub/Felix/Multiplayer/Content/FPS_Weapon_Bundle/Weapons/Meshes/KA_Val/SM_KA_Val_X.uexp" 2433
"C:/Users/jeanc/Documents/GitHub/Felix/Multiplayer/Content/FPS_Weapon_Bundle/Weapons/Meshes/KA_Val/SM_KA_Val_Mag_X.ubulk" 2434
"C:/Users/jeanc/Documents/GitHub/Felix/Multiplayer/Content/FPS_Weapon_Bundle/Weapons/Meshes/KA_Val/SM_KA_Val_Mag_X.uasset" 2435
"C:/Users/jeanc/Documents/GitHub/Felix/Multiplayer/Content/FPS_Weapon_Bundle/Weapons/Meshes/KA_Val/SM_KA_Val_Mag_X.uexp" 2436
"C:/Users/jeanc/Documents/GitHub/Felix/Multiplayer/Content/FPS_Weapon_Bundle/Weapons/Meshes/KA_Val/SK_KA_Val_X_Skeleton.uasset" 2437
"C:/Users/jeanc/Documents/GitHub/Felix/Multiplayer/Content/FPS_Weapon_Bundle/Weapons/Meshes/KA_Val/SK_KA_Val_X_Skeleton.uexp" 2438
"C:/Users/jeanc/Documents/GitHub/Felix/Multiplayer/Content/FPS_Weapon_Bundle/Weapons/Meshes/KA_Val/SK_KA_Val_X_Physics.uasset" 2439
"C:/Users/jeanc/Documents/GitHub/Felix/Multiplayer/Content/FPS_Weapon_Bundle/Weapons/Meshes/KA_Val/SK_KA_Val_X_Physics.uexp" 2440
"C:/Users/jeanc/Documents/GitHub/Felix/Multiplayer/Content/FPS_Weapon_Bundle/Weapons/Meshes/KA_Val/SK_KA_Val_X.uasset" 2441
"C:/Users/jeanc/Documents/GitHub/Felix/Multiplayer/Content/FPS_Weapon_Bundle/Weapons/Meshes/KA_Val/SK_KA_Val_X.uexp" 2442
"C:/Users/jeanc/Documents/GitHub/Felix/Multiplayer/Content/FPS_Weapon_Bundle/Weapons/Materials/KA74U/M_KA74U.uasset" 2443
"C:/Users/jeanc/Documents/GitHub/Felix/Multiplayer/Content/FPS_Weapon_Bundle/Weapons/Materials/KA74U/M_KA74U.uexp" 2444
"C:/Users/jeanc/Documents/GitHub/Felix/Multiplayer/Content/FPS_Weapon_Bundle/Weapons/Meshes/KA74U/SM_KA74U_Y.ubulk" 2445
"C:/Users/jeanc/Documents/GitHub/Felix/Multiplayer/Content/FPS_Weapon_Bundle/Weapons/Meshes/KA74U/SM_KA74U_Y.uasset" 2446
"C:/Users/jeanc/Documents/GitHub/Felix/Multiplayer/Content/FPS_Weapon_Bundle/Weapons/Meshes/KA74U/SM_KA74U_Y.uexp" 2447
"C:/Users/jeanc/Documents/GitHub/Felix/Multiplayer/Content/FPS_Weapon_Bundle/Weapons/Meshes/KA74U/SM_KA74U_X.ubulk" 2448
"C:/Users/jeanc/Documents/GitHub/Felix/Multiplayer/Content/FPS_Weapon_Bundle/Weapons/Meshes/KA74U/SM_KA74U_X.uasset" 2449
"C:/Users/jeanc/Documents/GitHub/Felix/Multiplayer/Content/FPS_Weapon_Bundle/Weapons/Meshes/KA74U/SM_KA74U_X.uexp" 2450
"C:/Users/jeanc/Documents/GitHub/Felix/Multiplayer/Content/FPS_Weapon_Bundle/Weapons/Meshes/KA74U/SM_KA74U_Mag_Y.ubulk" 2451
"C:/Users/jeanc/Documents/GitHub/Felix/Multiplayer/Content/FPS_Weapon_Bundle/Weapons/Meshes/KA74U/SM_KA74U_Mag_Y.uasset" 2452
"C:/Users/jeanc/Documents/GitHub/Felix/Multiplayer/Content/FPS_Weapon_Bundle/Weapons/Meshes/KA74U/SM_KA74U_Mag_Y.uexp" 2453
"C:/Users/jeanc/Documents/GitHub/Felix/Multiplayer/Content/FPS_Weapon_Bundle/Weapons/Meshes/KA74U/SM_KA74U_Mag_Empty_Y.ubulk" 2454
"C:/Users/jeanc/Documents/GitHub/Felix/Multiplayer/Content/FPS_Weapon_Bundle/Weapons/Meshes/KA74U/SM_KA74U_Mag_Empty_Y.uasset" 2455
"C:/Users/jeanc/Documents/GitHub/Felix/Multiplayer/Content/FPS_Weapon_Bundle/Weapons/Meshes/KA74U/SM_KA74U_Mag_Empty_Y.uexp" 2456
"C:/Users/jeanc/Documents/GitHub/Felix/Multiplayer/Content/FPS_Weapon_Bundle/Weapons/Meshes/KA74U/SK_KA74U_X_Skeleton.uasset" 2457
"C:/Users/jeanc/Documents/GitHub/Felix/Multiplayer/Content/FPS_Weapon_Bundle/Weapons/Meshes/KA74U/SK_KA74U_X_Skeleton.uexp" 2458
"C:/Users/jeanc/Documents/GitHub/Felix/Multiplayer/Content/FPS_Weapon_Bundle/Weapons/Meshes/KA74U/SK_KA74U_X_Physics.uasset" 2459
"C:/Users/jeanc/Documents/GitHub/Felix/Multiplayer/Content/FPS_Weapon_Bundle/Weapons/Meshes/KA74U/SK_KA74U_X_Physics.uexp" 2460
"C:/Users/jeanc/Documents/GitHub/Felix/Multiplayer/Content/FPS_Weapon_Bundle/Weapons/Meshes/KA74U/SK_KA74U_X.uasset" 2461
"C:/Users/jeanc/Documents/GitHub/Felix/Multiplayer/Content/FPS_Weapon_Bundle/Weapons/Meshes/KA74U/SK_KA74U_X.uexp" 2462
"C:/Users/jeanc/Documents/GitHub/Felix/Multiplayer/Content/FPS_Weapon_Bundle/Weapons/Textures/KA47/T_KA47_NRM.ubulk" 2463
"C:/Users/jeanc/Documents/GitHub/Felix/Multiplayer/Content/FPS_Weapon_Bundle/Weapons/Textures/KA47/T_KA47_NRM.uasset" 2464
"C:/Users/jeanc/Documents/GitHub/Felix/Multiplayer/Content/FPS_Weapon_Bundle/Weapons/Textures/KA47/T_KA47_NRM.uexp" 2465
"C:/Users/jeanc/Documents/GitHub/Felix/Multiplayer/Content/FPS_Weapon_Bundle/Weapons/Textures/KA47/T_KA47_ALB.ubulk" 2466
"C:/Users/jeanc/Documents/GitHub/Felix/Multiplayer/Content/FPS_Weapon_Bundle/Weapons/Textures/KA47/T_KA47_ALB.uasset" 2467
"C:/Users/jeanc/Documents/GitHub/Felix/Multiplayer/Content/FPS_Weapon_Bundle/Weapons/Textures/KA47/T_KA47_ALB.uexp" 2468
"C:/Users/jeanc/Documents/GitHub/Felix/Multiplayer/Content/FPS_Weapon_Bundle/Weapons/Textures/KA47/T_KA47_M_MSK.ubulk" 2469
"C:/Users/jeanc/Documents/GitHub/Felix/Multiplayer/Content/FPS_Weapon_Bundle/Weapons/Textures/KA47/T_KA47_M_MSK.uasset" 2470
"C:/Users/jeanc/Documents/GitHub/Felix/Multiplayer/Content/FPS_Weapon_Bundle/Weapons/Textures/KA47/T_KA47_M_MSK.uexp" 2471
"C:/Users/jeanc/Documents/GitHub/Felix/Multiplayer/Content/FPS_Weapon_Bundle/Weapons/Materials/Ka47/M_KA47.uasset" 2472
"C:/Users/jeanc/Documents/GitHub/Felix/Multiplayer/Content/FPS_Weapon_Bundle/Weapons/Materials/Ka47/M_KA47.uexp" 2473
"C:/Users/jeanc/Documents/GitHub/Felix/Multiplayer/Content/FPS_Weapon_Bundle/Weapons/Meshes/Ka47/SM_KA47_X.ubulk" 2474
"C:/Users/jeanc/Documents/GitHub/Felix/Multiplayer/Content/FPS_Weapon_Bundle/Weapons/Meshes/Ka47/SM_KA47_X.uasset" 2475
"C:/Users/jeanc/Documents/GitHub/Felix/Multiplayer/Content/FPS_Weapon_Bundle/Weapons/Meshes/Ka47/SM_KA47_X.uexp" 2476
"C:/Users/jeanc/Documents/GitHub/Felix/Multiplayer/Content/FPS_Weapon_Bundle/Weapons/Meshes/Ka47/SM_KA47.ubulk" 2477
"C:/Users/jeanc/Documents/GitHub/Felix/Multiplayer/Content/FPS_Weapon_Bundle/Weapons/Meshes/Ka47/SM_KA47.uasset" 2478
"C:/Users/jeanc/Documents/GitHub/Felix/Multiplayer/Content/FPS_Weapon_Bundle/Weapons/Meshes/Ka47/SM_KA47.uexp" 2479
"C:/Users/jeanc/Documents/GitHub/Felix/Multiplayer/Content/FPS_Weapon_Bundle/Weapons/Meshes/Ka47/SK_KA47_X_Physics.uasset" 2480
"C:/Users/jeanc/Documents/GitHub/Felix/Multiplayer/Content/FPS_Weapon_Bundle/Weapons/Meshes/Ka47/SK_KA47_X_Physics.uexp" 2481
"C:/Users/jeanc/Documents/GitHub/Felix/Multiplayer/Content/FPS_Weapon_Bundle/Weapons/Meshes/Ka47/SK_KA47_X.uasset" 2482
"C:/Users/jeanc/Documents/GitHub/Felix/Multiplayer/Content/FPS_Weapon_Bundle/Weapons/Meshes/Ka47/SK_KA47_X.uexp" 2483
"C:/Users/jeanc/Documents/GitHub/Felix/Multiplayer/Content/FPS_Weapon_Bundle/Weapons/Textures/G67_Grenade/T_G67_NRM.ubulk" 2484
"C:/Users/jeanc/Documents/GitHub/Felix/Multiplayer/Content/FPS_Weapon_Bundle/Weapons/Textures/G67_Grenade/T_G67_NRM.uasset" 2485
"C:/Users/jeanc/Documents/GitHub/Felix/Multiplayer/Content/FPS_Weapon_Bundle/Weapons/Textures/G67_Grenade/T_G67_NRM.uexp" 2486
"C:/Users/jeanc/Documents/GitHub/Felix/Multiplayer/Content/FPS_Weapon_Bundle/Weapons/Textures/G67_Grenade/T_G67_M_MSK.ubulk" 2487
"C:/Users/jeanc/Documents/GitHub/Felix/Multiplayer/Content/FPS_Weapon_Bundle/Weapons/Textures/G67_Grenade/T_G67_M_MSK.uasset" 2488
"C:/Users/jeanc/Documents/GitHub/Felix/Multiplayer/Content/FPS_Weapon_Bundle/Weapons/Textures/G67_Grenade/T_G67_M_MSK.uexp" 2489
"C:/Users/jeanc/Documents/GitHub/Felix/Multiplayer/Content/FPS_Weapon_Bundle/Weapons/Textures/G67_Grenade/T_G67_ALB.ubulk" 2490
"C:/Users/jeanc/Documents/GitHub/Felix/Multiplayer/Content/FPS_Weapon_Bundle/Weapons/Textures/G67_Grenade/T_G67_ALB.uasset" 2491
"C:/Users/jeanc/Documents/GitHub/Felix/Multiplayer/Content/FPS_Weapon_Bundle/Weapons/Textures/G67_Grenade/T_G67_ALB.uexp" 2492
"C:/Users/jeanc/Documents/GitHub/Felix/Multiplayer/Content/FPS_Weapon_Bundle/Weapons/Materials/G67_Grenade/M_G67.uasset" 2493
"C:/Users/jeanc/Documents/GitHub/Felix/Multiplayer/Content/FPS_Weapon_Bundle/Weapons/Materials/G67_Grenade/M_G67.uexp" 2494
"C:/Users/jeanc/Documents/GitHub/Felix/Multiplayer/Content/FPS_Weapon_Bundle/Weapons/Meshes/G67_Grenade/SM_G67_X.ubulk" 2495
"C:/Users/jeanc/Documents/GitHub/Felix/Multiplayer/Content/FPS_Weapon_Bundle/Weapons/Meshes/G67_Grenade/SM_G67_X.uasset" 2496
"C:/Users/jeanc/Documents/GitHub/Felix/Multiplayer/Content/FPS_Weapon_Bundle/Weapons/Meshes/G67_Grenade/SM_G67_X.uexp" 2497
"C:/Users/jeanc/Documents/GitHub/Felix/Multiplayer/Content/FPS_Weapon_Bundle/Weapons/Meshes/G67_Grenade/SM_G67_Thrown.ubulk" 2498
"C:/Users/jeanc/Documents/GitHub/Felix/Multiplayer/Content/FPS_Weapon_Bundle/Weapons/Meshes/G67_Grenade/SM_G67_Thrown.uasset" 2499
"C:/Users/jeanc/Documents/GitHub/Felix/Multiplayer/Content/FPS_Weapon_Bundle/Weapons/Meshes/G67_Grenade/SM_G67_Thrown.uexp" 2500
"C:/Users/jeanc/Documents/GitHub/Felix/Multiplayer/Content/FPS_Weapon_Bundle/Weapons/Meshes/G67_Grenade/SM_G67.ubulk" 2501
"C:/Users/jeanc/Documents/GitHub/Felix/Multiplayer/Content/FPS_Weapon_Bundle/Weapons/Meshes/G67_Grenade/SM_G67.uasset" 2502
"C:/Users/jeanc/Documents/GitHub/Felix/Multiplayer/Content/FPS_Weapon_Bundle/Weapons/Meshes/G67_Grenade/SM_G67.uexp" 2503
"C:/Users/jeanc/Documents/GitHub/Felix/Multiplayer/Content/FPS_Weapon_Bundle/Weapons/Meshes/G67_Grenade/SK_G67_Skeleton.uasset" 2504
"C:/Users/jeanc/Documents/GitHub/Felix/Multiplayer/Content/FPS_Weapon_Bundle/Weapons/Meshes/G67_Grenade/SK_G67_Skeleton.uexp" 2505
"C:/Users/jeanc/Documents/GitHub/Felix/Multiplayer/Content/FPS_Weapon_Bundle/Weapons/Meshes/G67_Grenade/SK_G67_Physics.uasset" 2506
"C:/Users/jeanc/Documents/GitHub/Felix/Multiplayer/Content/FPS_Weapon_Bundle/Weapons/Meshes/G67_Grenade/SK_G67_Physics.uexp" 2507
"C:/Users/jeanc/Documents/GitHub/Felix/Multiplayer/Content/FPS_Weapon_Bundle/Weapons/Meshes/G67_Grenade/SK_G67.uasset" 2508
"C:/Users/jeanc/Documents/GitHub/Felix/Multiplayer/Content/FPS_Weapon_Bundle/Weapons/Meshes/G67_Grenade/SK_G67.uexp" 2509
"C:/Users/jeanc/Documents/GitHub/Felix/Multiplayer/Content/FPS_Weapon_Bundle/Weapons/Meshes/AR4/SM_AR4_X.ubulk" 2510
"C:/Users/jeanc/Documents/GitHub/Felix/Multiplayer/Content/FPS_Weapon_Bundle/Weapons/Meshes/AR4/SM_AR4_X.uasset" 2511
"C:/Users/jeanc/Documents/GitHub/Felix/Multiplayer/Content/FPS_Weapon_Bundle/Weapons/Meshes/AR4/SM_AR4_X.uexp" 2512
"C:/Users/jeanc/Documents/GitHub/Felix/Multiplayer/Content/FPS_Weapon_Bundle/Weapons/Meshes/AR4/SM_AR4.ubulk" 2513
"C:/Users/jeanc/Documents/GitHub/Felix/Multiplayer/Content/FPS_Weapon_Bundle/Weapons/Meshes/AR4/SM_AR4.uasset" 2514
"C:/Users/jeanc/Documents/GitHub/Felix/Multiplayer/Content/FPS_Weapon_Bundle/Weapons/Meshes/AR4/SM_AR4.uexp" 2515
"C:/Users/jeanc/Documents/GitHub/Felix/Multiplayer/Content/FPS_Weapon_Bundle/Weapons/Textures/Accessories/T_Scope_25x56_Lens_ALB.ubulk" 2516
"C:/Users/jeanc/Documents/GitHub/Felix/Multiplayer/Content/FPS_Weapon_Bundle/Weapons/Textures/Accessories/T_Scope_25x56_Lens_ALB.uasset" 2517
"C:/Users/jeanc/Documents/GitHub/Felix/Multiplayer/Content/FPS_Weapon_Bundle/Weapons/Textures/Accessories/T_Scope_25x56_Lens_ALB.uexp" 2518
"C:/Users/jeanc/Documents/GitHub/Felix/Multiplayer/Content/FPS_Weapon_Bundle/Weapons/Textures/Accessories/T_Scope_25x56_Lens_M_MSK.ubulk" 2519
"C:/Users/jeanc/Documents/GitHub/Felix/Multiplayer/Content/FPS_Weapon_Bundle/Weapons/Textures/Accessories/T_Scope_25x56_Lens_M_MSK.uasset" 2520
"C:/Users/jeanc/Documents/GitHub/Felix/Multiplayer/Content/FPS_Weapon_Bundle/Weapons/Textures/Accessories/T_Scope_25x56_Lens_M_MSK.uexp" 2521
"C:/Users/jeanc/Documents/GitHub/Felix/Multiplayer/Content/FPS_Weapon_Bundle/Weapons/Materials/Master_Material/M_Scope_Lens_MASTER.uasset" 2522
"C:/Users/jeanc/Documents/GitHub/Felix/Multiplayer/Content/FPS_Weapon_Bundle/Weapons/Materials/Master_Material/M_Scope_Lens_MASTER.uexp" 2523
"C:/Users/jeanc/Documents/GitHub/Felix/Multiplayer/Content/FPS_Weapon_Bundle/Weapons/Materials/Accessories/M_Scope_25x56_Lens.uasset" 2524
"C:/Users/jeanc/Documents/GitHub/Felix/Multiplayer/Content/FPS_Weapon_Bundle/Weapons/Materials/Accessories/M_Scope_25x56_Lens.uexp" 2525
"C:/Users/jeanc/Documents/GitHub/Felix/Multiplayer/Content/FPS_Weapon_Bundle/Weapons/Textures/Accessories/T_Scope_25x56_M_MSK.ubulk" 2526
"C:/Users/jeanc/Documents/GitHub/Felix/Multiplayer/Content/FPS_Weapon_Bundle/Weapons/Textures/Accessories/T_Scope_25x56_M_MSK.uasset" 2527
"C:/Users/jeanc/Documents/GitHub/Felix/Multiplayer/Content/FPS_Weapon_Bundle/Weapons/Textures/Accessories/T_Scope_25x56_M_MSK.uexp" 2528
"C:/Users/jeanc/Documents/GitHub/Felix/Multiplayer/Content/FPS_Weapon_Bundle/Weapons/Textures/Accessories/T_Scope_25x56_NRM.ubulk" 2529
"C:/Users/jeanc/Documents/GitHub/Felix/Multiplayer/Content/FPS_Weapon_Bundle/Weapons/Textures/Accessories/T_Scope_25x56_NRM.uasset" 2530
"C:/Users/jeanc/Documents/GitHub/Felix/Multiplayer/Content/FPS_Weapon_Bundle/Weapons/Textures/Accessories/T_Scope_25x56_NRM.uexp" 2531
"C:/Users/jeanc/Documents/GitHub/Felix/Multiplayer/Content/FPS_Weapon_Bundle/Weapons/Textures/Accessories/T_Scope_25x56_ALB.ubulk" 2532
"C:/Users/jeanc/Documents/GitHub/Felix/Multiplayer/Content/FPS_Weapon_Bundle/Weapons/Textures/Accessories/T_Scope_25x56_ALB.uasset" 2533
"C:/Users/jeanc/Documents/GitHub/Felix/Multiplayer/Content/FPS_Weapon_Bundle/Weapons/Textures/Accessories/T_Scope_25x56_ALB.uexp" 2534
"C:/Users/jeanc/Documents/GitHub/Felix/Multiplayer/Content/FPS_Weapon_Bundle/Weapons/Materials/Accessories/M_Scope_25x56.uasset" 2535
"C:/Users/jeanc/Documents/GitHub/Felix/Multiplayer/Content/FPS_Weapon_Bundle/Weapons/Materials/Accessories/M_Scope_25x56.uexp" 2536
"C:/Users/jeanc/Documents/GitHub/Felix/Multiplayer/Content/FPS_Weapon_Bundle/Weapons/Meshes/Accessories/SM_Scope_25x56_X.ubulk" 2537
"C:/Users/jeanc/Documents/GitHub/Felix/Multiplayer/Content/FPS_Weapon_Bundle/Weapons/Meshes/Accessories/SM_Scope_25x56_X.uasset" 2538
"C:/Users/jeanc/Documents/GitHub/Felix/Multiplayer/Content/FPS_Weapon_Bundle/Weapons/Meshes/Accessories/SM_Scope_25x56_X.uexp" 2539
"C:/Users/jeanc/Documents/GitHub/Felix/Multiplayer/Content/FPS_Weapon_Bundle/Weapons/Materials/SMG11/M_SMG11_Color.uasset" 2540
"C:/Users/jeanc/Documents/GitHub/Felix/Multiplayer/Content/FPS_Weapon_Bundle/Weapons/Materials/SMG11/M_SMG11_Color.uexp" 2541
"C:/Users/jeanc/Documents/GitHub/Felix/Multiplayer/Content/FPS_Weapon_Bundle/Weapons/Textures/Patterns/T_Urban_Marpat_Pattern.ubulk" 2542
"C:/Users/jeanc/Documents/GitHub/Felix/Multiplayer/Content/FPS_Weapon_Bundle/Weapons/Textures/Patterns/T_Urban_Marpat_Pattern.uasset" 2543
"C:/Users/jeanc/Documents/GitHub/Felix/Multiplayer/Content/FPS_Weapon_Bundle/Weapons/Textures/Patterns/T_Urban_Marpat_Pattern.uexp" 2544
"C:/Users/jeanc/Documents/GitHub/Felix/Multiplayer/Content/FPS_Weapon_Bundle/Weapons/Materials/SMG11/M_SMG11_Camo.uasset" 2545
"C:/Users/jeanc/Documents/GitHub/Felix/Multiplayer/Content/FPS_Weapon_Bundle/Weapons/Materials/SMG11/M_SMG11_Camo.uexp" 2546
"C:/Users/jeanc/Documents/GitHub/Felix/Multiplayer/Content/FPS_Weapon_Bundle/Weapons/Textures/RDS/T_RDS_03.uasset" 2547
"C:/Users/jeanc/Documents/GitHub/Felix/Multiplayer/Content/FPS_Weapon_Bundle/Weapons/Textures/RDS/T_RDS_03.uexp" 2548
"C:/Users/jeanc/Documents/GitHub/Felix/Multiplayer/Content/FPS_Weapon_Bundle/Weapons/Textures/RDS/T_RDS_01.uasset" 2549
"C:/Users/jeanc/Documents/GitHub/Felix/Multiplayer/Content/FPS_Weapon_Bundle/Weapons/Textures/RDS/T_RDS_01.uexp" 2550
"C:/Users/jeanc/Documents/GitHub/Felix/Multiplayer/Content/FPS_Weapon_Bundle/Weapons/Materials/Master_Material/M_RDS_Master.uasset" 2551
"C:/Users/jeanc/Documents/GitHub/Felix/Multiplayer/Content/FPS_Weapon_Bundle/Weapons/Materials/Master_Material/M_RDS_Master.uexp" 2552
"C:/Users/jeanc/Documents/GitHub/Felix/Multiplayer/Content/FPS_Weapon_Bundle/Weapons/Materials/RDS/M_RDS_01.uasset" 2553
"C:/Users/jeanc/Documents/GitHub/Felix/Multiplayer/Content/FPS_Weapon_Bundle/Weapons/Materials/RDS/M_RDS_01.uexp" 2554
"C:/Users/jeanc/Documents/GitHub/Felix/Multiplayer/Content/FPS_Weapon_Bundle/Weapons/Materials/RDS/M_RDS_03.uasset" 2555
"C:/Users/jeanc/Documents/GitHub/Felix/Multiplayer/Content/FPS_Weapon_Bundle/Weapons/Materials/RDS/M_RDS_03.uexp" 2556
"C:/Users/jeanc/Documents/GitHub/Felix/Multiplayer/Content/FPS_Weapon_Bundle/Weapons/Textures/RDS/T_RDS_02.uasset" 2557
"C:/Users/jeanc/Documents/GitHub/Felix/Multiplayer/Content/FPS_Weapon_Bundle/Weapons/Textures/RDS/T_RDS_02.uexp" 2558
"C:/Users/jeanc/Documents/GitHub/Felix/Multiplayer/Content/FPS_Weapon_Bundle/Weapons/Materials/RDS/M_RDS_02.uasset" 2559
"C:/Users/jeanc/Documents/GitHub/Felix/Multiplayer/Content/FPS_Weapon_Bundle/Weapons/Materials/RDS/M_RDS_02.uexp" 2560
"C:/Users/jeanc/Documents/GitHub/Felix/Multiplayer/Content/FPS_Weapon_Bundle/Weapons/Textures/KA_Val/T_KA_Val_Black_ALB.ubulk" 2561
"C:/Users/jeanc/Documents/GitHub/Felix/Multiplayer/Content/FPS_Weapon_Bundle/Weapons/Textures/KA_Val/T_KA_Val_Black_ALB.uasset" 2562
"C:/Users/jeanc/Documents/GitHub/Felix/Multiplayer/Content/FPS_Weapon_Bundle/Weapons/Textures/KA_Val/T_KA_Val_Black_ALB.uexp" 2563
"C:/Users/jeanc/Documents/GitHub/Felix/Multiplayer/Content/FPS_Weapon_Bundle/Weapons/Materials/KA_Val/M_KA_Val_Black.uasset" 2564
"C:/Users/jeanc/Documents/GitHub/Felix/Multiplayer/Content/FPS_Weapon_Bundle/Weapons/Materials/KA_Val/M_KA_Val_Black.uexp" 2565
"C:/Users/jeanc/Documents/GitHub/Felix/Multiplayer/Content/FPS_Weapon_Bundle/Weapons/Materials/KA_Val/M_KA_Val_Black_Striped.uasset" 2566
"C:/Users/jeanc/Documents/GitHub/Felix/Multiplayer/Content/FPS_Weapon_Bundle/Weapons/Materials/KA_Val/M_KA_Val_Black_Striped.uexp" 2567
"C:/Users/jeanc/Documents/GitHub/Felix/Multiplayer/Content/FPS_Weapon_Bundle/Weapons/Textures/Patterns/T_Wood_Marpat_Pattern.ubulk" 2568
"C:/Users/jeanc/Documents/GitHub/Felix/Multiplayer/Content/FPS_Weapon_Bundle/Weapons/Textures/Patterns/T_Wood_Marpat_Pattern.uasset" 2569
"C:/Users/jeanc/Documents/GitHub/Felix/Multiplayer/Content/FPS_Weapon_Bundle/Weapons/Textures/Patterns/T_Wood_Marpat_Pattern.uexp" 2570
"C:/Users/jeanc/Documents/GitHub/Felix/Multiplayer/Content/FPS_Weapon_Bundle/Weapons/Materials/KA_Val/M_KA_Val_Black_Camo.uasset" 2571
"C:/Users/jeanc/Documents/GitHub/Felix/Multiplayer/Content/FPS_Weapon_Bundle/Weapons/Materials/KA_Val/M_KA_Val_Black_Camo.uexp" 2572
"C:/Users/jeanc/Documents/GitHub/Felix/Multiplayer/Content/FPS_Weapon_Bundle/Weapons/Textures/Patterns/T_LeafSpray_Pattern.ubulk" 2573
"C:/Users/jeanc/Documents/GitHub/Felix/Multiplayer/Content/FPS_Weapon_Bundle/Weapons/Textures/Patterns/T_LeafSpray_Pattern.uasset" 2574
"C:/Users/jeanc/Documents/GitHub/Felix/Multiplayer/Content/FPS_Weapon_Bundle/Weapons/Textures/Patterns/T_LeafSpray_Pattern.uexp" 2575
"C:/Users/jeanc/Documents/GitHub/Felix/Multiplayer/Content/FPS_Weapon_Bundle/Weapons/Materials/KA74U/M_KA74U_LeafSpray.uasset" 2576
"C:/Users/jeanc/Documents/GitHub/Felix/Multiplayer/Content/FPS_Weapon_Bundle/Weapons/Materials/KA74U/M_KA74U_LeafSpray.uexp" 2577
"C:/Users/jeanc/Documents/GitHub/Felix/Multiplayer/Content/FPS_Weapon_Bundle/Weapons/Textures/KA74U/T_KA74U_Gold_M_MSK.ubulk" 2578
"C:/Users/jeanc/Documents/GitHub/Felix/Multiplayer/Content/FPS_Weapon_Bundle/Weapons/Textures/KA74U/T_KA74U_Gold_M_MSK.uasset" 2579
"C:/Users/jeanc/Documents/GitHub/Felix/Multiplayer/Content/FPS_Weapon_Bundle/Weapons/Textures/KA74U/T_KA74U_Gold_M_MSK.uexp" 2580
"C:/Users/jeanc/Documents/GitHub/Felix/Multiplayer/Content/FPS_Weapon_Bundle/Weapons/Textures/KA74U/T_KA74U_Gold_ALB.ubulk" 2581
"C:/Users/jeanc/Documents/GitHub/Felix/Multiplayer/Content/FPS_Weapon_Bundle/Weapons/Textures/KA74U/T_KA74U_Gold_ALB.uasset" 2582
"C:/Users/jeanc/Documents/GitHub/Felix/Multiplayer/Content/FPS_Weapon_Bundle/Weapons/Textures/KA74U/T_KA74U_Gold_ALB.uexp" 2583
"C:/Users/jeanc/Documents/GitHub/Felix/Multiplayer/Content/FPS_Weapon_Bundle/Weapons/Materials/KA74U/M_KA74U_Gold.uasset" 2584
"C:/Users/jeanc/Documents/GitHub/Felix/Multiplayer/Content/FPS_Weapon_Bundle/Weapons/Materials/KA74U/M_KA74U_Gold.uexp" 2585
"C:/Users/jeanc/Documents/GitHub/Felix/Multiplayer/Content/FPS_Weapon_Bundle/Weapons/Materials/Ka47/M_KA47_Pattern.uasset" 2586
"C:/Users/jeanc/Documents/GitHub/Felix/Multiplayer/Content/FPS_Weapon_Bundle/Weapons/Materials/Ka47/M_KA47_Pattern.uexp" 2587
"C:/Users/jeanc/Documents/GitHub/Felix/Multiplayer/Content/FPS_Weapon_Bundle/Weapons/Textures/KA47/T_KA47_Gold_M_MSK.ubulk" 2588
"C:/Users/jeanc/Documents/GitHub/Felix/Multiplayer/Content/FPS_Weapon_Bundle/Weapons/Textures/KA47/T_KA47_Gold_M_MSK.uasset" 2589
"C:/Users/jeanc/Documents/GitHub/Felix/Multiplayer/Content/FPS_Weapon_Bundle/Weapons/Textures/KA47/T_KA47_Gold_M_MSK.uexp" 2590
"C:/Users/jeanc/Documents/GitHub/Felix/Multiplayer/Content/FPS_Weapon_Bundle/Weapons/Textures/KA47/T_KA47_Gold_ALB.ubulk" 2591
"C:/Users/jeanc/Documents/GitHub/Felix/Multiplayer/Content/FPS_Weapon_Bundle/Weapons/Textures/KA47/T_KA47_Gold_ALB.uasset" 2592
"C:/Users/jeanc/Documents/GitHub/Felix/Multiplayer/Content/FPS_Weapon_Bundle/Weapons/Textures/KA47/T_KA47_Gold_ALB.uexp" 2593
"C:/Users/jeanc/Documents/GitHub/Felix/Multiplayer/Content/FPS_Weapon_Bundle/Weapons/Materials/Ka47/M_KA47_Gold.uasset" 2594
"C:/Users/jeanc/Documents/GitHub/Felix/Multiplayer/Content/FPS_Weapon_Bundle/Weapons/Materials/Ka47/M_KA47_Gold.uexp" 2595
"C:/Users/jeanc/Documents/GitHub/Felix/Multiplayer/Content/FPS_Weapon_Bundle/Weapons/Textures/Patterns/T_Desert_Marpat_Pattern.ubulk" 2596
"C:/Users/jeanc/Documents/GitHub/Felix/Multiplayer/Content/FPS_Weapon_Bundle/Weapons/Textures/Patterns/T_Desert_Marpat_Pattern.uasset" 2597
"C:/Users/jeanc/Documents/GitHub/Felix/Multiplayer/Content/FPS_Weapon_Bundle/Weapons/Textures/Patterns/T_Desert_Marpat_Pattern.uexp" 2598
"C:/Users/jeanc/Documents/GitHub/Felix/Multiplayer/Content/FPS_Weapon_Bundle/Weapons/Materials/AR4/M_AR4_Pattern.uasset" 2599
"C:/Users/jeanc/Documents/GitHub/Felix/Multiplayer/Content/FPS_Weapon_Bundle/Weapons/Materials/AR4/M_AR4_Pattern.uexp" 2600
"C:/Users/jeanc/Documents/GitHub/Felix/Multiplayer/Content/FPS_Weapon_Bundle/Weapons/Textures/Accessories/T_V_Grip_NRM.ubulk" 2601
"C:/Users/jeanc/Documents/GitHub/Felix/Multiplayer/Content/FPS_Weapon_Bundle/Weapons/Textures/Accessories/T_V_Grip_NRM.uasset" 2602
"C:/Users/jeanc/Documents/GitHub/Felix/Multiplayer/Content/FPS_Weapon_Bundle/Weapons/Textures/Accessories/T_V_Grip_NRM.uexp" 2603
"C:/Users/jeanc/Documents/GitHub/Felix/Multiplayer/Content/FPS_Weapon_Bundle/Weapons/Textures/Accessories/T_V_Grip_ALB.ubulk" 2604
"C:/Users/jeanc/Documents/GitHub/Felix/Multiplayer/Content/FPS_Weapon_Bundle/Weapons/Textures/Accessories/T_V_Grip_ALB.uasset" 2605
"C:/Users/jeanc/Documents/GitHub/Felix/Multiplayer/Content/FPS_Weapon_Bundle/Weapons/Textures/Accessories/T_V_Grip_ALB.uexp" 2606
"C:/Users/jeanc/Documents/GitHub/Felix/Multiplayer/Content/FPS_Weapon_Bundle/Weapons/Textures/Accessories/T_V_Grip_M_MSK.ubulk" 2607
"C:/Users/jeanc/Documents/GitHub/Felix/Multiplayer/Content/FPS_Weapon_Bundle/Weapons/Textures/Accessories/T_V_Grip_M_MSK.uasset" 2608
"C:/Users/jeanc/Documents/GitHub/Felix/Multiplayer/Content/FPS_Weapon_Bundle/Weapons/Textures/Accessories/T_V_Grip_M_MSK.uexp" 2609
"C:/Users/jeanc/Documents/GitHub/Felix/Multiplayer/Content/FPS_Weapon_Bundle/Weapons/Materials/Accessories/M_V_Grip.uasset" 2610
"C:/Users/jeanc/Documents/GitHub/Felix/Multiplayer/Content/FPS_Weapon_Bundle/Weapons/Materials/Accessories/M_V_Grip.uexp" 2611
"C:/Users/jeanc/Documents/GitHub/Felix/Multiplayer/Content/FPS_Weapon_Bundle/Weapons/Materials/Accessories/M_V_Grip_Green.uasset" 2612
"C:/Users/jeanc/Documents/GitHub/Felix/Multiplayer/Content/FPS_Weapon_Bundle/Weapons/Materials/Accessories/M_V_Grip_Green.uexp" 2613
"C:/Users/jeanc/Documents/GitHub/Felix/Multiplayer/Content/Vefects/Easy_Shockwaves_VFX/Demo/Scene/Textures/Sky/T_VFX_Lush_HDRI_05.uasset" 2614
"C:/Users/jeanc/Documents/GitHub/Felix/Multiplayer/Content/Vefects/Easy_Shockwaves_VFX/Demo/Scene/Textures/Sky/T_VFX_Lush_HDRI_05.uexp" 2615
"C:/Users/jeanc/Documents/GitHub/Felix/Multiplayer/Content/Maps/TravelMap.uexp" 2616
"C:/Users/jeanc/Documents/GitHub/Felix/Multiplayer/Content/Maps/TravelMap.umap" 2617
"../../../Engine/Content/EngineSky/T_Sky_Stars.ubulk" 2618
"../../../Engine/Content/EngineSky/T_Sky_Stars.uasset" 2619
"../../../Engine/Content/EngineSky/T_Sky_Stars.uexp" 2620
"../../../Engine/Content/EngineSky/T_Sky_Clouds_M.ubulk" 2621
"../../../Engine/Content/EngineSky/T_Sky_Clouds_M.uasset" 2622
"../../../Engine/Content/EngineSky/T_Sky_Clouds_M.uexp" 2623
"../../../Engine/Content/EngineSky/T_Sky_Blue.ubulk" 2624
"../../../Engine/Content/EngineSky/T_Sky_Blue.uasset" 2625
"../../../Engine/Content/EngineSky/T_Sky_Blue.uexp" 2626
"../../../Engine/Content/EngineSky/M_Sky_Panning_Clouds2.uasset" 2627
"../../../Engine/Content/EngineSky/M_Sky_Panning_Clouds2.uexp" 2628
"../../../Engine/Content/EngineSky/SM_SkySphere.ubulk" 2629
"../../../Engine/Content/EngineSky/SM_SkySphere.uasset" 2630
"../../../Engine/Content/EngineSky/SM_SkySphere.uexp" 2631
"C:/Users/jeanc/Documents/GitHub/Felix/Multiplayer/Content/Maps/Materials/M_BasicMaps_Master.uasset" 2632
"C:/Users/jeanc/Documents/GitHub/Felix/Multiplayer/Content/Maps/Materials/M_BasicMaps_Master.uexp" 2633
"C:/Users/jeanc/Documents/GitHub/Felix/Multiplayer/Content/Maps/Materials/M_Map01.uasset" 2634
"C:/Users/jeanc/Documents/GitHub/Felix/Multiplayer/Content/Maps/Materials/M_Map01.uexp" 2635
"C:/Users/jeanc/Documents/GitHub/Felix/Multiplayer/Content/StylizedVolClouds/Textures/Greyscale/MT_LowBlurredNoise.uasset" 2636
"C:/Users/jeanc/Documents/GitHub/Felix/Multiplayer/Content/StylizedVolClouds/Textures/Greyscale/MT_LowBlurredNoise.uexp" 2637
"C:/Users/jeanc/Documents/GitHub/Felix/Multiplayer/Content/StylizedVolClouds/Textures/Greyscale/MT_Greyscale_01.ubulk" 2638
"C:/Users/jeanc/Documents/GitHub/Felix/Multiplayer/Content/StylizedVolClouds/Textures/Greyscale/MT_Greyscale_01.uasset" 2639
"C:/Users/jeanc/Documents/GitHub/Felix/Multiplayer/Content/StylizedVolClouds/Textures/Greyscale/MT_Greyscale_01.uexp" 2640
"C:/Users/jeanc/Documents/GitHub/Felix/Multiplayer/Content/StylizedVolClouds/Textures/VolumeTextures/VT_Voronoi.ubulk" 2641
"C:/Users/jeanc/Documents/GitHub/Felix/Multiplayer/Content/StylizedVolClouds/Textures/VolumeTextures/VT_Voronoi.uasset" 2642
"C:/Users/jeanc/Documents/GitHub/Felix/Multiplayer/Content/StylizedVolClouds/Textures/VolumeTextures/VT_Voronoi.uexp" 2643
"C:/Users/jeanc/Documents/GitHub/Felix/Multiplayer/Content/StylizedVolClouds/Materials/M_StylizedVolumetricClouds.uasset" 2644
"C:/Users/jeanc/Documents/GitHub/Felix/Multiplayer/Content/StylizedVolClouds/Materials/M_StylizedVolumetricClouds.uexp" 2645
"C:/Users/jeanc/Documents/GitHub/Felix/Multiplayer/Content/StylizedVolClouds/Materials/MI/MI_VolumetricCloud_Cloudy.uasset" 2646
"C:/Users/jeanc/Documents/GitHub/Felix/Multiplayer/Content/StylizedVolClouds/Materials/MI/MI_VolumetricCloud_Cloudy.uexp" 2647
"../../../Engine/Content/MapTemplates/SM_Template_Map_Floor.ubulk" 2648
"../../../Engine/Content/MapTemplates/SM_Template_Map_Floor.uasset" 2649
"../../../Engine/Content/MapTemplates/SM_Template_Map_Floor.uexp" 2650
"C:/Users/jeanc/Documents/GitHub/Felix/Multiplayer/Content/Maps/Map03_BuiltData.ubulk" 2651
"C:/Users/jeanc/Documents/GitHub/Felix/Multiplayer/Content/Maps/Map03_BuiltData.uasset" 2652
"C:/Users/jeanc/Documents/GitHub/Felix/Multiplayer/Content/Maps/Map03_BuiltData.uexp" 2653
"C:/Users/jeanc/Documents/GitHub/Felix/Multiplayer/Content/Blueprints/Gameplay/NewBlueprint.uasset" 2654
"C:/Users/jeanc/Documents/GitHub/Felix/Multiplayer/Content/Blueprints/Gameplay/NewBlueprint.uexp" 2655
"../../../Engine/Content/EngineSky/M_SimpleSkyDome.uasset" 2656
"../../../Engine/Content/EngineSky/M_SimpleSkyDome.uexp" 2657
"C:/Users/jeanc/Documents/GitHub/Felix/Multiplayer/Content/Maps/Map03.uexp" 2658
"C:/Users/jeanc/Documents/GitHub/Felix/Multiplayer/Content/Maps/Map03.umap" 2659
"C:/Users/jeanc/Documents/GitHub/Felix/Multiplayer/Content/Maps/Map02_BuiltData.ubulk" 2660
"C:/Users/jeanc/Documents/GitHub/Felix/Multiplayer/Content/Maps/Map02_BuiltData.uasset" 2661
"C:/Users/jeanc/Documents/GitHub/Felix/Multiplayer/Content/Maps/Map02_BuiltData.uexp" 2662
"../../../Engine/Content/EngineSky/C_Sky_Horizon_Color.uasset" 2663
"../../../Engine/Content/EngineSky/C_Sky_Horizon_Color.uexp" 2664
"../../../Engine/Content/EngineSky/C_Sky_Cloud_Color.uasset" 2665
"../../../Engine/Content/EngineSky/C_Sky_Cloud_Color.uexp" 2666
"../../../Engine/Content/EngineSky/C_Sky_Zenith_Color.uasset" 2667
"../../../Engine/Content/EngineSky/C_Sky_Zenith_Color.uexp" 2668
"../../../Engine/Content/EngineSky/BP_Sky_Sphere.uasset" 2669
"../../../Engine/Content/EngineSky/BP_Sky_Sphere.uexp" 2670
"C:/Users/jeanc/Documents/GitHub/Felix/Multiplayer/Content/Maps/Materials/M_Map02.uasset" 2671
"C:/Users/jeanc/Documents/GitHub/Felix/Multiplayer/Content/Maps/Materials/M_Map02.uexp" 2672
"C:/Users/jeanc/Documents/GitHub/Felix/Multiplayer/Content/Maps/Map02.uexp" 2673
"C:/Users/jeanc/Documents/GitHub/Felix/Multiplayer/Content/Maps/Map02.umap" 2674
"../../../Engine/Content/Functions/Engine_MaterialFunctions01/ImageAdjustment/BlurSampleOffsets.uasset" 2675
"../../../Engine/Content/Functions/Engine_MaterialFunctions01/ImageAdjustment/BlurSampleOffsets.uexp" 2676
"../../../Engine/Content/Functions/Engine_MaterialFunctions02/SampleSceneDepth.uasset" 2677
"../../../Engine/Content/Functions/Engine_MaterialFunctions02/SampleSceneDepth.uexp" 2678
"C:/Users/jeanc/Documents/GitHub/Felix/Multiplayer/Content/Outline.uasset" 2679
"C:/Users/jeanc/Documents/GitHub/Felix/Multiplayer/Content/Outline.uexp" 2680
"C:/Users/jeanc/Documents/GitHub/Felix/Multiplayer/Content/Maps/Map01_BuiltData.ubulk" 2681
"C:/Users/jeanc/Documents/GitHub/Felix/Multiplayer/Content/Maps/Map01_BuiltData.uasset" 2682
"C:/Users/jeanc/Documents/GitHub/Felix/Multiplayer/Content/Maps/Map01_BuiltData.uexp" 2683
"C:/Users/jeanc/Documents/GitHub/Felix/Multiplayer/Content/Maps/Map01.uexp" 2684
"C:/Users/jeanc/Documents/GitHub/Felix/Multiplayer/Content/Maps/Map01.umap" 2685
"C:/Users/jeanc/Documents/GitHub/Felix/Multiplayer/Content/StarterContent/HDRI/evening_field_4k.uasset" 2686
"C:/Users/jeanc/Documents/GitHub/Felix/Multiplayer/Content/StarterContent/HDRI/evening_field_4k.uexp" 2687
"../../../Engine/Content/MapTemplates/Sky/DaylightAmbientCubemap.uasset" 2688
"../../../Engine/Content/MapTemplates/Sky/DaylightAmbientCubemap.uexp" 2689
"C:/Users/jeanc/Documents/GitHub/Felix/Multiplayer/Content/StarterContent/Blueprints/Assets/M_LightStage_Skybox_Master.uasset" 2690
"C:/Users/jeanc/Documents/GitHub/Felix/Multiplayer/Content/StarterContent/Blueprints/Assets/M_LightStage_Skybox_Master.uexp" 2691
"C:/Users/jeanc/Documents/GitHub/Felix/Multiplayer/Content/StarterContent/Blueprints/Assets/M_LightStage_Skybox_Black.uasset" 2692
"C:/Users/jeanc/Documents/GitHub/Felix/Multiplayer/Content/StarterContent/Blueprints/Assets/M_LightStage_Skybox_Black.uexp" 2693
"C:/Users/jeanc/Documents/GitHub/Felix/Multiplayer/Content/StarterContent/Blueprints/Assets/SunlightColorLUT.uasset" 2694
"C:/Users/jeanc/Documents/GitHub/Felix/Multiplayer/Content/StarterContent/Blueprints/Assets/SunlightColorLUT.uexp" 2695
"C:/Users/jeanc/Documents/GitHub/Felix/Multiplayer/Content/StarterContent/Blueprints/Assets/M_LightStage_Skybox_HDRI.uasset" 2696
"C:/Users/jeanc/Documents/GitHub/Felix/Multiplayer/Content/StarterContent/Blueprints/Assets/M_LightStage_Skybox_HDRI.uexp" 2697
"C:/Users/jeanc/Documents/GitHub/Felix/Multiplayer/Content/StarterContent/HDRI/HDRI_Epic_Courtyard_Daylight.uasset" 2698
"C:/Users/jeanc/Documents/GitHub/Felix/Multiplayer/Content/StarterContent/HDRI/HDRI_Epic_Courtyard_Daylight.uexp" 2699
"C:/Users/jeanc/Documents/GitHub/Felix/Multiplayer/Content/StarterContent/Blueprints/Assets/FogBrightnessLUT.uasset" 2700
"C:/Users/jeanc/Documents/GitHub/Felix/Multiplayer/Content/StarterContent/Blueprints/Assets/FogBrightnessLUT.uexp" 2701
"C:/Users/jeanc/Documents/GitHub/Felix/Multiplayer/Content/StarterContent/Blueprints/Assets/SM_Arrows.ubulk" 2702
"C:/Users/jeanc/Documents/GitHub/Felix/Multiplayer/Content/StarterContent/Blueprints/Assets/SM_Arrows.uasset" 2703
"C:/Users/jeanc/Documents/GitHub/Felix/Multiplayer/Content/StarterContent/Blueprints/Assets/SM_Arrows.uexp" 2704
"C:/Users/jeanc/Documents/GitHub/Felix/Multiplayer/Content/StarterContent/Blueprints/Assets/M_LightStage_Arrows.uasset" 2705
"C:/Users/jeanc/Documents/GitHub/Felix/Multiplayer/Content/StarterContent/Blueprints/Assets/M_LightStage_Arrows.uexp" 2706
"../../../Engine/Content/ArtTools/RenderToTexture/MaterialFunctions/CheckerPattern.uasset" 2707
"../../../Engine/Content/ArtTools/RenderToTexture/MaterialFunctions/CheckerPattern.uexp" 2708
"../../../Engine/Content/Functions/Engine_MaterialFunctions01/Texturing/ScaleUVsByCenter.uasset" 2709
"../../../Engine/Content/Functions/Engine_MaterialFunctions01/Texturing/ScaleUVsByCenter.uexp" 2710
"../../../Engine/Content/Functions/Engine_MaterialFunctions02/Texturing/ScreenAlignedUVs.uasset" 2711
"../../../Engine/Content/Functions/Engine_MaterialFunctions02/Texturing/ScreenAlignedUVs.uexp" 2712
"../../../Engine/Content/EditorMaterials/Thumbnails/SkySphereMaterial.uasset" 2713
"../../../Engine/Content/EditorMaterials/Thumbnails/SkySphereMaterial.uexp" 2714
"C:/Users/jeanc/Documents/GitHub/Felix/Multiplayer/Content/StarterContent/Blueprints/Assets/Skybox.ubulk" 2715
"C:/Users/jeanc/Documents/GitHub/Felix/Multiplayer/Content/StarterContent/Blueprints/Assets/Skybox.uasset" 2716
"C:/Users/jeanc/Documents/GitHub/Felix/Multiplayer/Content/StarterContent/Blueprints/Assets/Skybox.uexp" 2717
"C:/Users/jeanc/Documents/GitHub/Felix/Multiplayer/Content/StarterContent/Blueprints/BP_LightStudio.uasset" 2718
"C:/Users/jeanc/Documents/GitHub/Felix/Multiplayer/Content/StarterContent/Blueprints/BP_LightStudio.uexp" 2719
"C:/Users/jeanc/Documents/GitHub/Felix/Multiplayer/Content/Blueprints/Menu/Menu_Controller.uasset" 2720
"C:/Users/jeanc/Documents/GitHub/Felix/Multiplayer/Content/Blueprints/Menu/Menu_Controller.uexp" 2721
"C:/Users/jeanc/Documents/GitHub/Felix/Multiplayer/Content/Blueprints/Menu/Menu_GameMode.uasset" 2722
"C:/Users/jeanc/Documents/GitHub/Felix/Multiplayer/Content/Blueprints/Menu/Menu_GameMode.uexp" 2723
"C:/Users/jeanc/Documents/GitHub/Felix/Multiplayer/Content/Maps/MainMenu.uexp" 2724
"C:/Users/jeanc/Documents/GitHub/Felix/Multiplayer/Content/Maps/MainMenu.umap" 2725
"C:/Users/jeanc/Documents/GitHub/Felix/Multiplayer/Content/Maps/Materials/M_Lobby.uasset" 2726
"C:/Users/jeanc/Documents/GitHub/Felix/Multiplayer/Content/Maps/Materials/M_Lobby.uexp" 2727
"C:/Users/jeanc/Documents/GitHub/Felix/Multiplayer/Content/Maps/Lobby_BuiltData.ubulk" 2728
"C:/Users/jeanc/Documents/GitHub/Felix/Multiplayer/Content/Maps/Lobby_BuiltData.uasset" 2729
"C:/Users/jeanc/Documents/GitHub/Felix/Multiplayer/Content/Maps/Lobby_BuiltData.uexp" 2730
"C:/Users/jeanc/Documents/GitHub/Felix/Multiplayer/Content/Maps/Lobby.uexp" 2731
"C:/Users/jeanc/Documents/GitHub/Felix/Multiplayer/Content/Maps/Lobby.umap" 2732
"C:/Users/jeanc/Documents/GitHub/Felix/Multiplayer/Content/Maps/EndMenu.uexp" 2733
"C:/Users/jeanc/Documents/GitHub/Felix/Multiplayer/Content/Maps/EndMenu.umap" 2734
"C:/Users/jeanc/Documents/GitHub/Felix/Multiplayer/Content/Weapons_Free/Meshes/SM_knife_001.ubulk" 2735
"C:/Users/jeanc/Documents/GitHub/Felix/Multiplayer/Content/Weapons_Free/Meshes/SM_knife_001.uasset" 2736
"C:/Users/jeanc/Documents/GitHub/Felix/Multiplayer/Content/Weapons_Free/Meshes/SM_knife_001.uexp" 2737
"C:/Users/jeanc/Documents/GitHub/Felix/Multiplayer/Content/Weapons_Free/Meshes/SM_shotgun_001.ubulk" 2738
"C:/Users/jeanc/Documents/GitHub/Felix/Multiplayer/Content/Weapons_Free/Meshes/SM_shotgun_001.uasset" 2739
"C:/Users/jeanc/Documents/GitHub/Felix/Multiplayer/Content/Weapons_Free/Meshes/SM_shotgun_001.uexp" 2740
"C:/Users/jeanc/Documents/GitHub/Felix/Multiplayer/Content/Weapons_Free/Meshes/SM_shotgun_handguard_001.ubulk" 2741
"C:/Users/jeanc/Documents/GitHub/Felix/Multiplayer/Content/Weapons_Free/Meshes/SM_shotgun_handguard_001.uasset" 2742
"C:/Users/jeanc/Documents/GitHub/Felix/Multiplayer/Content/Weapons_Free/Meshes/SM_shotgun_handguard_001.uexp" 2743
"C:/Users/jeanc/Documents/GitHub/Felix/Multiplayer/Content/Weapons_Free/Meshes/Actors/AC_shotgun_001.uasset" 2744
"C:/Users/jeanc/Documents/GitHub/Felix/Multiplayer/Content/Weapons_Free/Meshes/Actors/AC_shotgun_001.uexp" 2745
"C:/Users/jeanc/Documents/GitHub/Felix/Multiplayer/Content/Weapons_Free/Maps/Overview_BuiltData.ubulk" 2746
"C:/Users/jeanc/Documents/GitHub/Felix/Multiplayer/Content/Weapons_Free/Maps/Overview_BuiltData.uasset" 2747
"C:/Users/jeanc/Documents/GitHub/Felix/Multiplayer/Content/Weapons_Free/Maps/Overview_BuiltData.uexp" 2748
"C:/Users/jeanc/Documents/GitHub/Felix/Multiplayer/Content/Weapons_Free/Meshes/SM_sight_001.ubulk" 2749
"C:/Users/jeanc/Documents/GitHub/Felix/Multiplayer/Content/Weapons_Free/Meshes/SM_sight_001.uasset" 2750
"C:/Users/jeanc/Documents/GitHub/Felix/Multiplayer/Content/Weapons_Free/Meshes/SM_sight_001.uexp" 2751
"C:/Users/jeanc/Documents/GitHub/Felix/Multiplayer/Content/Weapons_Free/Meshes/SM_sniper_rifle_001.ubulk" 2752
"C:/Users/jeanc/Documents/GitHub/Felix/Multiplayer/Content/Weapons_Free/Meshes/SM_sniper_rifle_001.uasset" 2753
"C:/Users/jeanc/Documents/GitHub/Felix/Multiplayer/Content/Weapons_Free/Meshes/SM_sniper_rifle_001.uexp" 2754
"C:/Users/jeanc/Documents/GitHub/Felix/Multiplayer/Content/Weapons_Free/Meshes/Actors/AC_sniper_rifle_001.uasset" 2755
"C:/Users/jeanc/Documents/GitHub/Felix/Multiplayer/Content/Weapons_Free/Meshes/Actors/AC_sniper_rifle_001.uexp" 2756
"C:/Users/jeanc/Documents/GitHub/Felix/Multiplayer/Content/Weapons_Free/Meshes/SM_axe_001.ubulk" 2757
"C:/Users/jeanc/Documents/GitHub/Felix/Multiplayer/Content/Weapons_Free/Meshes/SM_axe_001.uasset" 2758
"C:/Users/jeanc/Documents/GitHub/Felix/Multiplayer/Content/Weapons_Free/Meshes/SM_axe_001.uexp" 2759
"C:/Users/jeanc/Documents/GitHub/Felix/Multiplayer/Content/Weapons_Free/Meshes/SM_rifle_001.ubulk" 2760
"C:/Users/jeanc/Documents/GitHub/Felix/Multiplayer/Content/Weapons_Free/Meshes/SM_rifle_001.uasset" 2761
"C:/Users/jeanc/Documents/GitHub/Felix/Multiplayer/Content/Weapons_Free/Meshes/SM_rifle_001.uexp" 2762
"C:/Users/jeanc/Documents/GitHub/Felix/Multiplayer/Content/Weapons_Free/Meshes/SM_rifle_magazine_001.ubulk" 2763
"C:/Users/jeanc/Documents/GitHub/Felix/Multiplayer/Content/Weapons_Free/Meshes/SM_rifle_magazine_001.uasset" 2764
"C:/Users/jeanc/Documents/GitHub/Felix/Multiplayer/Content/Weapons_Free/Meshes/SM_rifle_magazine_001.uexp" 2765
"C:/Users/jeanc/Documents/GitHub/Felix/Multiplayer/Content/Weapons_Free/Meshes/Actors/AC_rifle_001.uasset" 2766
"C:/Users/jeanc/Documents/GitHub/Felix/Multiplayer/Content/Weapons_Free/Meshes/Actors/AC_rifle_001.uexp" 2767
"C:/Users/jeanc/Documents/GitHub/Felix/Multiplayer/Content/Weapons_Free/Meshes/SM_pistol_drum_001.ubulk" 2768
"C:/Users/jeanc/Documents/GitHub/Felix/Multiplayer/Content/Weapons_Free/Meshes/SM_pistol_drum_001.uasset" 2769
"C:/Users/jeanc/Documents/GitHub/Felix/Multiplayer/Content/Weapons_Free/Meshes/SM_pistol_drum_001.uexp" 2770
"C:/Users/jeanc/Documents/GitHub/Felix/Multiplayer/Content/Weapons_Free/Meshes/SM_pistol_001.ubulk" 2771
"C:/Users/jeanc/Documents/GitHub/Felix/Multiplayer/Content/Weapons_Free/Meshes/SM_pistol_001.uasset" 2772
"C:/Users/jeanc/Documents/GitHub/Felix/Multiplayer/Content/Weapons_Free/Meshes/SM_pistol_001.uexp" 2773
"C:/Users/jeanc/Documents/GitHub/Felix/Multiplayer/Content/Weapons_Free/Meshes/Actors/AC_pistol_001.uasset" 2774
"C:/Users/jeanc/Documents/GitHub/Felix/Multiplayer/Content/Weapons_Free/Meshes/Actors/AC_pistol_001.uexp" 2775
"C:/Users/jeanc/Documents/GitHub/Felix/Multiplayer/Content/Weapons_Free/Meshes/SM_baseball_bat_001.ubulk" 2776
"C:/Users/jeanc/Documents/GitHub/Felix/Multiplayer/Content/Weapons_Free/Meshes/SM_baseball_bat_001.uasset" 2777
"C:/Users/jeanc/Documents/GitHub/Felix/Multiplayer/Content/Weapons_Free/Meshes/SM_baseball_bat_001.uexp" 2778
"C:/Users/jeanc/Documents/GitHub/Felix/Multiplayer/Content/Weapons_Free/Meshes/SM_hockey_stick_001.ubulk" 2779
"C:/Users/jeanc/Documents/GitHub/Felix/Multiplayer/Content/Weapons_Free/Meshes/SM_hockey_stick_001.uasset" 2780
"C:/Users/jeanc/Documents/GitHub/Felix/Multiplayer/Content/Weapons_Free/Meshes/SM_hockey_stick_001.uexp" 2781
"C:/Users/jeanc/Documents/GitHub/Felix/Multiplayer/Content/Weapons_Free/Maps/Overview.uexp" 2782
"C:/Users/jeanc/Documents/GitHub/Felix/Multiplayer/Content/Weapons_Free/Maps/Overview.umap" 2783
"C:/Users/jeanc/Documents/GitHub/Felix/Multiplayer/Content/ThirdPerson/Meshes/RampMaterial.uasset" 2784
"C:/Users/jeanc/Documents/GitHub/Felix/Multiplayer/Content/ThirdPerson/Meshes/RampMaterial.uexp" 2785
"C:/Users/jeanc/Documents/GitHub/Felix/Multiplayer/Content/ThirdPerson/Meshes/Linear_Stair_StaticMesh.ubulk" 2786
"C:/Users/jeanc/Documents/GitHub/Felix/Multiplayer/Content/ThirdPerson/Meshes/Linear_Stair_StaticMesh.uasset" 2787
"C:/Users/jeanc/Documents/GitHub/Felix/Multiplayer/Content/ThirdPerson/Meshes/Linear_Stair_StaticMesh.uexp" 2788
"C:/Users/jeanc/Documents/GitHub/Felix/Multiplayer/Content/Geometry/Meshes/CubeMaterial.uasset" 2789
"C:/Users/jeanc/Documents/GitHub/Felix/Multiplayer/Content/Geometry/Meshes/CubeMaterial.uexp" 2790
"C:/Users/jeanc/Documents/GitHub/Felix/Multiplayer/Content/Geometry/Meshes/TemplateFloor.ubulk" 2791
"C:/Users/jeanc/Documents/GitHub/Felix/Multiplayer/Content/Geometry/Meshes/TemplateFloor.uasset" 2792
"C:/Users/jeanc/Documents/GitHub/Felix/Multiplayer/Content/Geometry/Meshes/TemplateFloor.uexp" 2793
"C:/Users/jeanc/Documents/GitHub/Felix/Multiplayer/Content/ThirdPersonBP/Maps/ThirdPersonExampleMap_BuiltData.ubulk" 2794
"C:/Users/jeanc/Documents/GitHub/Felix/Multiplayer/Content/ThirdPersonBP/Maps/ThirdPersonExampleMap_BuiltData.uasset" 2795
"C:/Users/jeanc/Documents/GitHub/Felix/Multiplayer/Content/ThirdPersonBP/Maps/ThirdPersonExampleMap_BuiltData.uexp" 2796
"C:/Users/jeanc/Documents/GitHub/Felix/Multiplayer/Content/ThirdPerson/Meshes/RightArm_StaticMesh.ubulk" 2797
"C:/Users/jeanc/Documents/GitHub/Felix/Multiplayer/Content/ThirdPerson/Meshes/RightArm_StaticMesh.uasset" 2798
"C:/Users/jeanc/Documents/GitHub/Felix/Multiplayer/Content/ThirdPerson/Meshes/RightArm_StaticMesh.uexp" 2799
"C:/Users/jeanc/Documents/GitHub/Felix/Multiplayer/Content/Geometry/Meshes/1M_Cube.ubulk" 2800
"C:/Users/jeanc/Documents/GitHub/Felix/Multiplayer/Content/Geometry/Meshes/1M_Cube.uasset" 2801
"C:/Users/jeanc/Documents/GitHub/Felix/Multiplayer/Content/Geometry/Meshes/1M_Cube.uexp" 2802
"C:/Users/jeanc/Documents/GitHub/Felix/Multiplayer/Content/Mannequin/Animations/ThirdPersonWalk.uasset" 2803
"C:/Users/jeanc/Documents/GitHub/Felix/Multiplayer/Content/Mannequin/Animations/ThirdPersonWalk.uexp" 2804
"C:/Users/jeanc/Documents/GitHub/Felix/Multiplayer/Content/Mannequin/Animations/ThirdPersonRun.uasset" 2805
"C:/Users/jeanc/Documents/GitHub/Felix/Multiplayer/Content/Mannequin/Animations/ThirdPersonRun.uexp" 2806
"C:/Users/jeanc/Documents/GitHub/Felix/Multiplayer/Content/Mannequin/Animations/ThirdPersonIdle.uasset" 2807
"C:/Users/jeanc/Documents/GitHub/Felix/Multiplayer/Content/Mannequin/Animations/ThirdPersonIdle.uexp" 2808
"C:/Users/jeanc/Documents/GitHub/Felix/Multiplayer/Content/Mannequin/Animations/ThirdPerson_IdleRun_2D.uasset" 2809
"C:/Users/jeanc/Documents/GitHub/Felix/Multiplayer/Content/Mannequin/Animations/ThirdPerson_IdleRun_2D.uexp" 2810
"C:/Users/jeanc/Documents/GitHub/Felix/Multiplayer/Content/Mannequin/Animations/ThirdPerson_AnimBP.uasset" 2811
"C:/Users/jeanc/Documents/GitHub/Felix/Multiplayer/Content/Mannequin/Animations/ThirdPerson_AnimBP.uexp" 2812
"C:/Users/jeanc/Documents/GitHub/Felix/Multiplayer/Content/Mannequin/Character/Mesh/SK_Mannequin.uasset" 2813
"C:/Users/jeanc/Documents/GitHub/Felix/Multiplayer/Content/Mannequin/Character/Mesh/SK_Mannequin.uexp" 2814
"C:/Users/jeanc/Documents/GitHub/Felix/Multiplayer/Content/ThirdPersonBP/Blueprints/ThirdPersonCharacter.uasset" 2815
"C:/Users/jeanc/Documents/GitHub/Felix/Multiplayer/Content/ThirdPersonBP/Blueprints/ThirdPersonCharacter.uexp" 2816
"C:/Users/jeanc/Documents/GitHub/Felix/Multiplayer/Content/ThirdPerson/Meshes/Ramp_StaticMesh.ubulk" 2817
"C:/Users/jeanc/Documents/GitHub/Felix/Multiplayer/Content/ThirdPerson/Meshes/Ramp_StaticMesh.uasset" 2818
"C:/Users/jeanc/Documents/GitHub/Felix/Multiplayer/Content/ThirdPerson/Meshes/Ramp_StaticMesh.uexp" 2819
"C:/Users/jeanc/Documents/GitHub/Felix/Multiplayer/Content/ThirdPerson/Meshes/Bump_StaticMesh.ubulk" 2820
"C:/Users/jeanc/Documents/GitHub/Felix/Multiplayer/Content/ThirdPerson/Meshes/Bump_StaticMesh.uasset" 2821
"C:/Users/jeanc/Documents/GitHub/Felix/Multiplayer/Content/ThirdPerson/Meshes/Bump_StaticMesh.uexp" 2822
"C:/Users/jeanc/Documents/GitHub/Felix/Multiplayer/Content/Geometry/Meshes/1M_Cube_Chamfer.ubulk" 2823
"C:/Users/jeanc/Documents/GitHub/Felix/Multiplayer/Content/Geometry/Meshes/1M_Cube_Chamfer.uasset" 2824
"C:/Users/jeanc/Documents/GitHub/Felix/Multiplayer/Content/Geometry/Meshes/1M_Cube_Chamfer.uexp" 2825
"C:/Users/jeanc/Documents/GitHub/Felix/Multiplayer/Content/ThirdPerson/Meshes/LeftArm_StaticMesh.ubulk" 2826
"C:/Users/jeanc/Documents/GitHub/Felix/Multiplayer/Content/ThirdPerson/Meshes/LeftArm_StaticMesh.uasset" 2827
"C:/Users/jeanc/Documents/GitHub/Felix/Multiplayer/Content/ThirdPerson/Meshes/LeftArm_StaticMesh.uexp" 2828
"C:/Users/jeanc/Documents/GitHub/Felix/Multiplayer/Content/ThirdPersonBP/Maps/ThirdPersonExampleMap.uexp" 2829
"C:/Users/jeanc/Documents/GitHub/Felix/Multiplayer/Content/ThirdPersonBP/Maps/ThirdPersonExampleMap.umap" 2830
"C:/Users/jeanc/Documents/GitHub/Felix/Multiplayer/Content/StylizedVolClouds/Materials/MI/MI_VolumetricCloud_Storm.uasset" 2831
"C:/Users/jeanc/Documents/GitHub/Felix/Multiplayer/Content/StylizedVolClouds/Materials/MI/MI_VolumetricCloud_Storm.uexp" 2832
"C:/Users/jeanc/Documents/GitHub/Felix/Multiplayer/Content/StylizedVolClouds/Maps/Storm.uexp" 2833
"C:/Users/jeanc/Documents/GitHub/Felix/Multiplayer/Content/StylizedVolClouds/Maps/Storm.umap" 2834
"C:/Users/jeanc/Documents/GitHub/Felix/Multiplayer/Content/StylizedVolClouds/Materials/MI/MI_VolumetricCloud_S.uasset" 2835
"C:/Users/jeanc/Documents/GitHub/Felix/Multiplayer/Content/StylizedVolClouds/Materials/MI/MI_VolumetricCloud_S.uexp" 2836
"C:/Users/jeanc/Documents/GitHub/Felix/Multiplayer/Content/StylizedVolClouds/Maps/S.uexp" 2837
"C:/Users/jeanc/Documents/GitHub/Felix/Multiplayer/Content/StylizedVolClouds/Maps/S.umap" 2838
"C:/Users/jeanc/Documents/GitHub/Felix/Multiplayer/Content/StylizedVolClouds/Materials/MI/MI_VolumetricCloud_LittleCloudy.uasset" 2839
"C:/Users/jeanc/Documents/GitHub/Felix/Multiplayer/Content/StylizedVolClouds/Materials/MI/MI_VolumetricCloud_LittleCloudy.uexp" 2840
"C:/Users/jeanc/Documents/GitHub/Felix/Multiplayer/Content/StylizedVolClouds/Maps/LittleCloudy.uexp" 2841
"C:/Users/jeanc/Documents/GitHub/Felix/Multiplayer/Content/StylizedVolClouds/Maps/LittleCloudy.umap" 2842
"C:/Users/jeanc/Documents/GitHub/Felix/Multiplayer/Content/StylizedVolClouds/Materials/MI/MI_VolumetricCloud_Foggy.uasset" 2843
"C:/Users/jeanc/Documents/GitHub/Felix/Multiplayer/Content/StylizedVolClouds/Materials/MI/MI_VolumetricCloud_Foggy.uexp" 2844
"C:/Users/jeanc/Documents/GitHub/Felix/Multiplayer/Content/StylizedVolClouds/Maps/Foggy.uexp" 2845
"C:/Users/jeanc/Documents/GitHub/Felix/Multiplayer/Content/StylizedVolClouds/Maps/Foggy.umap" 2846
"C:/Users/jeanc/Documents/GitHub/Felix/Multiplayer/Content/StylizedVolClouds/Maps/Cloudy.uexp" 2847
"C:/Users/jeanc/Documents/GitHub/Felix/Multiplayer/Content/StylizedVolClouds/Maps/Cloudy.umap" 2848
"C:/Users/jeanc/Documents/GitHub/Felix/Multiplayer/Content/StylizedVolClouds/Textures/Greyscale/T_NoiseMask.ubulk" 2849
"C:/Users/jeanc/Documents/GitHub/Felix/Multiplayer/Content/StylizedVolClouds/Textures/Greyscale/T_NoiseMask.uasset" 2850
"C:/Users/jeanc/Documents/GitHub/Felix/Multiplayer/Content/StylizedVolClouds/Textures/Greyscale/T_NoiseMask.uexp" 2851
"C:/Users/jeanc/Documents/GitHub/Felix/Multiplayer/Content/StylizedVolClouds/Materials/MI/MI_VolumetricCloud_AfterStorm.uasset" 2852
"C:/Users/jeanc/Documents/GitHub/Felix/Multiplayer/Content/StylizedVolClouds/Materials/MI/MI_VolumetricCloud_AfterStorm.uexp" 2853
"C:/Users/jeanc/Documents/GitHub/Felix/Multiplayer/Content/StylizedVolClouds/Maps/AfterStorm.uexp" 2854
"C:/Users/jeanc/Documents/GitHub/Felix/Multiplayer/Content/StylizedVolClouds/Maps/AfterStorm.umap" 2855
"C:/Users/jeanc/Documents/GitHub/Felix/Multiplayer/Content/StarterContent/Textures/T_Frame_M.ubulk" 2856
"C:/Users/jeanc/Documents/GitHub/Felix/Multiplayer/Content/StarterContent/Textures/T_Frame_M.uasset" 2857
"C:/Users/jeanc/Documents/GitHub/Felix/Multiplayer/Content/StarterContent/Textures/T_Frame_M.uexp" 2858
"C:/Users/jeanc/Documents/GitHub/Felix/Multiplayer/Content/StarterContent/Textures/T_Frame_N.ubulk" 2859
"C:/Users/jeanc/Documents/GitHub/Felix/Multiplayer/Content/StarterContent/Textures/T_Frame_N.uasset" 2860
"C:/Users/jeanc/Documents/GitHub/Felix/Multiplayer/Content/StarterContent/Textures/T_Frame_N.uexp" 2861
"C:/Users/jeanc/Documents/GitHub/Felix/Multiplayer/Content/StarterContent/Props/Materials/M_Frame.uasset" 2862
"C:/Users/jeanc/Documents/GitHub/Felix/Multiplayer/Content/StarterContent/Props/Materials/M_Frame.uexp" 2863
"C:/Users/jeanc/Documents/GitHub/Felix/Multiplayer/Content/StarterContent/Props/SM_DoorFrame.ubulk" 2864
"C:/Users/jeanc/Documents/GitHub/Felix/Multiplayer/Content/StarterContent/Props/SM_DoorFrame.uasset" 2865
"C:/Users/jeanc/Documents/GitHub/Felix/Multiplayer/Content/StarterContent/Props/SM_DoorFrame.uexp" 2866
"C:/Users/jeanc/Documents/GitHub/Felix/Multiplayer/Content/StarterContent/Materials/M_Metal_Brushed_Nickel.uasset" 2867
"C:/Users/jeanc/Documents/GitHub/Felix/Multiplayer/Content/StarterContent/Materials/M_Metal_Brushed_Nickel.uexp" 2868
"C:/Users/jeanc/Documents/GitHub/Felix/Multiplayer/Content/StarterContent/Textures/T_Lamp_N.ubulk" 2869
"C:/Users/jeanc/Documents/GitHub/Felix/Multiplayer/Content/StarterContent/Textures/T_Lamp_N.uasset" 2870
"C:/Users/jeanc/Documents/GitHub/Felix/Multiplayer/Content/StarterContent/Textures/T_Lamp_N.uexp" 2871
"C:/Users/jeanc/Documents/GitHub/Felix/Multiplayer/Content/StarterContent/Textures/T_Lamp_M.ubulk" 2872
"C:/Users/jeanc/Documents/GitHub/Felix/Multiplayer/Content/StarterContent/Textures/T_Lamp_M.uasset" 2873
"C:/Users/jeanc/Documents/GitHub/Felix/Multiplayer/Content/StarterContent/Textures/T_Lamp_M.uexp" 2874
"C:/Users/jeanc/Documents/GitHub/Felix/Multiplayer/Content/StarterContent/Props/Materials/M_Lamp.uasset" 2875
"C:/Users/jeanc/Documents/GitHub/Felix/Multiplayer/Content/StarterContent/Props/Materials/M_Lamp.uexp" 2876
"C:/Users/jeanc/Documents/GitHub/Felix/Multiplayer/Content/StarterContent/Props/SM_Lamp_Ceiling.ubulk" 2877
"C:/Users/jeanc/Documents/GitHub/Felix/Multiplayer/Content/StarterContent/Props/SM_Lamp_Ceiling.uasset" 2878
"C:/Users/jeanc/Documents/GitHub/Felix/Multiplayer/Content/StarterContent/Props/SM_Lamp_Ceiling.uexp" 2879
"C:/Users/jeanc/Documents/GitHub/Felix/Multiplayer/Content/StarterContent/Blueprints/Blueprint_CeilingLight.uasset" 2880
"C:/Users/jeanc/Documents/GitHub/Felix/Multiplayer/Content/StarterContent/Blueprints/Blueprint_CeilingLight.uexp" 2881
"../../../Engine/Content/Functions/Engine_MaterialFunctions03/Procedurals/ComputeFilterWidth.uasset" 2882
"../../../Engine/Content/Functions/Engine_MaterialFunctions03/Procedurals/ComputeFilterWidth.uexp" 2883
"../../../Engine/Content/EngineMaterials/AntiAliasedTextMaterialTranslucent.uasset" 2884
"../../../Engine/Content/EngineMaterials/AntiAliasedTextMaterialTranslucent.uexp" 2885
"C:/Users/jeanc/Documents/GitHub/Felix/Multiplayer/Content/StarterContent/Architecture/Wall_Door_400x300.ubulk" 2886
"C:/Users/jeanc/Documents/GitHub/Felix/Multiplayer/Content/StarterContent/Architecture/Wall_Door_400x300.uasset" 2887
"C:/Users/jeanc/Documents/GitHub/Felix/Multiplayer/Content/StarterContent/Architecture/Wall_Door_400x300.uexp" 2888
"C:/Users/jeanc/Documents/GitHub/Felix/Multiplayer/Content/StarterContent/Textures/T_Wood_Pine_D.ubulk" 2889
"C:/Users/jeanc/Documents/GitHub/Felix/Multiplayer/Content/StarterContent/Textures/T_Wood_Pine_D.uasset" 2890
"C:/Users/jeanc/Documents/GitHub/Felix/Multiplayer/Content/StarterContent/Textures/T_Wood_Pine_D.uexp" 2891
"C:/Users/jeanc/Documents/GitHub/Felix/Multiplayer/Content/StarterContent/Textures/T_Wood_Pine_N.ubulk" 2892
"C:/Users/jeanc/Documents/GitHub/Felix/Multiplayer/Content/StarterContent/Textures/T_Wood_Pine_N.uasset" 2893
"C:/Users/jeanc/Documents/GitHub/Felix/Multiplayer/Content/StarterContent/Textures/T_Wood_Pine_N.uexp" 2894
"C:/Users/jeanc/Documents/GitHub/Felix/Multiplayer/Content/StarterContent/Textures/T_Perlin_Noise_M.ubulk" 2895
"C:/Users/jeanc/Documents/GitHub/Felix/Multiplayer/Content/StarterContent/Textures/T_Perlin_Noise_M.uasset" 2896
"C:/Users/jeanc/Documents/GitHub/Felix/Multiplayer/Content/StarterContent/Textures/T_Perlin_Noise_M.uexp" 2897
"C:/Users/jeanc/Documents/GitHub/Felix/Multiplayer/Content/StarterContent/Materials/M_Wood_Pine.uasset" 2898
"C:/Users/jeanc/Documents/GitHub/Felix/Multiplayer/Content/StarterContent/Materials/M_Wood_Pine.uexp" 2899
"C:/Users/jeanc/Documents/GitHub/Felix/Multiplayer/Content/StarterContent/Textures/T_Rock_Smooth_Granite_D.ubulk" 2900
"C:/Users/jeanc/Documents/GitHub/Felix/Multiplayer/Content/StarterContent/Textures/T_Rock_Smooth_Granite_D.uasset" 2901
"C:/Users/jeanc/Documents/GitHub/Felix/Multiplayer/Content/StarterContent/Textures/T_Rock_Smooth_Granite_D.uexp" 2902
"C:/Users/jeanc/Documents/GitHub/Felix/Multiplayer/Content/StarterContent/Textures/T_CobbleStone_Smooth_D.ubulk" 2903
"C:/Users/jeanc/Documents/GitHub/Felix/Multiplayer/Content/StarterContent/Textures/T_CobbleStone_Smooth_D.uasset" 2904
"C:/Users/jeanc/Documents/GitHub/Felix/Multiplayer/Content/StarterContent/Textures/T_CobbleStone_Smooth_D.uexp" 2905
"C:/Users/jeanc/Documents/GitHub/Felix/Multiplayer/Content/StarterContent/Textures/T_Gradinet_01.ubulk" 2906
"C:/Users/jeanc/Documents/GitHub/Felix/Multiplayer/Content/StarterContent/Textures/T_Gradinet_01.uasset" 2907
"C:/Users/jeanc/Documents/GitHub/Felix/Multiplayer/Content/StarterContent/Textures/T_Gradinet_01.uexp" 2908
"C:/Users/jeanc/Documents/GitHub/Felix/Multiplayer/Content/StarterContent/Textures/T_CobbleStone_Smooth_M.ubulk" 2909
"C:/Users/jeanc/Documents/GitHub/Felix/Multiplayer/Content/StarterContent/Textures/T_CobbleStone_Smooth_M.uasset" 2910
"C:/Users/jeanc/Documents/GitHub/Felix/Multiplayer/Content/StarterContent/Textures/T_CobbleStone_Smooth_M.uexp" 2911
"C:/Users/jeanc/Documents/GitHub/Felix/Multiplayer/Content/StarterContent/Textures/T_CobbleStone_Smooth_N.ubulk" 2912
"C:/Users/jeanc/Documents/GitHub/Felix/Multiplayer/Content/StarterContent/Textures/T_CobbleStone_Smooth_N.uasset" 2913
"C:/Users/jeanc/Documents/GitHub/Felix/Multiplayer/Content/StarterContent/Textures/T_CobbleStone_Smooth_N.uexp" 2914
"C:/Users/jeanc/Documents/GitHub/Felix/Multiplayer/Content/StarterContent/Materials/M_CobbleStone_Smooth.uasset" 2915
"C:/Users/jeanc/Documents/GitHub/Felix/Multiplayer/Content/StarterContent/Materials/M_CobbleStone_Smooth.uexp" 2916
"C:/Users/jeanc/Documents/GitHub/Felix/Multiplayer/Content/StarterContent/Textures/T_Rock_Basalt_N.ubulk" 2917
"C:/Users/jeanc/Documents/GitHub/Felix/Multiplayer/Content/StarterContent/Textures/T_Rock_Basalt_N.uasset" 2918
"C:/Users/jeanc/Documents/GitHub/Felix/Multiplayer/Content/StarterContent/Textures/T_Rock_Basalt_N.uexp" 2919
"C:/Users/jeanc/Documents/GitHub/Felix/Multiplayer/Content/StarterContent/Materials/M_Rock_Basalt.uasset" 2920
"C:/Users/jeanc/Documents/GitHub/Felix/Multiplayer/Content/StarterContent/Materials/M_Rock_Basalt.uexp" 2921
"C:/Users/jeanc/Documents/GitHub/Felix/Multiplayer/Content/StarterContent/Shapes/Shape_Cube.ubulk" 2922
"C:/Users/jeanc/Documents/GitHub/Felix/Multiplayer/Content/StarterContent/Shapes/Shape_Cube.uasset" 2923
"C:/Users/jeanc/Documents/GitHub/Felix/Multiplayer/Content/StarterContent/Shapes/Shape_Cube.uexp" 2924
"C:/Users/jeanc/Documents/GitHub/Felix/Multiplayer/Content/StarterContent/Textures/T_Concrete_Tiles_Variation_M.ubulk" 2925
"C:/Users/jeanc/Documents/GitHub/Felix/Multiplayer/Content/StarterContent/Textures/T_Concrete_Tiles_Variation_M.uasset" 2926
"C:/Users/jeanc/Documents/GitHub/Felix/Multiplayer/Content/StarterContent/Textures/T_Concrete_Tiles_Variation_M.uexp" 2927
"C:/Users/jeanc/Documents/GitHub/Felix/Multiplayer/Content/StarterContent/Textures/T_Concrete_Tiles_D.ubulk" 2928
"C:/Users/jeanc/Documents/GitHub/Felix/Multiplayer/Content/StarterContent/Textures/T_Concrete_Tiles_D.uasset" 2929
"C:/Users/jeanc/Documents/GitHub/Felix/Multiplayer/Content/StarterContent/Textures/T_Concrete_Tiles_D.uexp" 2930
"C:/Users/jeanc/Documents/GitHub/Felix/Multiplayer/Content/StarterContent/Textures/T_Concrete_Tiles_M.ubulk" 2931
"C:/Users/jeanc/Documents/GitHub/Felix/Multiplayer/Content/StarterContent/Textures/T_Concrete_Tiles_M.uasset" 2932
"C:/Users/jeanc/Documents/GitHub/Felix/Multiplayer/Content/StarterContent/Textures/T_Concrete_Tiles_M.uexp" 2933
"C:/Users/jeanc/Documents/GitHub/Felix/Multiplayer/Content/StarterContent/Textures/T_Concrete_Tiles_N.ubulk" 2934
"C:/Users/jeanc/Documents/GitHub/Felix/Multiplayer/Content/StarterContent/Textures/T_Concrete_Tiles_N.uasset" 2935
"C:/Users/jeanc/Documents/GitHub/Felix/Multiplayer/Content/StarterContent/Textures/T_Concrete_Tiles_N.uexp" 2936
"C:/Users/jeanc/Documents/GitHub/Felix/Multiplayer/Content/StarterContent/Materials/M_Concrete_Tiles.uasset" 2937
"C:/Users/jeanc/Documents/GitHub/Felix/Multiplayer/Content/StarterContent/Materials/M_Concrete_Tiles.uexp" 2938
"C:/Users/jeanc/Documents/GitHub/Felix/Multiplayer/Content/StarterContent/Props/MaterialSphere.ubulk" 2939
"C:/Users/jeanc/Documents/GitHub/Felix/Multiplayer/Content/StarterContent/Props/MaterialSphere.uasset" 2940
"C:/Users/jeanc/Documents/GitHub/Felix/Multiplayer/Content/StarterContent/Props/MaterialSphere.uexp" 2941
"C:/Users/jeanc/Documents/GitHub/Felix/Multiplayer/Content/StarterContent/Textures/T_Metal_Rust_N.ubulk" 2942
"C:/Users/jeanc/Documents/GitHub/Felix/Multiplayer/Content/StarterContent/Textures/T_Metal_Rust_N.uasset" 2943
"C:/Users/jeanc/Documents/GitHub/Felix/Multiplayer/Content/StarterContent/Textures/T_Metal_Rust_N.uexp" 2944
"C:/Users/jeanc/Documents/GitHub/Felix/Multiplayer/Content/StarterContent/Textures/T_Metal_Rust_D.ubulk" 2945
"C:/Users/jeanc/Documents/GitHub/Felix/Multiplayer/Content/StarterContent/Textures/T_Metal_Rust_D.uasset" 2946
"C:/Users/jeanc/Documents/GitHub/Felix/Multiplayer/Content/StarterContent/Textures/T_Metal_Rust_D.uexp" 2947
"C:/Users/jeanc/Documents/GitHub/Felix/Multiplayer/Content/StarterContent/Materials/M_Metal_Rust.uasset" 2948
"C:/Users/jeanc/Documents/GitHub/Felix/Multiplayer/Content/StarterContent/Materials/M_Metal_Rust.uexp" 2949
"C:/Users/jeanc/Documents/GitHub/Felix/Multiplayer/Content/StarterContent/Textures/T_Rock_Slate_D.ubulk" 2950
"C:/Users/jeanc/Documents/GitHub/Felix/Multiplayer/Content/StarterContent/Textures/T_Rock_Slate_D.uasset" 2951
"C:/Users/jeanc/Documents/GitHub/Felix/Multiplayer/Content/StarterContent/Textures/T_Rock_Slate_D.uexp" 2952
"C:/Users/jeanc/Documents/GitHub/Felix/Multiplayer/Content/StarterContent/Textures/T_Rock_Slate_N.ubulk" 2953
"C:/Users/jeanc/Documents/GitHub/Felix/Multiplayer/Content/StarterContent/Textures/T_Rock_Slate_N.uasset" 2954
"C:/Users/jeanc/Documents/GitHub/Felix/Multiplayer/Content/StarterContent/Textures/T_Rock_Slate_N.uexp" 2955
"C:/Users/jeanc/Documents/GitHub/Felix/Multiplayer/Content/StarterContent/Materials/M_Rock_Slate.uasset" 2956
"C:/Users/jeanc/Documents/GitHub/Felix/Multiplayer/Content/StarterContent/Materials/M_Rock_Slate.uexp" 2957
"C:/Users/jeanc/Documents/GitHub/Felix/Multiplayer/Content/StarterContent/Textures/T_Concrete_Poured_D.ubulk" 2958
"C:/Users/jeanc/Documents/GitHub/Felix/Multiplayer/Content/StarterContent/Textures/T_Concrete_Poured_D.uasset" 2959
"C:/Users/jeanc/Documents/GitHub/Felix/Multiplayer/Content/StarterContent/Textures/T_Concrete_Poured_D.uexp" 2960
"C:/Users/jeanc/Documents/GitHub/Felix/Multiplayer/Content/StarterContent/Textures/T_Concrete_Poured_N.ubulk" 2961
"C:/Users/jeanc/Documents/GitHub/Felix/Multiplayer/Content/StarterContent/Textures/T_Concrete_Poured_N.uasset" 2962
"C:/Users/jeanc/Documents/GitHub/Felix/Multiplayer/Content/StarterContent/Textures/T_Concrete_Poured_N.uexp" 2963
"C:/Users/jeanc/Documents/GitHub/Felix/Multiplayer/Content/StarterContent/Materials/M_Concrete_Poured.uasset" 2964
"C:/Users/jeanc/Documents/GitHub/Felix/Multiplayer/Content/StarterContent/Materials/M_Concrete_Poured.uexp" 2965
"C:/Users/jeanc/Documents/GitHub/Felix/Multiplayer/Content/StarterContent/Textures/T_Brick_Clay_Beveled_M.ubulk" 2966
"C:/Users/jeanc/Documents/GitHub/Felix/Multiplayer/Content/StarterContent/Textures/T_Brick_Clay_Beveled_M.uasset" 2967
"C:/Users/jeanc/Documents/GitHub/Felix/Multiplayer/Content/StarterContent/Textures/T_Brick_Clay_Beveled_M.uexp" 2968
"C:/Users/jeanc/Documents/GitHub/Felix/Multiplayer/Content/StarterContent/Textures/T_Brick_Clay_Beveled_N.ubulk" 2969
"C:/Users/jeanc/Documents/GitHub/Felix/Multiplayer/Content/StarterContent/Textures/T_Brick_Clay_Beveled_N.uasset" 2970
"C:/Users/jeanc/Documents/GitHub/Felix/Multiplayer/Content/StarterContent/Textures/T_Brick_Clay_Beveled_N.uexp" 2971
"C:/Users/jeanc/Documents/GitHub/Felix/Multiplayer/Content/StarterContent/Textures/T_Brick_Clay_Beveled_D.ubulk" 2972
"C:/Users/jeanc/Documents/GitHub/Felix/Multiplayer/Content/StarterContent/Textures/T_Brick_Clay_Beveled_D.uasset" 2973
"C:/Users/jeanc/Documents/GitHub/Felix/Multiplayer/Content/StarterContent/Textures/T_Brick_Clay_Beveled_D.uexp" 2974
"C:/Users/jeanc/Documents/GitHub/Felix/Multiplayer/Content/StarterContent/Materials/M_Brick_Clay_Beveled.uasset" 2975
"C:/Users/jeanc/Documents/GitHub/Felix/Multiplayer/Content/StarterContent/Materials/M_Brick_Clay_Beveled.uexp" 2976
"C:/Users/jeanc/Documents/GitHub/Felix/Multiplayer/Content/StarterContent/Textures/T_Tech_Hex_Tile_M.ubulk" 2977
"C:/Users/jeanc/Documents/GitHub/Felix/Multiplayer/Content/StarterContent/Textures/T_Tech_Hex_Tile_M.uasset" 2978
"C:/Users/jeanc/Documents/GitHub/Felix/Multiplayer/Content/StarterContent/Textures/T_Tech_Hex_Tile_M.uexp" 2979
"C:/Users/jeanc/Documents/GitHub/Felix/Multiplayer/Content/StarterContent/Textures/T_Tech_Hex_Tile_N.ubulk" 2980
"C:/Users/jeanc/Documents/GitHub/Felix/Multiplayer/Content/StarterContent/Textures/T_Tech_Hex_Tile_N.uasset" 2981
"C:/Users/jeanc/Documents/GitHub/Felix/Multiplayer/Content/StarterContent/Textures/T_Tech_Hex_Tile_N.uexp" 2982
"C:/Users/jeanc/Documents/GitHub/Felix/Multiplayer/Content/StarterContent/Materials/M_Tech_Hex_Tile.uasset" 2983
"C:/Users/jeanc/Documents/GitHub/Felix/Multiplayer/Content/StarterContent/Materials/M_Tech_Hex_Tile.uexp" 2984
"../../../Engine/Content/Functions/Engine_MaterialFunctions01/Opacity/AlphaOffset.uasset" 2985
"../../../Engine/Content/Functions/Engine_MaterialFunctions01/Opacity/AlphaOffset.uexp" 2986
"C:/Users/jeanc/Documents/GitHub/Felix/Multiplayer/Content/StarterContent/Textures/T_Wood_Floor_Walnut_M.ubulk" 2987
"C:/Users/jeanc/Documents/GitHub/Felix/Multiplayer/Content/StarterContent/Textures/T_Wood_Floor_Walnut_M.uasset" 2988
"C:/Users/jeanc/Documents/GitHub/Felix/Multiplayer/Content/StarterContent/Textures/T_Wood_Floor_Walnut_M.uexp" 2989
"C:/Users/jeanc/Documents/GitHub/Felix/Multiplayer/Content/StarterContent/Textures/T_Wood_Floor_Walnut_D.ubulk" 2990
"C:/Users/jeanc/Documents/GitHub/Felix/Multiplayer/Content/StarterContent/Textures/T_Wood_Floor_Walnut_D.uasset" 2991
"C:/Users/jeanc/Documents/GitHub/Felix/Multiplayer/Content/StarterContent/Textures/T_Wood_Floor_Walnut_D.uexp" 2992
"C:/Users/jeanc/Documents/GitHub/Felix/Multiplayer/Content/StarterContent/Textures/T_Wood_Floor_Walnut_N.ubulk" 2993
"C:/Users/jeanc/Documents/GitHub/Felix/Multiplayer/Content/StarterContent/Textures/T_Wood_Floor_Walnut_N.uasset" 2994
"C:/Users/jeanc/Documents/GitHub/Felix/Multiplayer/Content/StarterContent/Textures/T_Wood_Floor_Walnut_N.uexp" 2995
"C:/Users/jeanc/Documents/GitHub/Felix/Multiplayer/Content/StarterContent/Materials/M_Wood_Floor_Walnut_Worn.uasset" 2996
"C:/Users/jeanc/Documents/GitHub/Felix/Multiplayer/Content/StarterContent/Materials/M_Wood_Floor_Walnut_Worn.uexp" 2997
"C:/Users/jeanc/Documents/GitHub/Felix/Multiplayer/Content/StarterContent/Textures/T_Ground_Gravel_N.ubulk" 2998
"C:/Users/jeanc/Documents/GitHub/Felix/Multiplayer/Content/StarterContent/Textures/T_Ground_Gravel_N.uasset" 2999
"C:/Users/jeanc/Documents/GitHub/Felix/Multiplayer/Content/StarterContent/Textures/T_Ground_Gravel_N.uexp" 3000
"C:/Users/jeanc/Documents/GitHub/Felix/Multiplayer/Content/StarterContent/Textures/T_Ground_Gravel_D.ubulk" 3001
"C:/Users/jeanc/Documents/GitHub/Felix/Multiplayer/Content/StarterContent/Textures/T_Ground_Gravel_D.uasset" 3002
"C:/Users/jeanc/Documents/GitHub/Felix/Multiplayer/Content/StarterContent/Textures/T_Ground_Gravel_D.uexp" 3003
"C:/Users/jeanc/Documents/GitHub/Felix/Multiplayer/Content/StarterContent/Materials/M_Ground_Gravel.uasset" 3004
"C:/Users/jeanc/Documents/GitHub/Felix/Multiplayer/Content/StarterContent/Materials/M_Ground_Gravel.uexp" 3005
"C:/Users/jeanc/Documents/GitHub/Felix/Multiplayer/Content/StarterContent/Audio/Steam01_Cue.uasset" 3006
"C:/Users/jeanc/Documents/GitHub/Felix/Multiplayer/Content/StarterContent/Audio/Steam01_Cue.uexp" 3007
"C:/Users/jeanc/Documents/GitHub/Felix/Multiplayer/Content/StarterContent/Particles/P_Steam_Lit.uasset" 3008
"C:/Users/jeanc/Documents/GitHub/Felix/Multiplayer/Content/StarterContent/Particles/P_Steam_Lit.uexp" 3009
"C:/Users/jeanc/Documents/GitHub/Felix/Multiplayer/Content/StarterContent/Blueprints/Blueprint_Effect_Steam.uasset" 3010
"C:/Users/jeanc/Documents/GitHub/Felix/Multiplayer/Content/StarterContent/Blueprints/Blueprint_Effect_Steam.uexp" 3011
"C:/Users/jeanc/Documents/GitHub/Felix/Multiplayer/Content/StarterContent/Audio/Fire_Sparks01_Cue.uasset" 3012
"C:/Users/jeanc/Documents/GitHub/Felix/Multiplayer/Content/StarterContent/Audio/Fire_Sparks01_Cue.uexp" 3013
"C:/Users/jeanc/Documents/GitHub/Felix/Multiplayer/Content/StarterContent/Blueprints/Blueprint_Effect_Sparks.uasset" 3014
"C:/Users/jeanc/Documents/GitHub/Felix/Multiplayer/Content/StarterContent/Blueprints/Blueprint_Effect_Sparks.uexp" 3015
"C:/Users/jeanc/Documents/GitHub/Felix/Multiplayer/Content/StarterContent/Materials/M_Water_Lake.uasset" 3016
"C:/Users/jeanc/Documents/GitHub/Felix/Multiplayer/Content/StarterContent/Materials/M_Water_Lake.uexp" 3017
"C:/Users/jeanc/Documents/GitHub/Felix/Multiplayer/Content/StarterContent/Architecture/Wall_400x200.ubulk" 3018
"C:/Users/jeanc/Documents/GitHub/Felix/Multiplayer/Content/StarterContent/Architecture/Wall_400x200.uasset" 3019
"C:/Users/jeanc/Documents/GitHub/Felix/Multiplayer/Content/StarterContent/Architecture/Wall_400x200.uexp" 3020
"C:/Users/jeanc/Documents/GitHub/Felix/Multiplayer/Content/StarterContent/Textures/T_Checker_Noise_M.ubulk" 3021
"C:/Users/jeanc/Documents/GitHub/Felix/Multiplayer/Content/StarterContent/Textures/T_Checker_Noise_M.uasset" 3022
"C:/Users/jeanc/Documents/GitHub/Felix/Multiplayer/Content/StarterContent/Textures/T_Checker_Noise_M.uexp" 3023
"C:/Users/jeanc/Documents/GitHub/Felix/Multiplayer/Content/StarterContent/Textures/T_Tech_Dot_M.ubulk" 3024
"C:/Users/jeanc/Documents/GitHub/Felix/Multiplayer/Content/StarterContent/Textures/T_Tech_Dot_M.uasset" 3025
"C:/Users/jeanc/Documents/GitHub/Felix/Multiplayer/Content/StarterContent/Textures/T_Tech_Dot_M.uexp" 3026
"C:/Users/jeanc/Documents/GitHub/Felix/Multiplayer/Content/StarterContent/Textures/T_Tech_Dot_N.ubulk" 3027
"C:/Users/jeanc/Documents/GitHub/Felix/Multiplayer/Content/StarterContent/Textures/T_Tech_Dot_N.uasset" 3028
"C:/Users/jeanc/Documents/GitHub/Felix/Multiplayer/Content/StarterContent/Textures/T_Tech_Dot_N.uexp" 3029
"C:/Users/jeanc/Documents/GitHub/Felix/Multiplayer/Content/StarterContent/Textures/T_Single_Tile_N.ubulk" 3030
"C:/Users/jeanc/Documents/GitHub/Felix/Multiplayer/Content/StarterContent/Textures/T_Single_Tile_N.uasset" 3031
"C:/Users/jeanc/Documents/GitHub/Felix/Multiplayer/Content/StarterContent/Textures/T_Single_Tile_N.uexp" 3032
"C:/Users/jeanc/Documents/GitHub/Felix/Multiplayer/Content/StarterContent/Materials/M_Tech_Checker_Dot.uasset" 3033
"C:/Users/jeanc/Documents/GitHub/Felix/Multiplayer/Content/StarterContent/Materials/M_Tech_Checker_Dot.uexp" 3034
"C:/Users/jeanc/Documents/GitHub/Felix/Multiplayer/Content/StarterContent/Architecture/Floor_400x400.ubulk" 3035
"C:/Users/jeanc/Documents/GitHub/Felix/Multiplayer/Content/StarterContent/Architecture/Floor_400x400.uasset" 3036
"C:/Users/jeanc/Documents/GitHub/Felix/Multiplayer/Content/StarterContent/Architecture/Floor_400x400.uexp" 3037
"C:/Users/jeanc/Documents/GitHub/Felix/Multiplayer/Content/StarterContent/Props/SM_GlassWindow.ubulk" 3038
"C:/Users/jeanc/Documents/GitHub/Felix/Multiplayer/Content/StarterContent/Props/SM_GlassWindow.uasset" 3039
"C:/Users/jeanc/Documents/GitHub/Felix/Multiplayer/Content/StarterContent/Props/SM_GlassWindow.uexp" 3040
"C:/Users/jeanc/Documents/GitHub/Felix/Multiplayer/Content/StarterContent/Textures/T_Rock_Marble_Polished_D.ubulk" 3041
"C:/Users/jeanc/Documents/GitHub/Felix/Multiplayer/Content/StarterContent/Textures/T_Rock_Marble_Polished_D.uasset" 3042
"C:/Users/jeanc/Documents/GitHub/Felix/Multiplayer/Content/StarterContent/Textures/T_Rock_Marble_Polished_D.uexp" 3043
"C:/Users/jeanc/Documents/GitHub/Felix/Multiplayer/Content/StarterContent/Materials/M_Rock_Marble_Polished.uasset" 3044
"C:/Users/jeanc/Documents/GitHub/Felix/Multiplayer/Content/StarterContent/Materials/M_Rock_Marble_Polished.uexp" 3045
"C:/Users/jeanc/Documents/GitHub/Felix/Multiplayer/Content/StarterContent/Textures/T_Concrete_Grime_D.ubulk" 3046
"C:/Users/jeanc/Documents/GitHub/Felix/Multiplayer/Content/StarterContent/Textures/T_Concrete_Grime_D.uasset" 3047
"C:/Users/jeanc/Documents/GitHub/Felix/Multiplayer/Content/StarterContent/Textures/T_Concrete_Grime_D.uexp" 3048
"C:/Users/jeanc/Documents/GitHub/Felix/Multiplayer/Content/StarterContent/Materials/M_Concrete_Grime.uasset" 3049
"C:/Users/jeanc/Documents/GitHub/Felix/Multiplayer/Content/StarterContent/Materials/M_Concrete_Grime.uexp" 3050
"C:/Users/jeanc/Documents/GitHub/Felix/Multiplayer/Content/StarterContent/Textures/T_Ceramic_Tile_M.ubulk" 3051
"C:/Users/jeanc/Documents/GitHub/Felix/Multiplayer/Content/StarterContent/Textures/T_Ceramic_Tile_M.uasset" 3052
"C:/Users/jeanc/Documents/GitHub/Felix/Multiplayer/Content/StarterContent/Textures/T_Ceramic_Tile_M.uexp" 3053
"C:/Users/jeanc/Documents/GitHub/Felix/Multiplayer/Content/StarterContent/Textures/T_Ceramic_Tile_N.ubulk" 3054
"C:/Users/jeanc/Documents/GitHub/Felix/Multiplayer/Content/StarterContent/Textures/T_Ceramic_Tile_N.uasset" 3055
"C:/Users/jeanc/Documents/GitHub/Felix/Multiplayer/Content/StarterContent/Textures/T_Ceramic_Tile_N.uexp" 3056
"C:/Users/jeanc/Documents/GitHub/Felix/Multiplayer/Content/StarterContent/Materials/M_Ceramic_Tile_Checker.uasset" 3057
"C:/Users/jeanc/Documents/GitHub/Felix/Multiplayer/Content/StarterContent/Materials/M_Ceramic_Tile_Checker.uexp" 3058
"C:/Users/jeanc/Documents/GitHub/Felix/Multiplayer/Content/StarterContent/Textures/T_Rock_Sandstone_N.ubulk" 3059
"C:/Users/jeanc/Documents/GitHub/Felix/Multiplayer/Content/StarterContent/Textures/T_Rock_Sandstone_N.uasset" 3060
"C:/Users/jeanc/Documents/GitHub/Felix/Multiplayer/Content/StarterContent/Textures/T_Rock_Sandstone_N.uexp" 3061
"C:/Users/jeanc/Documents/GitHub/Felix/Multiplayer/Content/StarterContent/Textures/T_Rock_Sandstone_D.ubulk" 3062
"C:/Users/jeanc/Documents/GitHub/Felix/Multiplayer/Content/StarterContent/Textures/T_Rock_Sandstone_D.uasset" 3063
"C:/Users/jeanc/Documents/GitHub/Felix/Multiplayer/Content/StarterContent/Textures/T_Rock_Sandstone_D.uexp" 3064
"C:/Users/jeanc/Documents/GitHub/Felix/Multiplayer/Content/StarterContent/Materials/M_Rock_Sandstone.uasset" 3065
"C:/Users/jeanc/Documents/GitHub/Felix/Multiplayer/Content/StarterContent/Materials/M_Rock_Sandstone.uexp" 3066
"C:/Users/jeanc/Documents/GitHub/Felix/Multiplayer/Content/StarterContent/Textures/T_Wood_Walnut_N.ubulk" 3067
"C:/Users/jeanc/Documents/GitHub/Felix/Multiplayer/Content/StarterContent/Textures/T_Wood_Walnut_N.uasset" 3068
"C:/Users/jeanc/Documents/GitHub/Felix/Multiplayer/Content/StarterContent/Textures/T_Wood_Walnut_N.uexp" 3069
"C:/Users/jeanc/Documents/GitHub/Felix/Multiplayer/Content/StarterContent/Materials/M_Wood_Walnut.uasset" 3070
"C:/Users/jeanc/Documents/GitHub/Felix/Multiplayer/Content/StarterContent/Materials/M_Wood_Walnut.uexp" 3071
"C:/Users/jeanc/Documents/GitHub/Felix/Multiplayer/Content/StarterContent/Audio/Collapse_Cue.uasset" 3072
"C:/Users/jeanc/Documents/GitHub/Felix/Multiplayer/Content/StarterContent/Audio/Collapse_Cue.uexp" 3073
"C:/Users/jeanc/Documents/GitHub/Felix/Multiplayer/Content/StarterContent/Textures/T_Brick_Cut_Stone_N.ubulk" 3074
"C:/Users/jeanc/Documents/GitHub/Felix/Multiplayer/Content/StarterContent/Textures/T_Brick_Cut_Stone_N.uasset" 3075
"C:/Users/jeanc/Documents/GitHub/Felix/Multiplayer/Content/StarterContent/Textures/T_Brick_Cut_Stone_N.uexp" 3076
"C:/Users/jeanc/Documents/GitHub/Felix/Multiplayer/Content/StarterContent/Textures/T_Brick_Cut_Stone_D.ubulk" 3077
"C:/Users/jeanc/Documents/GitHub/Felix/Multiplayer/Content/StarterContent/Textures/T_Brick_Cut_Stone_D.uasset" 3078
"C:/Users/jeanc/Documents/GitHub/Felix/Multiplayer/Content/StarterContent/Textures/T_Brick_Cut_Stone_D.uexp" 3079
"C:/Users/jeanc/Documents/GitHub/Felix/Multiplayer/Content/StarterContent/Materials/M_Brick_Cut_Stone.uasset" 3080
"C:/Users/jeanc/Documents/GitHub/Felix/Multiplayer/Content/StarterContent/Materials/M_Brick_Cut_Stone.uexp" 3081
"C:/Users/jeanc/Documents/GitHub/Felix/Multiplayer/Content/StarterContent/Textures/T_Dust_Particle_D.ubulk" 3082
"C:/Users/jeanc/Documents/GitHub/Felix/Multiplayer/Content/StarterContent/Textures/T_Dust_Particle_D.uasset" 3083
"C:/Users/jeanc/Documents/GitHub/Felix/Multiplayer/Content/StarterContent/Textures/T_Dust_Particle_D.uexp" 3084
"C:/Users/jeanc/Documents/GitHub/Felix/Multiplayer/Content/StarterContent/Particles/Materials/M_Dust_Particle.uasset" 3085
"C:/Users/jeanc/Documents/GitHub/Felix/Multiplayer/Content/StarterContent/Particles/Materials/M_Dust_Particle.uexp" 3086
"C:/Users/jeanc/Documents/GitHub/Felix/Multiplayer/Content/StarterContent/Particles/P_Ambient_Dust.uasset" 3087
"C:/Users/jeanc/Documents/GitHub/Felix/Multiplayer/Content/StarterContent/Particles/P_Ambient_Dust.uexp" 3088
"C:/Users/jeanc/Documents/GitHub/Felix/Multiplayer/Content/StarterContent/Props/SM_WindowFrame.ubulk" 3089
"C:/Users/jeanc/Documents/GitHub/Felix/Multiplayer/Content/StarterContent/Props/SM_WindowFrame.uasset" 3090
"C:/Users/jeanc/Documents/GitHub/Felix/Multiplayer/Content/StarterContent/Props/SM_WindowFrame.uexp" 3091
"C:/Users/jeanc/Documents/GitHub/Felix/Multiplayer/Content/StarterContent/Textures/T_Metal_Copper_D.ubulk" 3092
"C:/Users/jeanc/Documents/GitHub/Felix/Multiplayer/Content/StarterContent/Textures/T_Metal_Copper_D.uasset" 3093
"C:/Users/jeanc/Documents/GitHub/Felix/Multiplayer/Content/StarterContent/Textures/T_Metal_Copper_D.uexp" 3094
"C:/Users/jeanc/Documents/GitHub/Felix/Multiplayer/Content/StarterContent/Materials/M_Metal_Copper.uasset" 3095
"C:/Users/jeanc/Documents/GitHub/Felix/Multiplayer/Content/StarterContent/Materials/M_Metal_Copper.uexp" 3096
"C:/Users/jeanc/Documents/GitHub/Felix/Multiplayer/Content/StarterContent/Textures/T_Water_M.ubulk" 3097
"C:/Users/jeanc/Documents/GitHub/Felix/Multiplayer/Content/StarterContent/Textures/T_Water_M.uasset" 3098
"C:/Users/jeanc/Documents/GitHub/Felix/Multiplayer/Content/StarterContent/Textures/T_Water_M.uexp" 3099
"C:/Users/jeanc/Documents/GitHub/Felix/Multiplayer/Content/StarterContent/Materials/M_Water_Ocean.uasset" 3100
"C:/Users/jeanc/Documents/GitHub/Felix/Multiplayer/Content/StarterContent/Materials/M_Water_Ocean.uexp" 3101
"C:/Users/jeanc/Documents/GitHub/Felix/Multiplayer/Content/StarterContent/Textures/T_CobbleStone_Pebble_N.ubulk" 3102
"C:/Users/jeanc/Documents/GitHub/Felix/Multiplayer/Content/StarterContent/Textures/T_CobbleStone_Pebble_N.uasset" 3103
"C:/Users/jeanc/Documents/GitHub/Felix/Multiplayer/Content/StarterContent/Textures/T_CobbleStone_Pebble_N.uexp" 3104
"C:/Users/jeanc/Documents/GitHub/Felix/Multiplayer/Content/StarterContent/Textures/T_CobbleStone_Pebble_M.ubulk" 3105
"C:/Users/jeanc/Documents/GitHub/Felix/Multiplayer/Content/StarterContent/Textures/T_CobbleStone_Pebble_M.uasset" 3106
"C:/Users/jeanc/Documents/GitHub/Felix/Multiplayer/Content/StarterContent/Textures/T_CobbleStone_Pebble_M.uexp" 3107
"C:/Users/jeanc/Documents/GitHub/Felix/Multiplayer/Content/StarterContent/Textures/T_CobbleStone_Pebble_D.ubulk" 3108
"C:/Users/jeanc/Documents/GitHub/Felix/Multiplayer/Content/StarterContent/Textures/T_CobbleStone_Pebble_D.uasset" 3109
"C:/Users/jeanc/Documents/GitHub/Felix/Multiplayer/Content/StarterContent/Textures/T_CobbleStone_Pebble_D.uexp" 3110
"C:/Users/jeanc/Documents/GitHub/Felix/Multiplayer/Content/StarterContent/Materials/M_CobbleStone_Pebble.uasset" 3111
"C:/Users/jeanc/Documents/GitHub/Felix/Multiplayer/Content/StarterContent/Materials/M_CobbleStone_Pebble.uexp" 3112
"C:/Users/jeanc/Documents/GitHub/Felix/Multiplayer/Content/StarterContent/Textures/T_Brick_Clay_Old_N.ubulk" 3113
"C:/Users/jeanc/Documents/GitHub/Felix/Multiplayer/Content/StarterContent/Textures/T_Brick_Clay_Old_N.uasset" 3114
"C:/Users/jeanc/Documents/GitHub/Felix/Multiplayer/Content/StarterContent/Textures/T_Brick_Clay_Old_N.uexp" 3115
"C:/Users/jeanc/Documents/GitHub/Felix/Multiplayer/Content/StarterContent/Textures/T_Brick_Clay_Old_D.ubulk" 3116
"C:/Users/jeanc/Documents/GitHub/Felix/Multiplayer/Content/StarterContent/Textures/T_Brick_Clay_Old_D.uasset" 3117
"C:/Users/jeanc/Documents/GitHub/Felix/Multiplayer/Content/StarterContent/Textures/T_Brick_Clay_Old_D.uexp" 3118
"C:/Users/jeanc/Documents/GitHub/Felix/Multiplayer/Content/StarterContent/Materials/M_Brick_Clay_Old.uasset" 3119
"C:/Users/jeanc/Documents/GitHub/Felix/Multiplayer/Content/StarterContent/Materials/M_Brick_Clay_Old.uexp" 3120
"C:/Users/jeanc/Documents/GitHub/Felix/Multiplayer/Content/StarterContent/Textures/T_Metal_Steel_D.ubulk" 3121
"C:/Users/jeanc/Documents/GitHub/Felix/Multiplayer/Content/StarterContent/Textures/T_Metal_Steel_D.uasset" 3122
"C:/Users/jeanc/Documents/GitHub/Felix/Multiplayer/Content/StarterContent/Textures/T_Metal_Steel_D.uexp" 3123
"C:/Users/jeanc/Documents/GitHub/Felix/Multiplayer/Content/StarterContent/Textures/T_Metal_Steel_N.ubulk" 3124
"C:/Users/jeanc/Documents/GitHub/Felix/Multiplayer/Content/StarterContent/Textures/T_Metal_Steel_N.uasset" 3125
"C:/Users/jeanc/Documents/GitHub/Felix/Multiplayer/Content/StarterContent/Textures/T_Metal_Steel_N.uexp" 3126
"C:/Users/jeanc/Documents/GitHub/Felix/Multiplayer/Content/StarterContent/Materials/M_Metal_Steel.uasset" 3127
"C:/Users/jeanc/Documents/GitHub/Felix/Multiplayer/Content/StarterContent/Materials/M_Metal_Steel.uexp" 3128
"C:/Users/jeanc/Documents/GitHub/Felix/Multiplayer/Content/StarterContent/Materials/M_Wood_Floor_Walnut_Polished.uasset" 3129
"C:/Users/jeanc/Documents/GitHub/Felix/Multiplayer/Content/StarterContent/Materials/M_Wood_Floor_Walnut_Polished.uexp" 3130
"C:/Users/jeanc/Documents/GitHub/Felix/Multiplayer/Content/StarterContent/Props/SM_Lamp_Wall.ubulk" 3131
"C:/Users/jeanc/Documents/GitHub/Felix/Multiplayer/Content/StarterContent/Props/SM_Lamp_Wall.uasset" 3132
"C:/Users/jeanc/Documents/GitHub/Felix/Multiplayer/Content/StarterContent/Props/SM_Lamp_Wall.uexp" 3133
"C:/Users/jeanc/Documents/GitHub/Felix/Multiplayer/Content/StarterContent/Blueprints/Blueprint_WallSconce.uasset" 3134
"C:/Users/jeanc/Documents/GitHub/Felix/Multiplayer/Content/StarterContent/Blueprints/Blueprint_WallSconce.uexp" 3135
"C:/Users/jeanc/Documents/GitHub/Felix/Multiplayer/Content/StarterContent/Textures/T_Tech_Panel_N.ubulk" 3136
"C:/Users/jeanc/Documents/GitHub/Felix/Multiplayer/Content/StarterContent/Textures/T_Tech_Panel_N.uasset" 3137
"C:/Users/jeanc/Documents/GitHub/Felix/Multiplayer/Content/StarterContent/Textures/T_Tech_Panel_N.uexp" 3138
"C:/Users/jeanc/Documents/GitHub/Felix/Multiplayer/Content/StarterContent/Textures/T_Tech_Panel_M.ubulk" 3139
"C:/Users/jeanc/Documents/GitHub/Felix/Multiplayer/Content/StarterContent/Textures/T_Tech_Panel_M.uasset" 3140
"C:/Users/jeanc/Documents/GitHub/Felix/Multiplayer/Content/StarterContent/Textures/T_Tech_Panel_M.uexp" 3141
"C:/Users/jeanc/Documents/GitHub/Felix/Multiplayer/Content/StarterContent/Materials/M_Tech_Panel.uasset" 3142
"C:/Users/jeanc/Documents/GitHub/Felix/Multiplayer/Content/StarterContent/Materials/M_Tech_Panel.uexp" 3143
"C:/Users/jeanc/Documents/GitHub/Felix/Multiplayer/Content/StarterContent/Materials/M_Tech_Hex_Tile_Pulse.uasset" 3144
"C:/Users/jeanc/Documents/GitHub/Felix/Multiplayer/Content/StarterContent/Materials/M_Tech_Hex_Tile_Pulse.uexp" 3145
"C:/Users/jeanc/Documents/GitHub/Felix/Multiplayer/Content/StarterContent/Props/SM_PillarFrame.ubulk" 3146
"C:/Users/jeanc/Documents/GitHub/Felix/Multiplayer/Content/StarterContent/Props/SM_PillarFrame.uasset" 3147
"C:/Users/jeanc/Documents/GitHub/Felix/Multiplayer/Content/StarterContent/Props/SM_PillarFrame.uexp" 3148
"C:/Users/jeanc/Documents/GitHub/Felix/Multiplayer/Content/StarterContent/Textures/T_TableRound_N.ubulk" 3149
"C:/Users/jeanc/Documents/GitHub/Felix/Multiplayer/Content/StarterContent/Textures/T_TableRound_N.uasset" 3150
"C:/Users/jeanc/Documents/GitHub/Felix/Multiplayer/Content/StarterContent/Textures/T_TableRound_N.uexp" 3151
"C:/Users/jeanc/Documents/GitHub/Felix/Multiplayer/Content/StarterContent/Textures/T_TableRound_M.ubulk" 3152
"C:/Users/jeanc/Documents/GitHub/Felix/Multiplayer/Content/StarterContent/Textures/T_TableRound_M.uasset" 3153
"C:/Users/jeanc/Documents/GitHub/Felix/Multiplayer/Content/StarterContent/Textures/T_TableRound_M.uexp" 3154
"C:/Users/jeanc/Documents/GitHub/Felix/Multiplayer/Content/StarterContent/Props/Materials/M_TableRound.uasset" 3155
"C:/Users/jeanc/Documents/GitHub/Felix/Multiplayer/Content/StarterContent/Props/Materials/M_TableRound.uexp" 3156
"C:/Users/jeanc/Documents/GitHub/Felix/Multiplayer/Content/StarterContent/Props/SM_TableRound.ubulk" 3157
"C:/Users/jeanc/Documents/GitHub/Felix/Multiplayer/Content/StarterContent/Props/SM_TableRound.uasset" 3158
"C:/Users/jeanc/Documents/GitHub/Felix/Multiplayer/Content/StarterContent/Props/SM_TableRound.uexp" 3159
"C:/Users/jeanc/Documents/GitHub/Felix/Multiplayer/Content/StarterContent/Audio/Fire01_Cue.uasset" 3160
"C:/Users/jeanc/Documents/GitHub/Felix/Multiplayer/Content/StarterContent/Audio/Fire01_Cue.uexp" 3161
"C:/Users/jeanc/Documents/GitHub/Felix/Multiplayer/Content/StarterContent/Blueprints/Blueprint_Effect_Fire.uasset" 3162
"C:/Users/jeanc/Documents/GitHub/Felix/Multiplayer/Content/StarterContent/Blueprints/Blueprint_Effect_Fire.uexp" 3163
"C:/Users/jeanc/Documents/GitHub/Felix/Multiplayer/Content/StarterContent/Textures/T_Wood_Oak_N.ubulk" 3164
"C:/Users/jeanc/Documents/GitHub/Felix/Multiplayer/Content/StarterContent/Textures/T_Wood_Oak_N.uasset" 3165
"C:/Users/jeanc/Documents/GitHub/Felix/Multiplayer/Content/StarterContent/Textures/T_Wood_Oak_N.uexp" 3166
"C:/Users/jeanc/Documents/GitHub/Felix/Multiplayer/Content/StarterContent/Textures/T_Wood_Oak_D.ubulk" 3167
"C:/Users/jeanc/Documents/GitHub/Felix/Multiplayer/Content/StarterContent/Textures/T_Wood_Oak_D.uasset" 3168
"C:/Users/jeanc/Documents/GitHub/Felix/Multiplayer/Content/StarterContent/Textures/T_Wood_Oak_D.uexp" 3169
"C:/Users/jeanc/Documents/GitHub/Felix/Multiplayer/Content/StarterContent/Materials/M_Wood_Oak.uasset" 3170
"C:/Users/jeanc/Documents/GitHub/Felix/Multiplayer/Content/StarterContent/Materials/M_Wood_Oak.uexp" 3171
"C:/Users/jeanc/Documents/GitHub/Felix/Multiplayer/Content/StarterContent/Architecture/Wall_Window_400x300.ubulk" 3172
"C:/Users/jeanc/Documents/GitHub/Felix/Multiplayer/Content/StarterContent/Architecture/Wall_Window_400x300.uasset" 3173
"C:/Users/jeanc/Documents/GitHub/Felix/Multiplayer/Content/StarterContent/Architecture/Wall_Window_400x300.uexp" 3174
"C:/Users/jeanc/Documents/GitHub/Felix/Multiplayer/Content/StarterContent/Textures/T_Brick_Hewn_Stone_N.ubulk" 3175
"C:/Users/jeanc/Documents/GitHub/Felix/Multiplayer/Content/StarterContent/Textures/T_Brick_Hewn_Stone_N.uasset" 3176
"C:/Users/jeanc/Documents/GitHub/Felix/Multiplayer/Content/StarterContent/Textures/T_Brick_Hewn_Stone_N.uexp" 3177
"C:/Users/jeanc/Documents/GitHub/Felix/Multiplayer/Content/StarterContent/Textures/T_Brick_Hewn_Stone_D.ubulk" 3178
"C:/Users/jeanc/Documents/GitHub/Felix/Multiplayer/Content/StarterContent/Textures/T_Brick_Hewn_Stone_D.uasset" 3179
"C:/Users/jeanc/Documents/GitHub/Felix/Multiplayer/Content/StarterContent/Textures/T_Brick_Hewn_Stone_D.uexp" 3180
"C:/Users/jeanc/Documents/GitHub/Felix/Multiplayer/Content/StarterContent/Textures/T_Brick_Hewn_Stone_M.ubulk" 3181
"C:/Users/jeanc/Documents/GitHub/Felix/Multiplayer/Content/StarterContent/Textures/T_Brick_Hewn_Stone_M.uasset" 3182
"C:/Users/jeanc/Documents/GitHub/Felix/Multiplayer/Content/StarterContent/Textures/T_Brick_Hewn_Stone_M.uexp" 3183
"C:/Users/jeanc/Documents/GitHub/Felix/Multiplayer/Content/StarterContent/Materials/M_Brick_Hewn_Stone.uasset" 3184
"C:/Users/jeanc/Documents/GitHub/Felix/Multiplayer/Content/StarterContent/Materials/M_Brick_Hewn_Stone.uexp" 3185
"C:/Users/jeanc/Documents/GitHub/Felix/Multiplayer/Content/StarterContent/Audio/Smoke01_Cue.uasset" 3186
"C:/Users/jeanc/Documents/GitHub/Felix/Multiplayer/Content/StarterContent/Audio/Smoke01_Cue.uexp" 3187
"C:/Users/jeanc/Documents/GitHub/Felix/Multiplayer/Content/StarterContent/Blueprints/Blueprint_Effect_Smoke.uasset" 3188
"C:/Users/jeanc/Documents/GitHub/Felix/Multiplayer/Content/StarterContent/Blueprints/Blueprint_Effect_Smoke.uexp" 3189
"C:/Users/jeanc/Documents/GitHub/Felix/Multiplayer/Content/StarterContent/Textures/T_CobbleStone_Rough_N.ubulk" 3190
"C:/Users/jeanc/Documents/GitHub/Felix/Multiplayer/Content/StarterContent/Textures/T_CobbleStone_Rough_N.uasset" 3191
"C:/Users/jeanc/Documents/GitHub/Felix/Multiplayer/Content/StarterContent/Textures/T_CobbleStone_Rough_N.uexp" 3192
"C:/Users/jeanc/Documents/GitHub/Felix/Multiplayer/Content/StarterContent/Textures/T_CobbleStone_Rough_D.ubulk" 3193
"C:/Users/jeanc/Documents/GitHub/Felix/Multiplayer/Content/StarterContent/Textures/T_CobbleStone_Rough_D.uasset" 3194
"C:/Users/jeanc/Documents/GitHub/Felix/Multiplayer/Content/StarterContent/Textures/T_CobbleStone_Rough_D.uexp" 3195
"C:/Users/jeanc/Documents/GitHub/Felix/Multiplayer/Content/StarterContent/Materials/M_CobbleStone_Rough.uasset" 3196
"C:/Users/jeanc/Documents/GitHub/Felix/Multiplayer/Content/StarterContent/Materials/M_CobbleStone_Rough.uexp" 3197
"C:/Users/jeanc/Documents/GitHub/Felix/Multiplayer/Content/StarterContent/Textures/T_Statue_M.ubulk" 3198
"C:/Users/jeanc/Documents/GitHub/Felix/Multiplayer/Content/StarterContent/Textures/T_Statue_M.uasset" 3199
"C:/Users/jeanc/Documents/GitHub/Felix/Multiplayer/Content/StarterContent/Textures/T_Statue_M.uexp" 3200
"C:/Users/jeanc/Documents/GitHub/Felix/Multiplayer/Content/StarterContent/Textures/T_Statue_N.ubulk" 3201
"C:/Users/jeanc/Documents/GitHub/Felix/Multiplayer/Content/StarterContent/Textures/T_Statue_N.uasset" 3202
"C:/Users/jeanc/Documents/GitHub/Felix/Multiplayer/Content/StarterContent/Textures/T_Statue_N.uexp" 3203
"C:/Users/jeanc/Documents/GitHub/Felix/Multiplayer/Content/StarterContent/Props/Materials/M_Statue.uasset" 3204
"C:/Users/jeanc/Documents/GitHub/Felix/Multiplayer/Content/StarterContent/Props/Materials/M_Statue.uexp" 3205
"C:/Users/jeanc/Documents/GitHub/Felix/Multiplayer/Content/StarterContent/Props/Materials/M_StatueGlass.uasset" 3206
"C:/Users/jeanc/Documents/GitHub/Felix/Multiplayer/Content/StarterContent/Props/Materials/M_StatueGlass.uexp" 3207
"C:/Users/jeanc/Documents/GitHub/Felix/Multiplayer/Content/StarterContent/Props/SM_Statue.ubulk" 3208
"C:/Users/jeanc/Documents/GitHub/Felix/Multiplayer/Content/StarterContent/Props/SM_Statue.uasset" 3209
"C:/Users/jeanc/Documents/GitHub/Felix/Multiplayer/Content/StarterContent/Props/SM_Statue.uexp" 3210
"C:/Users/jeanc/Documents/GitHub/Felix/Multiplayer/Content/StarterContent/Textures/T_ground_Moss_D.ubulk" 3211
"C:/Users/jeanc/Documents/GitHub/Felix/Multiplayer/Content/StarterContent/Textures/T_ground_Moss_D.uasset" 3212
"C:/Users/jeanc/Documents/GitHub/Felix/Multiplayer/Content/StarterContent/Textures/T_ground_Moss_D.uexp" 3213
"C:/Users/jeanc/Documents/GitHub/Felix/Multiplayer/Content/StarterContent/Textures/T_Ground_Moss_N.ubulk" 3214
"C:/Users/jeanc/Documents/GitHub/Felix/Multiplayer/Content/StarterContent/Textures/T_Ground_Moss_N.uasset" 3215
"C:/Users/jeanc/Documents/GitHub/Felix/Multiplayer/Content/StarterContent/Textures/T_Ground_Moss_N.uexp" 3216
"C:/Users/jeanc/Documents/GitHub/Felix/Multiplayer/Content/StarterContent/Materials/M_Ground_Moss.uasset" 3217
"C:/Users/jeanc/Documents/GitHub/Felix/Multiplayer/Content/StarterContent/Materials/M_Ground_Moss.uexp" 3218
"C:/Users/jeanc/Documents/GitHub/Felix/Multiplayer/Content/StarterContent/Props/SM_PillarFrame300.ubulk" 3219
"C:/Users/jeanc/Documents/GitHub/Felix/Multiplayer/Content/StarterContent/Props/SM_PillarFrame300.uasset" 3220
"C:/Users/jeanc/Documents/GitHub/Felix/Multiplayer/Content/StarterContent/Props/SM_PillarFrame300.uexp" 3221
"C:/Users/jeanc/Documents/GitHub/Felix/Multiplayer/Content/StarterContent/Materials/M_Metal_Chrome.uasset" 3222
"C:/Users/jeanc/Documents/GitHub/Felix/Multiplayer/Content/StarterContent/Materials/M_Metal_Chrome.uexp" 3223
"C:/Users/jeanc/Documents/GitHub/Felix/Multiplayer/Content/StarterContent/Textures/T_Metal_Gold_D.ubulk" 3224
"C:/Users/jeanc/Documents/GitHub/Felix/Multiplayer/Content/StarterContent/Textures/T_Metal_Gold_D.uasset" 3225
"C:/Users/jeanc/Documents/GitHub/Felix/Multiplayer/Content/StarterContent/Textures/T_Metal_Gold_D.uexp" 3226
"C:/Users/jeanc/Documents/GitHub/Felix/Multiplayer/Content/StarterContent/Materials/M_Metal_Gold.uasset" 3227
"C:/Users/jeanc/Documents/GitHub/Felix/Multiplayer/Content/StarterContent/Materials/M_Metal_Gold.uexp" 3228
"C:/Users/jeanc/Documents/GitHub/Felix/Multiplayer/Content/StarterContent/Textures/T_Ground_Grass_D.ubulk" 3229
"C:/Users/jeanc/Documents/GitHub/Felix/Multiplayer/Content/StarterContent/Textures/T_Ground_Grass_D.uasset" 3230
"C:/Users/jeanc/Documents/GitHub/Felix/Multiplayer/Content/StarterContent/Textures/T_Ground_Grass_D.uexp" 3231
"C:/Users/jeanc/Documents/GitHub/Felix/Multiplayer/Content/StarterContent/Textures/T_Ground_Grass_N.ubulk" 3232
"C:/Users/jeanc/Documents/GitHub/Felix/Multiplayer/Content/StarterContent/Textures/T_Ground_Grass_N.uasset" 3233
"C:/Users/jeanc/Documents/GitHub/Felix/Multiplayer/Content/StarterContent/Textures/T_Ground_Grass_N.uexp" 3234
"C:/Users/jeanc/Documents/GitHub/Felix/Multiplayer/Content/StarterContent/Materials/M_Ground_Grass.uasset" 3235
"C:/Users/jeanc/Documents/GitHub/Felix/Multiplayer/Content/StarterContent/Materials/M_Ground_Grass.uexp" 3236
"C:/Users/jeanc/Documents/GitHub/Felix/Multiplayer/Content/StarterContent/Audio/Starter_Background_Cue.uasset" 3237
"C:/Users/jeanc/Documents/GitHub/Felix/Multiplayer/Content/StarterContent/Audio/Starter_Background_Cue.uexp" 3238
"C:/Users/jeanc/Documents/GitHub/Felix/Multiplayer/Content/StarterContent/Maps/StarterMap_BuiltData.ubulk" 3239
"C:/Users/jeanc/Documents/GitHub/Felix/Multiplayer/Content/StarterContent/Maps/StarterMap_BuiltData.uasset" 3240
"C:/Users/jeanc/Documents/GitHub/Felix/Multiplayer/Content/StarterContent/Maps/StarterMap_BuiltData.uexp" 3241
"C:/Users/jeanc/Documents/GitHub/Felix/Multiplayer/Content/StarterContent/Props/SM_CornerFrame.ubulk" 3242
"C:/Users/jeanc/Documents/GitHub/Felix/Multiplayer/Content/StarterContent/Props/SM_CornerFrame.uasset" 3243
"C:/Users/jeanc/Documents/GitHub/Felix/Multiplayer/Content/StarterContent/Props/SM_CornerFrame.uexp" 3244
"C:/Users/jeanc/Documents/GitHub/Felix/Multiplayer/Content/StarterContent/Audio/Starter_Music_Cue.uasset" 3245
"C:/Users/jeanc/Documents/GitHub/Felix/Multiplayer/Content/StarterContent/Audio/Starter_Music_Cue.uexp" 3246
"C:/Users/jeanc/Documents/GitHub/Felix/Multiplayer/Content/StarterContent/Shapes/Shape_QuadPyramid.ubulk" 3247
"C:/Users/jeanc/Documents/GitHub/Felix/Multiplayer/Content/StarterContent/Shapes/Shape_QuadPyramid.uasset" 3248
"C:/Users/jeanc/Documents/GitHub/Felix/Multiplayer/Content/StarterContent/Shapes/Shape_QuadPyramid.uexp" 3249
"C:/Users/jeanc/Documents/GitHub/Felix/Multiplayer/Content/StarterContent/Textures/T_Brick_Clay_New_D.ubulk" 3250
"C:/Users/jeanc/Documents/GitHub/Felix/Multiplayer/Content/StarterContent/Textures/T_Brick_Clay_New_D.uasset" 3251
"C:/Users/jeanc/Documents/GitHub/Felix/Multiplayer/Content/StarterContent/Textures/T_Brick_Clay_New_D.uexp" 3252
"C:/Users/jeanc/Documents/GitHub/Felix/Multiplayer/Content/StarterContent/Textures/T_Brick_Clay_New_M.uasset" 3253
"C:/Users/jeanc/Documents/GitHub/Felix/Multiplayer/Content/StarterContent/Textures/T_Brick_Clay_New_M.uexp" 3254
"C:/Users/jeanc/Documents/GitHub/Felix/Multiplayer/Content/StarterContent/Textures/T_Brick_Clay_New_N.uasset" 3255
"C:/Users/jeanc/Documents/GitHub/Felix/Multiplayer/Content/StarterContent/Textures/T_Brick_Clay_New_N.uexp" 3256
"C:/Users/jeanc/Documents/GitHub/Felix/Multiplayer/Content/StarterContent/Materials/M_Brick_Clay_New.uasset" 3257
"C:/Users/jeanc/Documents/GitHub/Felix/Multiplayer/Content/StarterContent/Materials/M_Brick_Clay_New.uexp" 3258
"C:/Users/jeanc/Documents/GitHub/Felix/Multiplayer/Content/StarterContent/Props/SM_Chair.ubulk" 3259
"C:/Users/jeanc/Documents/GitHub/Felix/Multiplayer/Content/StarterContent/Props/SM_Chair.uasset" 3260
"C:/Users/jeanc/Documents/GitHub/Felix/Multiplayer/Content/StarterContent/Props/SM_Chair.uexp" 3261
"C:/Users/jeanc/Documents/GitHub/Felix/Multiplayer/Content/StarterContent/Textures/T_Concrete_Panels_D.ubulk" 3262
"C:/Users/jeanc/Documents/GitHub/Felix/Multiplayer/Content/StarterContent/Textures/T_Concrete_Panels_D.uasset" 3263
"C:/Users/jeanc/Documents/GitHub/Felix/Multiplayer/Content/StarterContent/Textures/T_Concrete_Panels_D.uexp" 3264
"C:/Users/jeanc/Documents/GitHub/Felix/Multiplayer/Content/StarterContent/Textures/T_Concrete_Panels_N.ubulk" 3265
"C:/Users/jeanc/Documents/GitHub/Felix/Multiplayer/Content/StarterContent/Textures/T_Concrete_Panels_N.uasset" 3266
"C:/Users/jeanc/Documents/GitHub/Felix/Multiplayer/Content/StarterContent/Textures/T_Concrete_Panels_N.uexp" 3267
"C:/Users/jeanc/Documents/GitHub/Felix/Multiplayer/Content/StarterContent/Materials/M_Concrete_Panels.uasset" 3268
"C:/Users/jeanc/Documents/GitHub/Felix/Multiplayer/Content/StarterContent/Materials/M_Concrete_Panels.uexp" 3269
"C:/Users/jeanc/Documents/GitHub/Felix/Multiplayer/Content/StarterContent/Maps/StarterMap.uexp" 3270
"C:/Users/jeanc/Documents/GitHub/Felix/Multiplayer/Content/StarterContent/Maps/StarterMap.umap" 3271
"C:/Users/jeanc/Documents/GitHub/Felix/Multiplayer/Content/StarterContent/Maps/Minimal_Default_BuiltData.ubulk" 3272
"C:/Users/jeanc/Documents/GitHub/Felix/Multiplayer/Content/StarterContent/Maps/Minimal_Default_BuiltData.uasset" 3273
"C:/Users/jeanc/Documents/GitHub/Felix/Multiplayer/Content/StarterContent/Maps/Minimal_Default_BuiltData.uexp" 3274
"C:/Users/jeanc/Documents/GitHub/Felix/Multiplayer/Content/StarterContent/Maps/Minimal_Default.uexp" 3275
"C:/Users/jeanc/Documents/GitHub/Felix/Multiplayer/Content/StarterContent/Maps/Minimal_Default.umap" 3276
"C:/Users/jeanc/Documents/GitHub/Felix/Multiplayer/Content/StarterContent/Maps/Advanced_Lighting_BuiltData.ubulk" 3277
"C:/Users/jeanc/Documents/GitHub/Felix/Multiplayer/Content/StarterContent/Maps/Advanced_Lighting_BuiltData.uasset" 3278
"C:/Users/jeanc/Documents/GitHub/Felix/Multiplayer/Content/StarterContent/Maps/Advanced_Lighting_BuiltData.uexp" 3279
"C:/Users/jeanc/Documents/GitHub/Felix/Multiplayer/Content/StarterContent/Materials/M_AssetPlatform.uasset" 3280
"C:/Users/jeanc/Documents/GitHub/Felix/Multiplayer/Content/StarterContent/Materials/M_AssetPlatform.uexp" 3281
"C:/Users/jeanc/Documents/GitHub/Felix/Multiplayer/Content/StarterContent/Architecture/SM_AssetPlatform.ubulk" 3282
"C:/Users/jeanc/Documents/GitHub/Felix/Multiplayer/Content/StarterContent/Architecture/SM_AssetPlatform.uasset" 3283
"C:/Users/jeanc/Documents/GitHub/Felix/Multiplayer/Content/StarterContent/Architecture/SM_AssetPlatform.uexp" 3284
"../../../Engine/Content/EditorMeshes/ColorCalibrator/M_GreyBall.uasset" 3285
"../../../Engine/Content/EditorMeshes/ColorCalibrator/M_GreyBall.uexp" 3286
"../../../Engine/Content/EditorMeshes/ColorCalibrator/M_ClearCoat.uasset" 3287
"../../../Engine/Content/EditorMeshes/ColorCalibrator/M_ClearCoat.uexp" 3288
"../../../Engine/Content/EditorMeshes/ColorCalibrator/M_ChromeBall.uasset" 3289
"../../../Engine/Content/EditorMeshes/ColorCalibrator/M_ChromeBall.uexp" 3290
"../../../Engine/Content/EditorMeshes/ColorCalibrator/M_ClearCoatBlack.uasset" 3291
"../../../Engine/Content/EditorMeshes/ColorCalibrator/M_ClearCoatBlack.uexp" 3292
"../../../Engine/Content/EditorMeshes/ColorCalibrator/Color_checker.ubulk" 3293
"../../../Engine/Content/EditorMeshes/ColorCalibrator/Color_checker.uasset" 3294
"../../../Engine/Content/EditorMeshes/ColorCalibrator/Color_checker.uexp" 3295
"../../../Engine/Content/EditorMeshes/ColorCalibrator/M_ColorGrid.uasset" 3296
"../../../Engine/Content/EditorMeshes/ColorCalibrator/M_ColorGrid.uexp" 3297
"../../../Engine/Content/EditorMeshes/ColorCalibrator/SM_ColorCalibrator.ubulk" 3298
"../../../Engine/Content/EditorMeshes/ColorCalibrator/SM_ColorCalibrator.uasset" 3299
"../../../Engine/Content/EditorMeshes/ColorCalibrator/SM_ColorCalibrator.uexp" 3300
"C:/Users/jeanc/Documents/GitHub/Felix/Multiplayer/Content/StarterContent/Maps/Advanced_Lighting.uexp" 3301
"C:/Users/jeanc/Documents/GitHub/Felix/Multiplayer/Content/StarterContent/Maps/Advanced_Lighting.umap" 3302
"C:/Users/jeanc/Documents/GitHub/Felix/Multiplayer/Content/FPS_Weapon_Bundle/Weapons/Meshes/SMG11/SK_SMG11_Nostock_Y_Physics.uasset" 3303
"C:/Users/jeanc/Documents/GitHub/Felix/Multiplayer/Content/FPS_Weapon_Bundle/Weapons/Meshes/SMG11/SK_SMG11_Nostock_Y_Physics.uexp" 3304
"C:/Users/jeanc/Documents/GitHub/Felix/Multiplayer/Content/FPS_Weapon_Bundle/Weapons/Meshes/SMG11/SK_SMG11_Nostock_Y_Skeleton.uasset" 3305
"C:/Users/jeanc/Documents/GitHub/Felix/Multiplayer/Content/FPS_Weapon_Bundle/Weapons/Meshes/SMG11/SK_SMG11_Nostock_Y_Skeleton.uexp" 3306
"C:/Users/jeanc/Documents/GitHub/Felix/Multiplayer/Content/FPS_Weapon_Bundle/Weapons/Meshes/SMG11/SK_SMG11_Nostock_Y.uasset" 3307
"C:/Users/jeanc/Documents/GitHub/Felix/Multiplayer/Content/FPS_Weapon_Bundle/Weapons/Meshes/SMG11/SK_SMG11_Nostock_Y.uexp" 3308
"C:/Users/jeanc/Documents/GitHub/Felix/Multiplayer/Content/FPS_Weapon_Bundle/Weapons/Meshes/AR4/SM_AR4_Mag.ubulk" 3309
"C:/Users/jeanc/Documents/GitHub/Felix/Multiplayer/Content/FPS_Weapon_Bundle/Weapons/Meshes/AR4/SM_AR4_Mag.uasset" 3310
"C:/Users/jeanc/Documents/GitHub/Felix/Multiplayer/Content/FPS_Weapon_Bundle/Weapons/Meshes/AR4/SM_AR4_Mag.uexp" 3311
"C:/Users/jeanc/Documents/GitHub/Felix/Multiplayer/Content/FPS_Weapon_Bundle/Weapons/Meshes/SMG11/SM_SMG11_Mag_X.ubulk" 3312
"C:/Users/jeanc/Documents/GitHub/Felix/Multiplayer/Content/FPS_Weapon_Bundle/Weapons/Meshes/SMG11/SM_SMG11_Mag_X.uasset" 3313
"C:/Users/jeanc/Documents/GitHub/Felix/Multiplayer/Content/FPS_Weapon_Bundle/Weapons/Meshes/SMG11/SM_SMG11_Mag_X.uexp" 3314
"C:/Users/jeanc/Documents/GitHub/Felix/Multiplayer/Content/FPS_Weapon_Bundle/Weapons/Meshes/AR4/SM_AR4_Mag_Empty.ubulk" 3315
"C:/Users/jeanc/Documents/GitHub/Felix/Multiplayer/Content/FPS_Weapon_Bundle/Weapons/Meshes/AR4/SM_AR4_Mag_Empty.uasset" 3316
"C:/Users/jeanc/Documents/GitHub/Felix/Multiplayer/Content/FPS_Weapon_Bundle/Weapons/Meshes/AR4/SM_AR4_Mag_Empty.uexp" 3317
"C:/Users/jeanc/Documents/GitHub/Felix/Multiplayer/Content/FPS_Weapon_Bundle/Weapons/Meshes/KA74U/SM_KA74U_Mag_X.ubulk" 3318
"C:/Users/jeanc/Documents/GitHub/Felix/Multiplayer/Content/FPS_Weapon_Bundle/Weapons/Meshes/KA74U/SM_KA74U_Mag_X.uasset" 3319
"C:/Users/jeanc/Documents/GitHub/Felix/Multiplayer/Content/FPS_Weapon_Bundle/Weapons/Meshes/KA74U/SM_KA74U_Mag_X.uexp" 3320
"C:/Users/jeanc/Documents/GitHub/Felix/Multiplayer/Content/FPS_Weapon_Bundle/Weapons/Meshes/KA_Val/SK_KA_Val_Y_Skeleton.uasset" 3321
"C:/Users/jeanc/Documents/GitHub/Felix/Multiplayer/Content/FPS_Weapon_Bundle/Weapons/Meshes/KA_Val/SK_KA_Val_Y_Skeleton.uexp" 3322
"C:/Users/jeanc/Documents/GitHub/Felix/Multiplayer/Content/FPS_Weapon_Bundle/Weapons/Meshes/KA_Val/SK_KA_Val_Y_Physics.uasset" 3323
"C:/Users/jeanc/Documents/GitHub/Felix/Multiplayer/Content/FPS_Weapon_Bundle/Weapons/Meshes/KA_Val/SK_KA_Val_Y_Physics.uexp" 3324
"C:/Users/jeanc/Documents/GitHub/Felix/Multiplayer/Content/FPS_Weapon_Bundle/Weapons/Meshes/KA_Val/SK_KA_Val_Y.uasset" 3325
"C:/Users/jeanc/Documents/GitHub/Felix/Multiplayer/Content/FPS_Weapon_Bundle/Weapons/Meshes/KA_Val/SK_KA_Val_Y.uexp" 3326
"C:/Users/jeanc/Documents/GitHub/Felix/Multiplayer/Content/FPS_Weapon_Bundle/Weapons/Meshes/Ammunition/SM_Shell_556x45.ubulk" 3327
"C:/Users/jeanc/Documents/GitHub/Felix/Multiplayer/Content/FPS_Weapon_Bundle/Weapons/Meshes/Ammunition/SM_Shell_556x45.uasset" 3328
"C:/Users/jeanc/Documents/GitHub/Felix/Multiplayer/Content/FPS_Weapon_Bundle/Weapons/Meshes/Ammunition/SM_Shell_556x45.uexp" 3329
"C:/Users/jeanc/Documents/GitHub/Felix/Multiplayer/Content/FPS_Weapon_Bundle/Weapons/Meshes/Ammunition/SM_Shell_12Gauge.ubulk" 3330
"C:/Users/jeanc/Documents/GitHub/Felix/Multiplayer/Content/FPS_Weapon_Bundle/Weapons/Meshes/Ammunition/SM_Shell_12Gauge.uasset" 3331
"C:/Users/jeanc/Documents/GitHub/Felix/Multiplayer/Content/FPS_Weapon_Bundle/Weapons/Meshes/Ammunition/SM_Shell_12Gauge.uexp" 3332
"C:/Users/jeanc/Documents/GitHub/Felix/Multiplayer/Content/FPS_Weapon_Bundle/Weapons/Textures/Accessories/T_Suppressor5_ALB.ubulk" 3333
"C:/Users/jeanc/Documents/GitHub/Felix/Multiplayer/Content/FPS_Weapon_Bundle/Weapons/Textures/Accessories/T_Suppressor5_ALB.uasset" 3334
"C:/Users/jeanc/Documents/GitHub/Felix/Multiplayer/Content/FPS_Weapon_Bundle/Weapons/Textures/Accessories/T_Suppressor5_ALB.uexp" 3335
"C:/Users/jeanc/Documents/GitHub/Felix/Multiplayer/Content/FPS_Weapon_Bundle/Weapons/Textures/Accessories/T_Suppressor5_NRM.ubulk" 3336
"C:/Users/jeanc/Documents/GitHub/Felix/Multiplayer/Content/FPS_Weapon_Bundle/Weapons/Textures/Accessories/T_Suppressor5_NRM.uasset" 3337
"C:/Users/jeanc/Documents/GitHub/Felix/Multiplayer/Content/FPS_Weapon_Bundle/Weapons/Textures/Accessories/T_Suppressor5_NRM.uexp" 3338
"C:/Users/jeanc/Documents/GitHub/Felix/Multiplayer/Content/FPS_Weapon_Bundle/Weapons/Textures/Accessories/T_Suppressor5_M_MSK.ubulk" 3339
"C:/Users/jeanc/Documents/GitHub/Felix/Multiplayer/Content/FPS_Weapon_Bundle/Weapons/Textures/Accessories/T_Suppressor5_M_MSK.uasset" 3340
"C:/Users/jeanc/Documents/GitHub/Felix/Multiplayer/Content/FPS_Weapon_Bundle/Weapons/Textures/Accessories/T_Suppressor5_M_MSK.uexp" 3341
"C:/Users/jeanc/Documents/GitHub/Felix/Multiplayer/Content/FPS_Weapon_Bundle/Weapons/Materials/Accessories/M_Suppressor5.uasset" 3342
"C:/Users/jeanc/Documents/GitHub/Felix/Multiplayer/Content/FPS_Weapon_Bundle/Weapons/Materials/Accessories/M_Suppressor5.uexp" 3343
"C:/Users/jeanc/Documents/GitHub/Felix/Multiplayer/Content/FPS_Weapon_Bundle/Weapons/Meshes/Accessories/SM_Suppressor5.ubulk" 3344
"C:/Users/jeanc/Documents/GitHub/Felix/Multiplayer/Content/FPS_Weapon_Bundle/Weapons/Meshes/Accessories/SM_Suppressor5.uasset" 3345
"C:/Users/jeanc/Documents/GitHub/Felix/Multiplayer/Content/FPS_Weapon_Bundle/Weapons/Meshes/Accessories/SM_Suppressor5.uexp" 3346
"C:/Users/jeanc/Documents/GitHub/Felix/Multiplayer/Content/FPS_Weapon_Bundle/Weapons/Meshes/Ammunition/SM_Shell_545x39_Empty.ubulk" 3347
"C:/Users/jeanc/Documents/GitHub/Felix/Multiplayer/Content/FPS_Weapon_Bundle/Weapons/Meshes/Ammunition/SM_Shell_545x39_Empty.uasset" 3348
"C:/Users/jeanc/Documents/GitHub/Felix/Multiplayer/Content/FPS_Weapon_Bundle/Weapons/Meshes/Ammunition/SM_Shell_545x39_Empty.uexp" 3349
"C:/Users/jeanc/Documents/GitHub/Felix/Multiplayer/Content/FPS_Weapon_Bundle/Weapons/Meshes/G67_Grenade/SK_G67_X_Skeleton.uasset" 3350
"C:/Users/jeanc/Documents/GitHub/Felix/Multiplayer/Content/FPS_Weapon_Bundle/Weapons/Meshes/G67_Grenade/SK_G67_X_Skeleton.uexp" 3351
"C:/Users/jeanc/Documents/GitHub/Felix/Multiplayer/Content/FPS_Weapon_Bundle/Weapons/Meshes/G67_Grenade/SK_G67_X_Physics.uasset" 3352
"C:/Users/jeanc/Documents/GitHub/Felix/Multiplayer/Content/FPS_Weapon_Bundle/Weapons/Meshes/G67_Grenade/SK_G67_X_Physics.uexp" 3353
"C:/Users/jeanc/Documents/GitHub/Felix/Multiplayer/Content/FPS_Weapon_Bundle/Weapons/Meshes/G67_Grenade/SK_G67_X.uasset" 3354
"C:/Users/jeanc/Documents/GitHub/Felix/Multiplayer/Content/FPS_Weapon_Bundle/Weapons/Meshes/G67_Grenade/SK_G67_X.uexp" 3355
"C:/Users/jeanc/Documents/GitHub/Felix/Multiplayer/Content/FPS_Weapon_Bundle/Weapons/Meshes/Ammunition/SM_Shell_762x51_Empty.ubulk" 3356
"C:/Users/jeanc/Documents/GitHub/Felix/Multiplayer/Content/FPS_Weapon_Bundle/Weapons/Meshes/Ammunition/SM_Shell_762x51_Empty.uasset" 3357
"C:/Users/jeanc/Documents/GitHub/Felix/Multiplayer/Content/FPS_Weapon_Bundle/Weapons/Meshes/Ammunition/SM_Shell_762x51_Empty.uexp" 3358
"C:/Users/jeanc/Documents/GitHub/Felix/Multiplayer/Content/FPS_Weapon_Bundle/Weapons/Meshes/Ka47/SM_KA47_Mag_Empty.ubulk" 3359
"C:/Users/jeanc/Documents/GitHub/Felix/Multiplayer/Content/FPS_Weapon_Bundle/Weapons/Meshes/Ka47/SM_KA47_Mag_Empty.uasset" 3360
"C:/Users/jeanc/Documents/GitHub/Felix/Multiplayer/Content/FPS_Weapon_Bundle/Weapons/Meshes/Ka47/SM_KA47_Mag_Empty.uexp" 3361
"C:/Users/jeanc/Documents/GitHub/Felix/Multiplayer/Content/FPS_Weapon_Bundle/Weapons/Meshes/AR4/SK_AR4_Physics.uasset" 3362
"C:/Users/jeanc/Documents/GitHub/Felix/Multiplayer/Content/FPS_Weapon_Bundle/Weapons/Meshes/AR4/SK_AR4_Physics.uexp" 3363
"C:/Users/jeanc/Documents/GitHub/Felix/Multiplayer/Content/FPS_Weapon_Bundle/Weapons/Meshes/AR4/SK_AR4_Skeleton.uasset" 3364
"C:/Users/jeanc/Documents/GitHub/Felix/Multiplayer/Content/FPS_Weapon_Bundle/Weapons/Meshes/AR4/SK_AR4_Skeleton.uexp" 3365
"C:/Users/jeanc/Documents/GitHub/Felix/Multiplayer/Content/FPS_Weapon_Bundle/Weapons/Meshes/AR4/SK_AR4.uasset" 3366
"C:/Users/jeanc/Documents/GitHub/Felix/Multiplayer/Content/FPS_Weapon_Bundle/Weapons/Meshes/AR4/SK_AR4.uexp" 3367
"C:/Users/jeanc/Documents/GitHub/Felix/Multiplayer/Content/FPS_Weapon_Bundle/Weapons/Meshes/M9_Knife/SK_M9_Knife_X_Physics.uasset" 3368
"C:/Users/jeanc/Documents/GitHub/Felix/Multiplayer/Content/FPS_Weapon_Bundle/Weapons/Meshes/M9_Knife/SK_M9_Knife_X_Physics.uexp" 3369
"C:/Users/jeanc/Documents/GitHub/Felix/Multiplayer/Content/FPS_Weapon_Bundle/Weapons/Meshes/M9_Knife/SK_M9_Knife_X_Skeleton.uasset" 3370
"C:/Users/jeanc/Documents/GitHub/Felix/Multiplayer/Content/FPS_Weapon_Bundle/Weapons/Meshes/M9_Knife/SK_M9_Knife_X_Skeleton.uexp" 3371
"C:/Users/jeanc/Documents/GitHub/Felix/Multiplayer/Content/FPS_Weapon_Bundle/Weapons/Meshes/M9_Knife/SK_M9_Knife_X.uasset" 3372
"C:/Users/jeanc/Documents/GitHub/Felix/Multiplayer/Content/FPS_Weapon_Bundle/Weapons/Meshes/M9_Knife/SK_M9_Knife_X.uexp" 3373
"C:/Users/jeanc/Documents/GitHub/Felix/Multiplayer/Content/FPS_Weapon_Bundle/Weapons/Meshes/KA_Val/SM_KA_Val_Mag_Y.ubulk" 3374
"C:/Users/jeanc/Documents/GitHub/Felix/Multiplayer/Content/FPS_Weapon_Bundle/Weapons/Meshes/KA_Val/SM_KA_Val_Mag_Y.uasset" 3375
"C:/Users/jeanc/Documents/GitHub/Felix/Multiplayer/Content/FPS_Weapon_Bundle/Weapons/Meshes/KA_Val/SM_KA_Val_Mag_Y.uexp" 3376
"C:/Users/jeanc/Documents/GitHub/Felix/Multiplayer/Content/FPS_Weapon_Bundle/Weapons/Meshes/Ammunition/SM_Shell_12Gauge_Empty.ubulk" 3377
"C:/Users/jeanc/Documents/GitHub/Felix/Multiplayer/Content/FPS_Weapon_Bundle/Weapons/Meshes/Ammunition/SM_Shell_12Gauge_Empty.uasset" 3378
"C:/Users/jeanc/Documents/GitHub/Felix/Multiplayer/Content/FPS_Weapon_Bundle/Weapons/Meshes/Ammunition/SM_Shell_12Gauge_Empty.uexp" 3379
"C:/Users/jeanc/Documents/GitHub/Felix/Multiplayer/Content/FPS_Weapon_Bundle/Weapons/Textures/Ammunition/T_40mm_Grenade_M_MSK.ubulk" 3380
"C:/Users/jeanc/Documents/GitHub/Felix/Multiplayer/Content/FPS_Weapon_Bundle/Weapons/Textures/Ammunition/T_40mm_Grenade_M_MSK.uasset" 3381
"C:/Users/jeanc/Documents/GitHub/Felix/Multiplayer/Content/FPS_Weapon_Bundle/Weapons/Textures/Ammunition/T_40mm_Grenade_M_MSK.uexp" 3382
"C:/Users/jeanc/Documents/GitHub/Felix/Multiplayer/Content/FPS_Weapon_Bundle/Weapons/Textures/Ammunition/T_40mm_Grenade_ALB.ubulk" 3383
"C:/Users/jeanc/Documents/GitHub/Felix/Multiplayer/Content/FPS_Weapon_Bundle/Weapons/Textures/Ammunition/T_40mm_Grenade_ALB.uasset" 3384
"C:/Users/jeanc/Documents/GitHub/Felix/Multiplayer/Content/FPS_Weapon_Bundle/Weapons/Textures/Ammunition/T_40mm_Grenade_ALB.uexp" 3385
"C:/Users/jeanc/Documents/GitHub/Felix/Multiplayer/Content/FPS_Weapon_Bundle/Weapons/Textures/Ammunition/T_40mm_Grenade_NRM.ubulk" 3386
"C:/Users/jeanc/Documents/GitHub/Felix/Multiplayer/Content/FPS_Weapon_Bundle/Weapons/Textures/Ammunition/T_40mm_Grenade_NRM.uasset" 3387
"C:/Users/jeanc/Documents/GitHub/Felix/Multiplayer/Content/FPS_Weapon_Bundle/Weapons/Textures/Ammunition/T_40mm_Grenade_NRM.uexp" 3388
"C:/Users/jeanc/Documents/GitHub/Felix/Multiplayer/Content/FPS_Weapon_Bundle/Weapons/Materials/Ammunition/M_40mm_Grenade.uasset" 3389
"C:/Users/jeanc/Documents/GitHub/Felix/Multiplayer/Content/FPS_Weapon_Bundle/Weapons/Materials/Ammunition/M_40mm_Grenade.uexp" 3390
"C:/Users/jeanc/Documents/GitHub/Felix/Multiplayer/Content/FPS_Weapon_Bundle/Weapons/Meshes/Ammunition/SM_Shell_40mm_G_Empty.ubulk" 3391
"C:/Users/jeanc/Documents/GitHub/Felix/Multiplayer/Content/FPS_Weapon_Bundle/Weapons/Meshes/Ammunition/SM_Shell_40mm_G_Empty.uasset" 3392
"C:/Users/jeanc/Documents/GitHub/Felix/Multiplayer/Content/FPS_Weapon_Bundle/Weapons/Meshes/Ammunition/SM_Shell_40mm_G_Empty.uexp" 3393
"C:/Users/jeanc/Documents/GitHub/Felix/Multiplayer/Content/FPS_Weapon_Bundle/Weapons/Textures/Ammunition/T_9x18_M_MSK.ubulk" 3394
"C:/Users/jeanc/Documents/GitHub/Felix/Multiplayer/Content/FPS_Weapon_Bundle/Weapons/Textures/Ammunition/T_9x18_M_MSK.uasset" 3395
"C:/Users/jeanc/Documents/GitHub/Felix/Multiplayer/Content/FPS_Weapon_Bundle/Weapons/Textures/Ammunition/T_9x18_M_MSK.uexp" 3396
"C:/Users/jeanc/Documents/GitHub/Felix/Multiplayer/Content/FPS_Weapon_Bundle/Weapons/Textures/Ammunition/T_9x18_NRM.ubulk" 3397
"C:/Users/jeanc/Documents/GitHub/Felix/Multiplayer/Content/FPS_Weapon_Bundle/Weapons/Textures/Ammunition/T_9x18_NRM.uasset" 3398
"C:/Users/jeanc/Documents/GitHub/Felix/Multiplayer/Content/FPS_Weapon_Bundle/Weapons/Textures/Ammunition/T_9x18_NRM.uexp" 3399
"C:/Users/jeanc/Documents/GitHub/Felix/Multiplayer/Content/FPS_Weapon_Bundle/Weapons/Textures/Ammunition/T_9x18_ALB.ubulk" 3400
"C:/Users/jeanc/Documents/GitHub/Felix/Multiplayer/Content/FPS_Weapon_Bundle/Weapons/Textures/Ammunition/T_9x18_ALB.uasset" 3401
"C:/Users/jeanc/Documents/GitHub/Felix/Multiplayer/Content/FPS_Weapon_Bundle/Weapons/Textures/Ammunition/T_9x18_ALB.uexp" 3402
"C:/Users/jeanc/Documents/GitHub/Felix/Multiplayer/Content/FPS_Weapon_Bundle/Weapons/Materials/Ammunition/M_9x18.uasset" 3403
"C:/Users/jeanc/Documents/GitHub/Felix/Multiplayer/Content/FPS_Weapon_Bundle/Weapons/Materials/Ammunition/M_9x18.uexp" 3404
"C:/Users/jeanc/Documents/GitHub/Felix/Multiplayer/Content/FPS_Weapon_Bundle/Weapons/Meshes/Ammunition/SM_Shell_9x18.ubulk" 3405
"C:/Users/jeanc/Documents/GitHub/Felix/Multiplayer/Content/FPS_Weapon_Bundle/Weapons/Meshes/Ammunition/SM_Shell_9x18.uasset" 3406
"C:/Users/jeanc/Documents/GitHub/Felix/Multiplayer/Content/FPS_Weapon_Bundle/Weapons/Meshes/Ammunition/SM_Shell_9x18.uexp" 3407
"C:/Users/jeanc/Documents/GitHub/Felix/Multiplayer/Content/FPS_Weapon_Bundle/Weapons/Meshes/Ammunition/SM_Shell_9mm.ubulk" 3408
"C:/Users/jeanc/Documents/GitHub/Felix/Multiplayer/Content/FPS_Weapon_Bundle/Weapons/Meshes/Ammunition/SM_Shell_9mm.uasset" 3409
"C:/Users/jeanc/Documents/GitHub/Felix/Multiplayer/Content/FPS_Weapon_Bundle/Weapons/Meshes/Ammunition/SM_Shell_9mm.uexp" 3410
"C:/Users/jeanc/Documents/GitHub/Felix/Multiplayer/Content/FPS_Weapon_Bundle/Weapons/Textures/Accessories/T_Tc4_M_MSK.ubulk" 3411
"C:/Users/jeanc/Documents/GitHub/Felix/Multiplayer/Content/FPS_Weapon_Bundle/Weapons/Textures/Accessories/T_Tc4_M_MSK.uasset" 3412
"C:/Users/jeanc/Documents/GitHub/Felix/Multiplayer/Content/FPS_Weapon_Bundle/Weapons/Textures/Accessories/T_Tc4_M_MSK.uexp" 3413
"C:/Users/jeanc/Documents/GitHub/Felix/Multiplayer/Content/FPS_Weapon_Bundle/Weapons/Textures/Accessories/T_Tc4_ALB.ubulk" 3414
"C:/Users/jeanc/Documents/GitHub/Felix/Multiplayer/Content/FPS_Weapon_Bundle/Weapons/Textures/Accessories/T_Tc4_ALB.uasset" 3415
"C:/Users/jeanc/Documents/GitHub/Felix/Multiplayer/Content/FPS_Weapon_Bundle/Weapons/Textures/Accessories/T_Tc4_ALB.uexp" 3416
"C:/Users/jeanc/Documents/GitHub/Felix/Multiplayer/Content/FPS_Weapon_Bundle/Weapons/Textures/Accessories/T_Tc4_NRM.ubulk" 3417
"C:/Users/jeanc/Documents/GitHub/Felix/Multiplayer/Content/FPS_Weapon_Bundle/Weapons/Textures/Accessories/T_Tc4_NRM.uasset" 3418
"C:/Users/jeanc/Documents/GitHub/Felix/Multiplayer/Content/FPS_Weapon_Bundle/Weapons/Textures/Accessories/T_Tc4_NRM.uexp" 3419
"C:/Users/jeanc/Documents/GitHub/Felix/Multiplayer/Content/FPS_Weapon_Bundle/Weapons/Materials/Accessories/M_Tc4_Sight.uasset" 3420
"C:/Users/jeanc/Documents/GitHub/Felix/Multiplayer/Content/FPS_Weapon_Bundle/Weapons/Materials/Accessories/M_Tc4_Sight.uexp" 3421
"C:/Users/jeanc/Documents/GitHub/Felix/Multiplayer/Content/FPS_Weapon_Bundle/Weapons/Materials/RDS/M_RDS_Glass.uasset" 3422
"C:/Users/jeanc/Documents/GitHub/Felix/Multiplayer/Content/FPS_Weapon_Bundle/Weapons/Materials/RDS/M_RDS_Glass.uexp" 3423
"C:/Users/jeanc/Documents/GitHub/Felix/Multiplayer/Content/FPS_Weapon_Bundle/Weapons/Meshes/Accessories/SM_T4_Sight.ubulk" 3424
"C:/Users/jeanc/Documents/GitHub/Felix/Multiplayer/Content/FPS_Weapon_Bundle/Weapons/Meshes/Accessories/SM_T4_Sight.uasset" 3425
"C:/Users/jeanc/Documents/GitHub/Felix/Multiplayer/Content/FPS_Weapon_Bundle/Weapons/Meshes/Accessories/SM_T4_Sight.uexp" 3426
"C:/Users/jeanc/Documents/GitHub/Felix/Multiplayer/Content/FPS_Weapon_Bundle/Weapons/Meshes/SMG11/SK_SMG11_Y_Physics.uasset" 3427
"C:/Users/jeanc/Documents/GitHub/Felix/Multiplayer/Content/FPS_Weapon_Bundle/Weapons/Meshes/SMG11/SK_SMG11_Y_Physics.uexp" 3428
"C:/Users/jeanc/Documents/GitHub/Felix/Multiplayer/Content/FPS_Weapon_Bundle/Weapons/Meshes/SMG11/SK_SMG11_Y_Skeleton.uasset" 3429
"C:/Users/jeanc/Documents/GitHub/Felix/Multiplayer/Content/FPS_Weapon_Bundle/Weapons/Meshes/SMG11/SK_SMG11_Y_Skeleton.uexp" 3430
"C:/Users/jeanc/Documents/GitHub/Felix/Multiplayer/Content/FPS_Weapon_Bundle/Weapons/Meshes/SMG11/SK_SMG11_Y.uasset" 3431
"C:/Users/jeanc/Documents/GitHub/Felix/Multiplayer/Content/FPS_Weapon_Bundle/Weapons/Meshes/SMG11/SK_SMG11_Y.uexp" 3432
"C:/Users/jeanc/Documents/GitHub/Felix/Multiplayer/Content/FPS_Weapon_Bundle/Weapons/Meshes/KA74U/SK_KA74U_Y_Skeleton.uasset" 3433
"C:/Users/jeanc/Documents/GitHub/Felix/Multiplayer/Content/FPS_Weapon_Bundle/Weapons/Meshes/KA74U/SK_KA74U_Y_Skeleton.uexp" 3434
"C:/Users/jeanc/Documents/GitHub/Felix/Multiplayer/Content/FPS_Weapon_Bundle/Weapons/Meshes/KA74U/SK_KA74U_Y_Physics.uasset" 3435
"C:/Users/jeanc/Documents/GitHub/Felix/Multiplayer/Content/FPS_Weapon_Bundle/Weapons/Meshes/KA74U/SK_KA74U_Y_Physics.uexp" 3436
"C:/Users/jeanc/Documents/GitHub/Felix/Multiplayer/Content/FPS_Weapon_Bundle/Weapons/Meshes/KA74U/SK_KA74U_Y.uasset" 3437
"C:/Users/jeanc/Documents/GitHub/Felix/Multiplayer/Content/FPS_Weapon_Bundle/Weapons/Meshes/KA74U/SK_KA74U_Y.uexp" 3438
"C:/Users/jeanc/Documents/GitHub/Felix/Multiplayer/Content/FPS_Weapon_Bundle/Weapons/Meshes/Ammunition/SM_Shell_762x39_Empty.ubulk" 3439
"C:/Users/jeanc/Documents/GitHub/Felix/Multiplayer/Content/FPS_Weapon_Bundle/Weapons/Meshes/Ammunition/SM_Shell_762x39_Empty.uasset" 3440
"C:/Users/jeanc/Documents/GitHub/Felix/Multiplayer/Content/FPS_Weapon_Bundle/Weapons/Meshes/Ammunition/SM_Shell_762x39_Empty.uexp" 3441
"C:/Users/jeanc/Documents/GitHub/Felix/Multiplayer/Content/FPS_Weapon_Bundle/Weapons/Meshes/SMG11/SM_SMG11_Mag_Empty_X.ubulk" 3442
"C:/Users/jeanc/Documents/GitHub/Felix/Multiplayer/Content/FPS_Weapon_Bundle/Weapons/Meshes/SMG11/SM_SMG11_Mag_Empty_X.uasset" 3443
"C:/Users/jeanc/Documents/GitHub/Felix/Multiplayer/Content/FPS_Weapon_Bundle/Weapons/Meshes/SMG11/SM_SMG11_Mag_Empty_X.uexp" 3444
"C:/Users/jeanc/Documents/GitHub/Felix/Multiplayer/Content/FPS_Weapon_Bundle/Weapons/Meshes/Ammunition/SM_Shell_762x51.ubulk" 3445
"C:/Users/jeanc/Documents/GitHub/Felix/Multiplayer/Content/FPS_Weapon_Bundle/Weapons/Meshes/Ammunition/SM_Shell_762x51.uasset" 3446
"C:/Users/jeanc/Documents/GitHub/Felix/Multiplayer/Content/FPS_Weapon_Bundle/Weapons/Meshes/Ammunition/SM_Shell_762x51.uexp" 3447
"C:/Users/jeanc/Documents/GitHub/Felix/Multiplayer/Content/FPS_Weapon_Bundle/Weapons/Meshes/KA_Val/SM_KA_Val_MAG_Loaded_Y.ubulk" 3448
"C:/Users/jeanc/Documents/GitHub/Felix/Multiplayer/Content/FPS_Weapon_Bundle/Weapons/Meshes/KA_Val/SM_KA_Val_MAG_Loaded_Y.uasset" 3449
"C:/Users/jeanc/Documents/GitHub/Felix/Multiplayer/Content/FPS_Weapon_Bundle/Weapons/Meshes/KA_Val/SM_KA_Val_MAG_Loaded_Y.uexp" 3450
"C:/Users/jeanc/Documents/GitHub/Felix/Multiplayer/Content/FPS_Weapon_Bundle/Weapons/Meshes/Ammunition/SM_Shell_9x18_Empty.ubulk" 3451
"C:/Users/jeanc/Documents/GitHub/Felix/Multiplayer/Content/FPS_Weapon_Bundle/Weapons/Meshes/Ammunition/SM_Shell_9x18_Empty.uasset" 3452
"C:/Users/jeanc/Documents/GitHub/Felix/Multiplayer/Content/FPS_Weapon_Bundle/Weapons/Meshes/Ammunition/SM_Shell_9x18_Empty.uexp" 3453
"C:/Users/jeanc/Documents/GitHub/Felix/Multiplayer/Content/FPS_Weapon_Bundle/Weapons/Meshes/Ammunition/SM_Shell_40mm_G.ubulk" 3454
"C:/Users/jeanc/Documents/GitHub/Felix/Multiplayer/Content/FPS_Weapon_Bundle/Weapons/Meshes/Ammunition/SM_Shell_40mm_G.uasset" 3455
"C:/Users/jeanc/Documents/GitHub/Felix/Multiplayer/Content/FPS_Weapon_Bundle/Weapons/Meshes/Ammunition/SM_Shell_40mm_G.uexp" 3456
"C:/Users/jeanc/Documents/GitHub/Felix/Multiplayer/Content/FPS_Weapon_Bundle/Weapons/Meshes/Accessories/SM_Vertgrip.ubulk" 3457
"C:/Users/jeanc/Documents/GitHub/Felix/Multiplayer/Content/FPS_Weapon_Bundle/Weapons/Meshes/Accessories/SM_Vertgrip.uasset" 3458
"C:/Users/jeanc/Documents/GitHub/Felix/Multiplayer/Content/FPS_Weapon_Bundle/Weapons/Meshes/Accessories/SM_Vertgrip.uexp" 3459
"C:/Users/jeanc/Documents/GitHub/Felix/Multiplayer/Content/FPS_Weapon_Bundle/Weapons/Textures/Ammunition/T_45ap_M_MSK.ubulk" 3460
"C:/Users/jeanc/Documents/GitHub/Felix/Multiplayer/Content/FPS_Weapon_Bundle/Weapons/Textures/Ammunition/T_45ap_M_MSK.uasset" 3461
"C:/Users/jeanc/Documents/GitHub/Felix/Multiplayer/Content/FPS_Weapon_Bundle/Weapons/Textures/Ammunition/T_45ap_M_MSK.uexp" 3462
"C:/Users/jeanc/Documents/GitHub/Felix/Multiplayer/Content/FPS_Weapon_Bundle/Weapons/Textures/Ammunition/T_45ap_ALB.ubulk" 3463
"C:/Users/jeanc/Documents/GitHub/Felix/Multiplayer/Content/FPS_Weapon_Bundle/Weapons/Textures/Ammunition/T_45ap_ALB.uasset" 3464
"C:/Users/jeanc/Documents/GitHub/Felix/Multiplayer/Content/FPS_Weapon_Bundle/Weapons/Textures/Ammunition/T_45ap_ALB.uexp" 3465
"C:/Users/jeanc/Documents/GitHub/Felix/Multiplayer/Content/FPS_Weapon_Bundle/Weapons/Textures/Ammunition/T_45ap_NRM.ubulk" 3466
"C:/Users/jeanc/Documents/GitHub/Felix/Multiplayer/Content/FPS_Weapon_Bundle/Weapons/Textures/Ammunition/T_45ap_NRM.uasset" 3467
"C:/Users/jeanc/Documents/GitHub/Felix/Multiplayer/Content/FPS_Weapon_Bundle/Weapons/Textures/Ammunition/T_45ap_NRM.uexp" 3468
"C:/Users/jeanc/Documents/GitHub/Felix/Multiplayer/Content/FPS_Weapon_Bundle/Weapons/Materials/Ammunition/M_45ap.uasset" 3469
"C:/Users/jeanc/Documents/GitHub/Felix/Multiplayer/Content/FPS_Weapon_Bundle/Weapons/Materials/Ammunition/M_45ap.uexp" 3470
"C:/Users/jeanc/Documents/GitHub/Felix/Multiplayer/Content/FPS_Weapon_Bundle/Weapons/Meshes/Ammunition/SM_Shell_45ap_Empty.ubulk" 3471
"C:/Users/jeanc/Documents/GitHub/Felix/Multiplayer/Content/FPS_Weapon_Bundle/Weapons/Meshes/Ammunition/SM_Shell_45ap_Empty.uasset" 3472
"C:/Users/jeanc/Documents/GitHub/Felix/Multiplayer/Content/FPS_Weapon_Bundle/Weapons/Meshes/Ammunition/SM_Shell_45ap_Empty.uexp" 3473
"C:/Users/jeanc/Documents/GitHub/Felix/Multiplayer/Content/FPS_Weapon_Bundle/Weapons/Materials/Accessories/M_Scope_25x56_Lens_NoAlpha.uasset" 3474
"C:/Users/jeanc/Documents/GitHub/Felix/Multiplayer/Content/FPS_Weapon_Bundle/Weapons/Materials/Accessories/M_Scope_25x56_Lens_NoAlpha.uexp" 3475
"C:/Users/jeanc/Documents/GitHub/Felix/Multiplayer/Content/FPS_Weapon_Bundle/Weapons/Meshes/Accessories/SM_Scope_25x56_Y.ubulk" 3476
"C:/Users/jeanc/Documents/GitHub/Felix/Multiplayer/Content/FPS_Weapon_Bundle/Weapons/Meshes/Accessories/SM_Scope_25x56_Y.uasset" 3477
"C:/Users/jeanc/Documents/GitHub/Felix/Multiplayer/Content/FPS_Weapon_Bundle/Weapons/Meshes/Accessories/SM_Scope_25x56_Y.uexp" 3478
"C:/Users/jeanc/Documents/GitHub/Felix/Multiplayer/Content/FPS_Weapon_Bundle/Weapons/Meshes/KA74U/SM_KA74U_Mag_Empty_X.ubulk" 3479
"C:/Users/jeanc/Documents/GitHub/Felix/Multiplayer/Content/FPS_Weapon_Bundle/Weapons/Meshes/KA74U/SM_KA74U_Mag_Empty_X.uasset" 3480
"C:/Users/jeanc/Documents/GitHub/Felix/Multiplayer/Content/FPS_Weapon_Bundle/Weapons/Meshes/KA74U/SM_KA74U_Mag_Empty_X.uexp" 3481
"C:/Users/jeanc/Documents/GitHub/Felix/Multiplayer/Content/FPS_Weapon_Bundle/Weapons/Meshes/Ammunition/SM_Shell_9mm_Empty.ubulk" 3482
"C:/Users/jeanc/Documents/GitHub/Felix/Multiplayer/Content/FPS_Weapon_Bundle/Weapons/Meshes/Ammunition/SM_Shell_9mm_Empty.uasset" 3483
"C:/Users/jeanc/Documents/GitHub/Felix/Multiplayer/Content/FPS_Weapon_Bundle/Weapons/Meshes/Ammunition/SM_Shell_9mm_Empty.uexp" 3484
"../../../Engine/Content/TemplateResources/M_Template_Master.uasset" 3485
"../../../Engine/Content/TemplateResources/M_Template_Master.uexp" 3486
"../../../Engine/Content/TemplateResources/MI_Template_BaseGray_03_Metal.uasset" 3487
"../../../Engine/Content/TemplateResources/MI_Template_BaseGray_03_Metal.uexp" 3488
"C:/Users/jeanc/Documents/GitHub/Felix/Multiplayer/Content/FPS_Weapon_Bundle/Weapons/Meshes/Ka47/SM_KA47_Mag.ubulk" 3489
"C:/Users/jeanc/Documents/GitHub/Felix/Multiplayer/Content/FPS_Weapon_Bundle/Weapons/Meshes/Ka47/SM_KA47_Mag.uasset" 3490
"C:/Users/jeanc/Documents/GitHub/Felix/Multiplayer/Content/FPS_Weapon_Bundle/Weapons/Meshes/Ka47/SM_KA47_Mag.uexp" 3491
"C:/Users/jeanc/Documents/GitHub/Felix/Multiplayer/Content/FPS_Weapon_Bundle/Weapons/Meshes/Ka47/SK_KA47_Skeleton.uasset" 3492
"C:/Users/jeanc/Documents/GitHub/Felix/Multiplayer/Content/FPS_Weapon_Bundle/Weapons/Meshes/Ka47/SK_KA47_Skeleton.uexp" 3493
"C:/Users/jeanc/Documents/GitHub/Felix/Multiplayer/Content/FPS_Weapon_Bundle/Weapons/Meshes/Ka47/SK_KA47_Physics.uasset" 3494
"C:/Users/jeanc/Documents/GitHub/Felix/Multiplayer/Content/FPS_Weapon_Bundle/Weapons/Meshes/Ka47/SK_KA47_Physics.uexp" 3495
"C:/Users/jeanc/Documents/GitHub/Felix/Multiplayer/Content/FPS_Weapon_Bundle/Weapons/Meshes/Ka47/SK_KA47.uasset" 3496
"C:/Users/jeanc/Documents/GitHub/Felix/Multiplayer/Content/FPS_Weapon_Bundle/Weapons/Meshes/Ka47/SK_KA47.uexp" 3497
"C:/Users/jeanc/Documents/GitHub/Felix/Multiplayer/Content/FPS_Weapon_Bundle/Weapons/Meshes/Ammunition/SM_Shell_556x45_Empty.ubulk" 3498
"C:/Users/jeanc/Documents/GitHub/Felix/Multiplayer/Content/FPS_Weapon_Bundle/Weapons/Meshes/Ammunition/SM_Shell_556x45_Empty.uasset" 3499
"C:/Users/jeanc/Documents/GitHub/Felix/Multiplayer/Content/FPS_Weapon_Bundle/Weapons/Meshes/Ammunition/SM_Shell_556x45_Empty.uexp" 3500
"C:/Users/jeanc/Documents/GitHub/Felix/Multiplayer/Content/FPS_Weapon_Bundle/Weapons/Meshes/Ammunition/SM_Shell_762x39.ubulk" 3501
"C:/Users/jeanc/Documents/GitHub/Felix/Multiplayer/Content/FPS_Weapon_Bundle/Weapons/Meshes/Ammunition/SM_Shell_762x39.uasset" 3502
"C:/Users/jeanc/Documents/GitHub/Felix/Multiplayer/Content/FPS_Weapon_Bundle/Weapons/Meshes/Ammunition/SM_Shell_762x39.uexp" 3503
"C:/Users/jeanc/Documents/GitHub/Felix/Multiplayer/Content/FPS_Weapon_Bundle/Weapons/Meshes/Ammunition/SM_Shell_45ap.ubulk" 3504
"C:/Users/jeanc/Documents/GitHub/Felix/Multiplayer/Content/FPS_Weapon_Bundle/Weapons/Meshes/Ammunition/SM_Shell_45ap.uasset" 3505
"C:/Users/jeanc/Documents/GitHub/Felix/Multiplayer/Content/FPS_Weapon_Bundle/Weapons/Meshes/Ammunition/SM_Shell_45ap.uexp" 3506
"C:/Users/jeanc/Documents/GitHub/Felix/Multiplayer/Content/FPS_Weapon_Bundle/Weapons/Meshes/Ammunition/SM_Shell_545x39.ubulk" 3507
"C:/Users/jeanc/Documents/GitHub/Felix/Multiplayer/Content/FPS_Weapon_Bundle/Weapons/Meshes/Ammunition/SM_Shell_545x39.uasset" 3508
"C:/Users/jeanc/Documents/GitHub/Felix/Multiplayer/Content/FPS_Weapon_Bundle/Weapons/Meshes/Ammunition/SM_Shell_545x39.uexp" 3509
"C:/Users/jeanc/Documents/GitHub/Felix/Multiplayer/Content/FPS_Weapon_Bundle/Maps/Weapons_Showcase.uexp" 3510
"C:/Users/jeanc/Documents/GitHub/Felix/Multiplayer/Content/FPS_Weapon_Bundle/Maps/Weapons_Showcase.ubulk" 3511
"C:/Users/jeanc/Documents/GitHub/Felix/Multiplayer/Content/FPS_Weapon_Bundle/Maps/Weapons_Showcase.umap" 3512
"C:/Users/jeanc/Documents/GitHub/Felix/Multiplayer/Content/Vefects/Easy_Shockwaves_VFX/Shared/Meshes/SM_VFX_Cyl_In_Out_Floor_Depth_02.ubulk" 3513
"C:/Users/jeanc/Documents/GitHub/Felix/Multiplayer/Content/Vefects/Easy_Shockwaves_VFX/Shared/Meshes/SM_VFX_Cyl_In_Out_Floor_Depth_02.uasset" 3514
"C:/Users/jeanc/Documents/GitHub/Felix/Multiplayer/Content/Vefects/Easy_Shockwaves_VFX/Shared/Meshes/SM_VFX_Cyl_In_Out_Floor_Depth_02.uexp" 3515
"C:/Users/jeanc/Documents/GitHub/Felix/Multiplayer/Content/Vefects/Easy_Shockwaves_VFX/Shared/Textures/T_VFX_Easy_Shockwaves_Linear_Mask_01.ubulk" 3516
"C:/Users/jeanc/Documents/GitHub/Felix/Multiplayer/Content/Vefects/Easy_Shockwaves_VFX/Shared/Textures/T_VFX_Easy_Shockwaves_Linear_Mask_01.uasset" 3517
"C:/Users/jeanc/Documents/GitHub/Felix/Multiplayer/Content/Vefects/Easy_Shockwaves_VFX/Shared/Textures/T_VFX_Easy_Shockwaves_Linear_Mask_01.uexp" 3518
"C:/Users/jeanc/Documents/GitHub/Felix/Multiplayer/Content/Vefects/Easy_Shockwaves_VFX/VFX/Shockwaves/Materials/MI_VFX_Shockwave_01.uasset" 3519
"C:/Users/jeanc/Documents/GitHub/Felix/Multiplayer/Content/Vefects/Easy_Shockwaves_VFX/VFX/Shockwaves/Materials/MI_VFX_Shockwave_01.uexp" 3520
"C:/Users/jeanc/Documents/GitHub/Felix/Multiplayer/Content/Vefects/Easy_Shockwaves_VFX/VFX/Shockwaves/Materials/MI_VFX_Shockwave_01_Additive.uasset" 3521
"C:/Users/jeanc/Documents/GitHub/Felix/Multiplayer/Content/Vefects/Easy_Shockwaves_VFX/VFX/Shockwaves/Materials/MI_VFX_Shockwave_01_Additive.uexp" 3522
"C:/Users/jeanc/Documents/GitHub/Felix/Multiplayer/Content/Vefects/Easy_Shockwaves_VFX/VFX/Shockwaves/Particles/Color_Variation/VFX_Shockwave_Vertical_01_Lavender_Small_1s.uasset" 3523
"C:/Users/jeanc/Documents/GitHub/Felix/Multiplayer/Content/Vefects/Easy_Shockwaves_VFX/VFX/Shockwaves/Particles/Color_Variation/VFX_Shockwave_Vertical_01_Lavender_Small_1s.uexp" 3524
"C:/Users/jeanc/Documents/GitHub/Felix/Multiplayer/Content/Vefects/Easy_Shockwaves_VFX/Shared/Meshes/SM_VFX_In_Out_Cyl_01.ubulk" 3525
"C:/Users/jeanc/Documents/GitHub/Felix/Multiplayer/Content/Vefects/Easy_Shockwaves_VFX/Shared/Meshes/SM_VFX_In_Out_Cyl_01.uasset" 3526
"C:/Users/jeanc/Documents/GitHub/Felix/Multiplayer/Content/Vefects/Easy_Shockwaves_VFX/Shared/Meshes/SM_VFX_In_Out_Cyl_01.uexp" 3527
"C:/Users/jeanc/Documents/GitHub/Felix/Multiplayer/Content/Vefects/Easy_Shockwaves_VFX/VFX/Shockwaves/Particles/Color_Variation/VFX_Shockwave_01_Orange_1s.uasset" 3528
"C:/Users/jeanc/Documents/GitHub/Felix/Multiplayer/Content/Vefects/Easy_Shockwaves_VFX/VFX/Shockwaves/Particles/Color_Variation/VFX_Shockwave_01_Orange_1s.uexp" 3529
"C:/Users/jeanc/Documents/GitHub/Felix/Multiplayer/Content/Vefects/Easy_Shockwaves_VFX/VFX/Shockwaves/Materials/MI_VFX_Shockwave_01_RGB_Pow.uasset" 3530
"C:/Users/jeanc/Documents/GitHub/Felix/Multiplayer/Content/Vefects/Easy_Shockwaves_VFX/VFX/Shockwaves/Materials/MI_VFX_Shockwave_01_RGB_Pow.uexp" 3531
"C:/Users/jeanc/Documents/GitHub/Felix/Multiplayer/Content/Vefects/Easy_Shockwaves_VFX/VFX/Shockwaves/Materials/MI_VFX_Shockwave_01_Additive_RGB_Pow.uasset" 3532
"C:/Users/jeanc/Documents/GitHub/Felix/Multiplayer/Content/Vefects/Easy_Shockwaves_VFX/VFX/Shockwaves/Materials/MI_VFX_Shockwave_01_Additive_RGB_Pow.uexp" 3533
"C:/Users/jeanc/Documents/GitHub/Felix/Multiplayer/Content/Vefects/Easy_Shockwaves_VFX/VFX/Shockwaves/Particles/RGB/VFX_Shockwave_01_RGB_Big_1s.uasset" 3534
"C:/Users/jeanc/Documents/GitHub/Felix/Multiplayer/Content/Vefects/Easy_Shockwaves_VFX/VFX/Shockwaves/Particles/RGB/VFX_Shockwave_01_RGB_Big_1s.uexp" 3535
"C:/Users/jeanc/Documents/GitHub/Felix/Multiplayer/Content/Vefects/Easy_Shockwaves_VFX/VFX/Shockwaves/Materials/MI_VFX_Shockwave_02_Additive.uasset" 3536
"C:/Users/jeanc/Documents/GitHub/Felix/Multiplayer/Content/Vefects/Easy_Shockwaves_VFX/VFX/Shockwaves/Materials/MI_VFX_Shockwave_02_Additive.uexp" 3537
"C:/Users/jeanc/Documents/GitHub/Felix/Multiplayer/Content/Vefects/Easy_Shockwaves_VFX/VFX/Shockwaves/Materials/MI_VFX_Shockwave_02.uasset" 3538
"C:/Users/jeanc/Documents/GitHub/Felix/Multiplayer/Content/Vefects/Easy_Shockwaves_VFX/VFX/Shockwaves/Materials/MI_VFX_Shockwave_02.uexp" 3539
"C:/Users/jeanc/Documents/GitHub/Felix/Multiplayer/Content/Vefects/Easy_Shockwaves_VFX/VFX/Shockwaves/Particles/Vertical/VFX_Shockwave_Vertical_02_White_1s.uasset" 3540
"C:/Users/jeanc/Documents/GitHub/Felix/Multiplayer/Content/Vefects/Easy_Shockwaves_VFX/VFX/Shockwaves/Particles/Vertical/VFX_Shockwave_Vertical_02_White_1s.uexp" 3541
"C:/Users/jeanc/Documents/GitHub/Felix/Multiplayer/Content/Vefects/Easy_Shockwaves_VFX/VFX/Shockwaves/Particles/Vertical/VFX_Shockwave_Vertical_01_White_Big_1s.uasset" 3542
"C:/Users/jeanc/Documents/GitHub/Felix/Multiplayer/Content/Vefects/Easy_Shockwaves_VFX/VFX/Shockwaves/Particles/Vertical/VFX_Shockwave_Vertical_01_White_Big_1s.uexp" 3543
"C:/Users/jeanc/Documents/GitHub/Felix/Multiplayer/Content/Vefects/Easy_Shockwaves_VFX/VFX/Shockwaves/Particles/Color_Variation/VFX_Shockwave_01_Orange_Small_1s.uasset" 3544
"C:/Users/jeanc/Documents/GitHub/Felix/Multiplayer/Content/Vefects/Easy_Shockwaves_VFX/VFX/Shockwaves/Particles/Color_Variation/VFX_Shockwave_01_Orange_Small_1s.uexp" 3545
"C:/Users/jeanc/Documents/GitHub/Felix/Multiplayer/Content/Vefects/Easy_Shockwaves_VFX/VFX/Shockwaves_Distortion/Materials/M_VFX_Shockwave_Distortion.uasset" 3546
"C:/Users/jeanc/Documents/GitHub/Felix/Multiplayer/Content/Vefects/Easy_Shockwaves_VFX/VFX/Shockwaves_Distortion/Materials/M_VFX_Shockwave_Distortion.uexp" 3547
"C:/Users/jeanc/Documents/GitHub/Felix/Multiplayer/Content/Vefects/Easy_Shockwaves_VFX/VFX/Shockwaves_Distortion/Materials/MI_VFX_Shockwave_Distortion_02.uasset" 3548
"C:/Users/jeanc/Documents/GitHub/Felix/Multiplayer/Content/Vefects/Easy_Shockwaves_VFX/VFX/Shockwaves_Distortion/Materials/MI_VFX_Shockwave_Distortion_02.uexp" 3549
"C:/Users/jeanc/Documents/GitHub/Felix/Multiplayer/Content/Vefects/Easy_Shockwaves_VFX/VFX/Shockwaves_Distortion/Particles/Vertical/VFX_Shockwave_Vertical_Distortion_02_1s.uasset" 3550
"C:/Users/jeanc/Documents/GitHub/Felix/Multiplayer/Content/Vefects/Easy_Shockwaves_VFX/VFX/Shockwaves_Distortion/Particles/Vertical/VFX_Shockwave_Vertical_Distortion_02_1s.uexp" 3551
"C:/Users/jeanc/Documents/GitHub/Felix/Multiplayer/Content/Vefects/Easy_Shockwaves_VFX/VFX/Shockwaves/Particles/Color_Variation/VFX_Shockwave_Vertical_01_Teal_Big_1s.uasset" 3552
"C:/Users/jeanc/Documents/GitHub/Felix/Multiplayer/Content/Vefects/Easy_Shockwaves_VFX/VFX/Shockwaves/Particles/Color_Variation/VFX_Shockwave_Vertical_01_Teal_Big_1s.uexp" 3553
"C:/Users/jeanc/Documents/GitHub/Felix/Multiplayer/Content/Vefects/Easy_Shockwaves_VFX/VFX/Shockwaves/Particles/Color_Variation/VFX_Shockwave_01_Teal_Small_1s.uasset" 3554
"C:/Users/jeanc/Documents/GitHub/Felix/Multiplayer/Content/Vefects/Easy_Shockwaves_VFX/VFX/Shockwaves/Particles/Color_Variation/VFX_Shockwave_01_Teal_Small_1s.uexp" 3555
"C:/Users/jeanc/Documents/GitHub/Felix/Multiplayer/Content/Vefects/Easy_Shockwaves_VFX/VFX/Shockwaves/Particles/VFX_Shockwave_01_White_Big_1s.uasset" 3556
"C:/Users/jeanc/Documents/GitHub/Felix/Multiplayer/Content/Vefects/Easy_Shockwaves_VFX/VFX/Shockwaves/Particles/VFX_Shockwave_01_White_Big_1s.uexp" 3557
"C:/Users/jeanc/Documents/GitHub/Felix/Multiplayer/Content/Vefects/Easy_Shockwaves_VFX/VFX/Shockwaves/Particles/Color_Variation/VFX_Shockwave_01_Lavender_Big_1s.uasset" 3558
"C:/Users/jeanc/Documents/GitHub/Felix/Multiplayer/Content/Vefects/Easy_Shockwaves_VFX/VFX/Shockwaves/Particles/Color_Variation/VFX_Shockwave_01_Lavender_Big_1s.uexp" 3559
"C:/Users/jeanc/Documents/GitHub/Felix/Multiplayer/Content/Vefects/Easy_Shockwaves_VFX/VFX/Shockwaves/Particles/Color_Variation/VFX_Shockwave_01_Yellow_1s.uasset" 3560
"C:/Users/jeanc/Documents/GitHub/Felix/Multiplayer/Content/Vefects/Easy_Shockwaves_VFX/VFX/Shockwaves/Particles/Color_Variation/VFX_Shockwave_01_Yellow_1s.uexp" 3561
"C:/Users/jeanc/Documents/GitHub/Felix/Multiplayer/Content/Vefects/Easy_Shockwaves_VFX/VFX/Shockwaves/Particles/Color_Variation/VFX_Shockwave_01_Black_Big_1s.uasset" 3562
"C:/Users/jeanc/Documents/GitHub/Felix/Multiplayer/Content/Vefects/Easy_Shockwaves_VFX/VFX/Shockwaves/Particles/Color_Variation/VFX_Shockwave_01_Black_Big_1s.uexp" 3563
"C:/Users/jeanc/Documents/GitHub/Felix/Multiplayer/Content/Vefects/Easy_Shockwaves_VFX/VFX/Shockwaves/Particles/Color_Variation/VFX_Shockwave_Vertical_01_Lavender_1s.uasset" 3564
"C:/Users/jeanc/Documents/GitHub/Felix/Multiplayer/Content/Vefects/Easy_Shockwaves_VFX/VFX/Shockwaves/Particles/Color_Variation/VFX_Shockwave_Vertical_01_Lavender_1s.uexp" 3565
"C:/Users/jeanc/Documents/GitHub/Felix/Multiplayer/Content/Vefects/Easy_Shockwaves_VFX/VFX/Shockwaves/Particles/Color_Variation/VFX_Shockwave_01_Teal_Big_1s.uasset" 3566
"C:/Users/jeanc/Documents/GitHub/Felix/Multiplayer/Content/Vefects/Easy_Shockwaves_VFX/VFX/Shockwaves/Particles/Color_Variation/VFX_Shockwave_01_Teal_Big_1s.uexp" 3567
"C:/Users/jeanc/Documents/GitHub/Felix/Multiplayer/Content/Vefects/Easy_Shockwaves_VFX/VFX/Shockwaves/Particles/Color_Variation/VFX_Shockwave_01_Green_Big_1s.uasset" 3568
"C:/Users/jeanc/Documents/GitHub/Felix/Multiplayer/Content/Vefects/Easy_Shockwaves_VFX/VFX/Shockwaves/Particles/Color_Variation/VFX_Shockwave_01_Green_Big_1s.uexp" 3569
"C:/Users/jeanc/Documents/GitHub/Felix/Multiplayer/Content/Vefects/Easy_Shockwaves_VFX/VFX/Shockwaves/Particles/Color_Variation/VFX_Shockwave_Vertical_01_Yellow_Small_1s.uasset" 3570
"C:/Users/jeanc/Documents/GitHub/Felix/Multiplayer/Content/Vefects/Easy_Shockwaves_VFX/VFX/Shockwaves/Particles/Color_Variation/VFX_Shockwave_Vertical_01_Yellow_Small_1s.uexp" 3571
"C:/Users/jeanc/Documents/GitHub/Felix/Multiplayer/Content/Vefects/Easy_Shockwaves_VFX/VFX/Shockwaves/Particles/Color_Variation/VFX_Shockwave_01_Orange_Big_1s.uasset" 3572
"C:/Users/jeanc/Documents/GitHub/Felix/Multiplayer/Content/Vefects/Easy_Shockwaves_VFX/VFX/Shockwaves/Particles/Color_Variation/VFX_Shockwave_01_Orange_Big_1s.uexp" 3573
"C:/Users/jeanc/Documents/GitHub/Felix/Multiplayer/Content/Vefects/Easy_Shockwaves_VFX/VFX/Shockwaves/Particles/Color_Variation/VFX_Shockwave_Vertical_01_Red_1s.uasset" 3574
"C:/Users/jeanc/Documents/GitHub/Felix/Multiplayer/Content/Vefects/Easy_Shockwaves_VFX/VFX/Shockwaves/Particles/Color_Variation/VFX_Shockwave_Vertical_01_Red_1s.uexp" 3575
"C:/Users/jeanc/Documents/GitHub/Felix/Multiplayer/Content/Vefects/Easy_Shockwaves_VFX/VFX/Shockwaves_Distortion/Particles/VFX_Shockwave_Distortion_02_Big_1s.uasset" 3576
"C:/Users/jeanc/Documents/GitHub/Felix/Multiplayer/Content/Vefects/Easy_Shockwaves_VFX/VFX/Shockwaves_Distortion/Particles/VFX_Shockwave_Distortion_02_Big_1s.uexp" 3577
"C:/Users/jeanc/Documents/GitHub/Felix/Multiplayer/Content/Vefects/Easy_Shockwaves_VFX/VFX/Shockwaves/Particles/RGB/Vertical/VFX_Shockwave_Vertical_01_RGB_Small_1s.uasset" 3578
"C:/Users/jeanc/Documents/GitHub/Felix/Multiplayer/Content/Vefects/Easy_Shockwaves_VFX/VFX/Shockwaves/Particles/RGB/Vertical/VFX_Shockwave_Vertical_01_RGB_Small_1s.uexp" 3579
"C:/Users/jeanc/Documents/GitHub/Felix/Multiplayer/Content/Vefects/Easy_Shockwaves_VFX/Demo/Stylized_Female_Character_Vexa/Textures/Logo/T_Vefects_Vexa_Custom_Logo_01_Mask.ubulk" 3580
"C:/Users/jeanc/Documents/GitHub/Felix/Multiplayer/Content/Vefects/Easy_Shockwaves_VFX/Demo/Stylized_Female_Character_Vexa/Textures/Logo/T_Vefects_Vexa_Custom_Logo_01_Mask.uasset" 3581
"C:/Users/jeanc/Documents/GitHub/Felix/Multiplayer/Content/Vefects/Easy_Shockwaves_VFX/Demo/Stylized_Female_Character_Vexa/Textures/Logo/T_Vefects_Vexa_Custom_Logo_01_Mask.uexp" 3582
"C:/Users/jeanc/Documents/GitHub/Felix/Multiplayer/Content/Vefects/Easy_Shockwaves_VFX/Demo/Stylized_Female_Character_Vexa/Textures/Logo/T_Vefects_Vexa_Custom_Logo_01_Normal.ubulk" 3583
"C:/Users/jeanc/Documents/GitHub/Felix/Multiplayer/Content/Vefects/Easy_Shockwaves_VFX/Demo/Stylized_Female_Character_Vexa/Textures/Logo/T_Vefects_Vexa_Custom_Logo_01_Normal.uasset" 3584
"C:/Users/jeanc/Documents/GitHub/Felix/Multiplayer/Content/Vefects/Easy_Shockwaves_VFX/Demo/Stylized_Female_Character_Vexa/Textures/Logo/T_Vefects_Vexa_Custom_Logo_01_Normal.uexp" 3585
"C:/Users/jeanc/Documents/GitHub/Felix/Multiplayer/Content/Vefects/Easy_Shockwaves_VFX/Demo/Stylized_Female_Character_Vexa/Materials/Logo/MM_Logo_Normal.uasset" 3586
"C:/Users/jeanc/Documents/GitHub/Felix/Multiplayer/Content/Vefects/Easy_Shockwaves_VFX/Demo/Stylized_Female_Character_Vexa/Materials/Logo/MM_Logo_Normal.uexp" 3587
"C:/Users/jeanc/Documents/GitHub/Felix/Multiplayer/Content/Vefects/Easy_Shockwaves_VFX/Demo/Stylized_Female_Character_Vexa/Materials/Logo/MI_Logo_01_Normal.uasset" 3588
"C:/Users/jeanc/Documents/GitHub/Felix/Multiplayer/Content/Vefects/Easy_Shockwaves_VFX/Demo/Stylized_Female_Character_Vexa/Materials/Logo/MI_Logo_01_Normal.uexp" 3589
"C:/Users/jeanc/Documents/GitHub/Felix/Multiplayer/Content/Vefects/Easy_Shockwaves_VFX/Demo/Stylized_Female_Character_Vexa/Textures/Body/Vexa_Body_Normal.ubulk" 3590
"C:/Users/jeanc/Documents/GitHub/Felix/Multiplayer/Content/Vefects/Easy_Shockwaves_VFX/Demo/Stylized_Female_Character_Vexa/Textures/Body/Vexa_Body_Normal.uasset" 3591
"C:/Users/jeanc/Documents/GitHub/Felix/Multiplayer/Content/Vefects/Easy_Shockwaves_VFX/Demo/Stylized_Female_Character_Vexa/Textures/Body/Vexa_Body_Normal.uexp" 3592
"C:/Users/jeanc/Documents/GitHub/Felix/Multiplayer/Content/Vefects/Easy_Shockwaves_VFX/Demo/Stylized_Female_Character_Vexa/Textures/Hair/Vexa_Hair_Normal.ubulk" 3593
"C:/Users/jeanc/Documents/GitHub/Felix/Multiplayer/Content/Vefects/Easy_Shockwaves_VFX/Demo/Stylized_Female_Character_Vexa/Textures/Hair/Vexa_Hair_Normal.uasset" 3594
"C:/Users/jeanc/Documents/GitHub/Felix/Multiplayer/Content/Vefects/Easy_Shockwaves_VFX/Demo/Stylized_Female_Character_Vexa/Textures/Hair/Vexa_Hair_Normal.uexp" 3595
"C:/Users/jeanc/Documents/GitHub/Felix/Multiplayer/Content/Vefects/Easy_Shockwaves_VFX/Demo/Stylized_Female_Character_Vexa/Textures/Hair/T_Vexa_Hair_MR_01.ubulk" 3596
"C:/Users/jeanc/Documents/GitHub/Felix/Multiplayer/Content/Vefects/Easy_Shockwaves_VFX/Demo/Stylized_Female_Character_Vexa/Textures/Hair/T_Vexa_Hair_MR_01.uasset" 3597
"C:/Users/jeanc/Documents/GitHub/Felix/Multiplayer/Content/Vefects/Easy_Shockwaves_VFX/Demo/Stylized_Female_Character_Vexa/Textures/Hair/T_Vexa_Hair_MR_01.uexp" 3598
"C:/Users/jeanc/Documents/GitHub/Felix/Multiplayer/Content/Vefects/Easy_Shockwaves_VFX/Demo/Stylized_Female_Character_Vexa/Textures/Body/T_Vexa_Body_MR_01.ubulk" 3599
"C:/Users/jeanc/Documents/GitHub/Felix/Multiplayer/Content/Vefects/Easy_Shockwaves_VFX/Demo/Stylized_Female_Character_Vexa/Textures/Body/T_Vexa_Body_MR_01.uasset" 3600
"C:/Users/jeanc/Documents/GitHub/Felix/Multiplayer/Content/Vefects/Easy_Shockwaves_VFX/Demo/Stylized_Female_Character_Vexa/Textures/Body/T_Vexa_Body_MR_01.uexp" 3601
"C:/Users/jeanc/Documents/GitHub/Felix/Multiplayer/Content/Vefects/Easy_Shockwaves_VFX/Demo/Stylized_Female_Character_Vexa/Textures/Body/Vexa_Body_Base_Color_Dark.ubulk" 3602
"C:/Users/jeanc/Documents/GitHub/Felix/Multiplayer/Content/Vefects/Easy_Shockwaves_VFX/Demo/Stylized_Female_Character_Vexa/Textures/Body/Vexa_Body_Base_Color_Dark.uasset" 3603
"C:/Users/jeanc/Documents/GitHub/Felix/Multiplayer/Content/Vefects/Easy_Shockwaves_VFX/Demo/Stylized_Female_Character_Vexa/Textures/Body/Vexa_Body_Base_Color_Dark.uexp" 3604
"C:/Users/jeanc/Documents/GitHub/Felix/Multiplayer/Content/Vefects/Easy_Shockwaves_VFX/Demo/Stylized_Female_Character_Vexa/Materials/Master/MM_Vexa.uasset" 3605
"C:/Users/jeanc/Documents/GitHub/Felix/Multiplayer/Content/Vefects/Easy_Shockwaves_VFX/Demo/Stylized_Female_Character_Vexa/Materials/Master/MM_Vexa.uexp" 3606
"C:/Users/jeanc/Documents/GitHub/Felix/Multiplayer/Content/Vefects/Easy_Shockwaves_VFX/Demo/Stylized_Female_Character_Vexa/Textures/Hair/Vexa_Hair_Base_Color_Dark.ubulk" 3607
"C:/Users/jeanc/Documents/GitHub/Felix/Multiplayer/Content/Vefects/Easy_Shockwaves_VFX/Demo/Stylized_Female_Character_Vexa/Textures/Hair/Vexa_Hair_Base_Color_Dark.uasset" 3608
"C:/Users/jeanc/Documents/GitHub/Felix/Multiplayer/Content/Vefects/Easy_Shockwaves_VFX/Demo/Stylized_Female_Character_Vexa/Textures/Hair/Vexa_Hair_Base_Color_Dark.uexp" 3609
"C:/Users/jeanc/Documents/GitHub/Felix/Multiplayer/Content/Vefects/Easy_Shockwaves_VFX/Demo/Stylized_Female_Character_Vexa/Materials/Dark/MI_Vexa_Hair_Dark.uasset" 3610
"C:/Users/jeanc/Documents/GitHub/Felix/Multiplayer/Content/Vefects/Easy_Shockwaves_VFX/Demo/Stylized_Female_Character_Vexa/Materials/Dark/MI_Vexa_Hair_Dark.uexp" 3611
"C:/Users/jeanc/Documents/GitHub/Felix/Multiplayer/Content/Vefects/Easy_Shockwaves_VFX/Demo/Stylized_Female_Character_Vexa/Textures/Jacket/Vexa_Jacket_Base_Color_Dark.ubulk" 3612
"C:/Users/jeanc/Documents/GitHub/Felix/Multiplayer/Content/Vefects/Easy_Shockwaves_VFX/Demo/Stylized_Female_Character_Vexa/Textures/Jacket/Vexa_Jacket_Base_Color_Dark.uasset" 3613
"C:/Users/jeanc/Documents/GitHub/Felix/Multiplayer/Content/Vefects/Easy_Shockwaves_VFX/Demo/Stylized_Female_Character_Vexa/Textures/Jacket/Vexa_Jacket_Base_Color_Dark.uexp" 3614
"C:/Users/jeanc/Documents/GitHub/Felix/Multiplayer/Content/Vefects/Easy_Shockwaves_VFX/Demo/Stylized_Female_Character_Vexa/Textures/Jacket/Vexa_Jacket_Normal.ubulk" 3615
"C:/Users/jeanc/Documents/GitHub/Felix/Multiplayer/Content/Vefects/Easy_Shockwaves_VFX/Demo/Stylized_Female_Character_Vexa/Textures/Jacket/Vexa_Jacket_Normal.uasset" 3616
"C:/Users/jeanc/Documents/GitHub/Felix/Multiplayer/Content/Vefects/Easy_Shockwaves_VFX/Demo/Stylized_Female_Character_Vexa/Textures/Jacket/Vexa_Jacket_Normal.uexp" 3617
"C:/Users/jeanc/Documents/GitHub/Felix/Multiplayer/Content/Vefects/Easy_Shockwaves_VFX/Demo/Stylized_Female_Character_Vexa/Textures/Jacket/T_Vexa_Jacket_MR_01.ubulk" 3618
"C:/Users/jeanc/Documents/GitHub/Felix/Multiplayer/Content/Vefects/Easy_Shockwaves_VFX/Demo/Stylized_Female_Character_Vexa/Textures/Jacket/T_Vexa_Jacket_MR_01.uasset" 3619
"C:/Users/jeanc/Documents/GitHub/Felix/Multiplayer/Content/Vefects/Easy_Shockwaves_VFX/Demo/Stylized_Female_Character_Vexa/Textures/Jacket/T_Vexa_Jacket_MR_01.uexp" 3620
"C:/Users/jeanc/Documents/GitHub/Felix/Multiplayer/Content/Vefects/Easy_Shockwaves_VFX/Demo/Stylized_Female_Character_Vexa/Materials/Dark/MI_Vexa_Jacket_Dark.uasset" 3621
"C:/Users/jeanc/Documents/GitHub/Felix/Multiplayer/Content/Vefects/Easy_Shockwaves_VFX/Demo/Stylized_Female_Character_Vexa/Materials/Dark/MI_Vexa_Jacket_Dark.uexp" 3622
"C:/Users/jeanc/Documents/GitHub/Felix/Multiplayer/Content/Vefects/Easy_Shockwaves_VFX/Demo/Stylized_Female_Character_Vexa/Materials/Dark/MI_Vexa_Body_Dark.uasset" 3623
"C:/Users/jeanc/Documents/GitHub/Felix/Multiplayer/Content/Vefects/Easy_Shockwaves_VFX/Demo/Stylized_Female_Character_Vexa/Materials/Dark/MI_Vexa_Body_Dark.uexp" 3624
"C:/Users/jeanc/Documents/GitHub/Felix/Multiplayer/Content/Vefects/Easy_Shockwaves_VFX/Demo/Stylized_Female_Character_Vexa/Meshes/Vefects_Vexa.ubulk" 3625
"C:/Users/jeanc/Documents/GitHub/Felix/Multiplayer/Content/Vefects/Easy_Shockwaves_VFX/Demo/Stylized_Female_Character_Vexa/Meshes/Vefects_Vexa.uasset" 3626
"C:/Users/jeanc/Documents/GitHub/Felix/Multiplayer/Content/Vefects/Easy_Shockwaves_VFX/Demo/Stylized_Female_Character_Vexa/Meshes/Vefects_Vexa.uexp" 3627
"C:/Users/jeanc/Documents/GitHub/Felix/Multiplayer/Content/Vefects/Easy_Shockwaves_VFX/VFX/Shockwaves/Particles/VFX_Shockwave_02_White_Small_1s.uasset" 3628
"C:/Users/jeanc/Documents/GitHub/Felix/Multiplayer/Content/Vefects/Easy_Shockwaves_VFX/VFX/Shockwaves/Particles/VFX_Shockwave_02_White_Small_1s.uexp" 3629
"C:/Users/jeanc/Documents/GitHub/Felix/Multiplayer/Content/Vefects/Easy_Shockwaves_VFX/VFX/Shockwaves/Particles/VFX_Shockwave_02_White_Big_1s.uasset" 3630
"C:/Users/jeanc/Documents/GitHub/Felix/Multiplayer/Content/Vefects/Easy_Shockwaves_VFX/VFX/Shockwaves/Particles/VFX_Shockwave_02_White_Big_1s.uexp" 3631
"C:/Users/jeanc/Documents/GitHub/Felix/Multiplayer/Content/Vefects/Easy_Shockwaves_VFX/VFX/Shockwaves/Particles/Color_Variation/VFX_Shockwave_Vertical_01_Orange_Small_1s.uasset" 3632
"C:/Users/jeanc/Documents/GitHub/Felix/Multiplayer/Content/Vefects/Easy_Shockwaves_VFX/VFX/Shockwaves/Particles/Color_Variation/VFX_Shockwave_Vertical_01_Orange_Small_1s.uexp" 3633
"C:/Users/jeanc/Documents/GitHub/Felix/Multiplayer/Content/Vefects/Easy_Shockwaves_VFX/VFX/Shockwaves/Particles/Color_Variation/VFX_Shockwave_Vertical_01_Black_1s.uasset" 3634
"C:/Users/jeanc/Documents/GitHub/Felix/Multiplayer/Content/Vefects/Easy_Shockwaves_VFX/VFX/Shockwaves/Particles/Color_Variation/VFX_Shockwave_Vertical_01_Black_1s.uexp" 3635
"C:/Users/jeanc/Documents/GitHub/Felix/Multiplayer/Content/Vefects/Easy_Shockwaves_VFX/VFX/Shockwaves_Distortion/Particles/Vertical/VFX_Shockwave_Vertical_Distortion_02_Big_1s.uasset" 3636
"C:/Users/jeanc/Documents/GitHub/Felix/Multiplayer/Content/Vefects/Easy_Shockwaves_VFX/VFX/Shockwaves_Distortion/Particles/Vertical/VFX_Shockwave_Vertical_Distortion_02_Big_1s.uexp" 3637
"C:/Users/jeanc/Documents/GitHub/Felix/Multiplayer/Content/Vefects/Easy_Shockwaves_VFX/VFX/Shockwaves/Particles/Color_Variation/VFX_Shockwave_Vertical_01_Red_Small_1s.uasset" 3638
"C:/Users/jeanc/Documents/GitHub/Felix/Multiplayer/Content/Vefects/Easy_Shockwaves_VFX/VFX/Shockwaves/Particles/Color_Variation/VFX_Shockwave_Vertical_01_Red_Small_1s.uexp" 3639
"C:/Users/jeanc/Documents/GitHub/Felix/Multiplayer/Content/Vefects/Easy_Shockwaves_VFX/VFX/Shockwaves/Particles/Color_Variation/VFX_Shockwave_01_Purple_1s.uasset" 3640
"C:/Users/jeanc/Documents/GitHub/Felix/Multiplayer/Content/Vefects/Easy_Shockwaves_VFX/VFX/Shockwaves/Particles/Color_Variation/VFX_Shockwave_01_Purple_1s.uexp" 3641
"C:/Users/jeanc/Documents/GitHub/Felix/Multiplayer/Content/Vefects/Easy_Shockwaves_VFX/VFX/Shockwaves/Particles/Color_Variation/VFX_Shockwave_01_Red_Big_1s.uasset" 3642
"C:/Users/jeanc/Documents/GitHub/Felix/Multiplayer/Content/Vefects/Easy_Shockwaves_VFX/VFX/Shockwaves/Particles/Color_Variation/VFX_Shockwave_01_Red_Big_1s.uexp" 3643
"C:/Users/jeanc/Documents/GitHub/Felix/Multiplayer/Content/Vefects/Easy_Shockwaves_VFX/VFX/Shockwaves/Particles/Color_Variation/VFX_Shockwave_01_Red_Small_1s.uasset" 3644
"C:/Users/jeanc/Documents/GitHub/Felix/Multiplayer/Content/Vefects/Easy_Shockwaves_VFX/VFX/Shockwaves/Particles/Color_Variation/VFX_Shockwave_01_Red_Small_1s.uexp" 3645
"C:/Users/jeanc/Documents/GitHub/Felix/Multiplayer/Content/Vefects/Easy_Shockwaves_VFX/VFX/Shockwaves/Particles/Color_Variation/VFX_Shockwave_01_Green_Small_1s.uasset" 3646
"C:/Users/jeanc/Documents/GitHub/Felix/Multiplayer/Content/Vefects/Easy_Shockwaves_VFX/VFX/Shockwaves/Particles/Color_Variation/VFX_Shockwave_01_Green_Small_1s.uexp" 3647
"C:/Users/jeanc/Documents/GitHub/Felix/Multiplayer/Content/Vefects/Easy_Shockwaves_VFX/VFX/Shockwaves/Particles/Color_Variation/VFX_Shockwave_01_Lavender_1s.uasset" 3648
"C:/Users/jeanc/Documents/GitHub/Felix/Multiplayer/Content/Vefects/Easy_Shockwaves_VFX/VFX/Shockwaves/Particles/Color_Variation/VFX_Shockwave_01_Lavender_1s.uexp" 3649
"C:/Users/jeanc/Documents/GitHub/Felix/Multiplayer/Content/Vefects/Easy_Shockwaves_VFX/VFX/Shockwaves/Particles/Color_Variation/VFX_Shockwave_Vertical_01_Pink_Small_1s.uasset" 3650
"C:/Users/jeanc/Documents/GitHub/Felix/Multiplayer/Content/Vefects/Easy_Shockwaves_VFX/VFX/Shockwaves/Particles/Color_Variation/VFX_Shockwave_Vertical_01_Pink_Small_1s.uexp" 3651
"C:/Users/jeanc/Documents/GitHub/Felix/Multiplayer/Content/Vefects/Easy_Shockwaves_VFX/VFX/Shockwaves/Particles/Color_Variation/VFX_Shockwave_01_Black_Small_1s.uasset" 3652
"C:/Users/jeanc/Documents/GitHub/Felix/Multiplayer/Content/Vefects/Easy_Shockwaves_VFX/VFX/Shockwaves/Particles/Color_Variation/VFX_Shockwave_01_Black_Small_1s.uexp" 3653
"C:/Users/jeanc/Documents/GitHub/Felix/Multiplayer/Content/Vefects/Easy_Shockwaves_VFX/VFX/Shockwaves/Particles/Color_Variation/VFX_Shockwave_01_Purple_Big_1s.uasset" 3654
"C:/Users/jeanc/Documents/GitHub/Felix/Multiplayer/Content/Vefects/Easy_Shockwaves_VFX/VFX/Shockwaves/Particles/Color_Variation/VFX_Shockwave_01_Purple_Big_1s.uexp" 3655
"C:/Users/jeanc/Documents/GitHub/Felix/Multiplayer/Content/Vefects/Easy_Shockwaves_VFX/VFX/Shockwaves_Distortion/Materials/MI_VFX_Shockwave_Distortion_01.uasset" 3656
"C:/Users/jeanc/Documents/GitHub/Felix/Multiplayer/Content/Vefects/Easy_Shockwaves_VFX/VFX/Shockwaves_Distortion/Materials/MI_VFX_Shockwave_Distortion_01.uexp" 3657
"C:/Users/jeanc/Documents/GitHub/Felix/Multiplayer/Content/Vefects/Easy_Shockwaves_VFX/VFX/Shockwaves_Distortion/Particles/VFX_Shockwave_Distortion_01_Small_1s.uasset" 3658
"C:/Users/jeanc/Documents/GitHub/Felix/Multiplayer/Content/Vefects/Easy_Shockwaves_VFX/VFX/Shockwaves_Distortion/Particles/VFX_Shockwave_Distortion_01_Small_1s.uexp" 3659
"C:/Users/jeanc/Documents/GitHub/Felix/Multiplayer/Content/Vefects/Easy_Shockwaves_VFX/VFX/Shockwaves/Particles/Color_Variation/VFX_Shockwave_Vertical_01_Yellow_1s.uasset" 3660
"C:/Users/jeanc/Documents/GitHub/Felix/Multiplayer/Content/Vefects/Easy_Shockwaves_VFX/VFX/Shockwaves/Particles/Color_Variation/VFX_Shockwave_Vertical_01_Yellow_1s.uexp" 3661
"C:/Users/jeanc/Documents/GitHub/Felix/Multiplayer/Content/Vefects/Easy_Shockwaves_VFX/VFX/Shockwaves_Distortion/Particles/Vertical/VFX_Shockwave_Vertical_Distortion_01_1s.uasset" 3662
"C:/Users/jeanc/Documents/GitHub/Felix/Multiplayer/Content/Vefects/Easy_Shockwaves_VFX/VFX/Shockwaves_Distortion/Particles/Vertical/VFX_Shockwave_Vertical_Distortion_01_1s.uexp" 3663
"C:/Users/jeanc/Documents/GitHub/Felix/Multiplayer/Content/Vefects/Easy_Shockwaves_VFX/VFX/Shockwaves/Particles/Color_Variation/VFX_Shockwave_Vertical_01_Orange_1s.uasset" 3664
"C:/Users/jeanc/Documents/GitHub/Felix/Multiplayer/Content/Vefects/Easy_Shockwaves_VFX/VFX/Shockwaves/Particles/Color_Variation/VFX_Shockwave_Vertical_01_Orange_1s.uexp" 3665
"C:/Users/jeanc/Documents/GitHub/Felix/Multiplayer/Content/Vefects/Easy_Shockwaves_VFX/VFX/Shockwaves/Particles/Color_Variation/VFX_Shockwave_01_Green_1s.uasset" 3666
"C:/Users/jeanc/Documents/GitHub/Felix/Multiplayer/Content/Vefects/Easy_Shockwaves_VFX/VFX/Shockwaves/Particles/Color_Variation/VFX_Shockwave_01_Green_1s.uexp" 3667
"C:/Users/jeanc/Documents/GitHub/Felix/Multiplayer/Content/Vefects/Easy_Shockwaves_VFX/VFX/Shockwaves/Particles/RGB/VFX_Shockwave_01_RGB_Small_1s.uasset" 3668
"C:/Users/jeanc/Documents/GitHub/Felix/Multiplayer/Content/Vefects/Easy_Shockwaves_VFX/VFX/Shockwaves/Particles/RGB/VFX_Shockwave_01_RGB_Small_1s.uexp" 3669
"C:/Users/jeanc/Documents/GitHub/Felix/Multiplayer/Content/Vefects/Easy_Shockwaves_VFX/VFX/Shockwaves/Particles/Color_Variation/VFX_Shockwave_Vertical_01_Purple_Small_1s.uasset" 3670
"C:/Users/jeanc/Documents/GitHub/Felix/Multiplayer/Content/Vefects/Easy_Shockwaves_VFX/VFX/Shockwaves/Particles/Color_Variation/VFX_Shockwave_Vertical_01_Purple_Small_1s.uexp" 3671
"C:/Users/jeanc/Documents/GitHub/Felix/Multiplayer/Content/Vefects/Easy_Shockwaves_VFX/VFX/Shockwaves/Particles/Color_Variation/VFX_Shockwave_01_Pink_1s.uasset" 3672
"C:/Users/jeanc/Documents/GitHub/Felix/Multiplayer/Content/Vefects/Easy_Shockwaves_VFX/VFX/Shockwaves/Particles/Color_Variation/VFX_Shockwave_01_Pink_1s.uexp" 3673
"C:/Users/jeanc/Documents/GitHub/Felix/Multiplayer/Content/Vefects/Easy_Shockwaves_VFX/VFX/Shockwaves/Particles/Color_Variation/VFX_Shockwave_Vertical_01_Pink_Big_1s.uasset" 3674
"C:/Users/jeanc/Documents/GitHub/Felix/Multiplayer/Content/Vefects/Easy_Shockwaves_VFX/VFX/Shockwaves/Particles/Color_Variation/VFX_Shockwave_Vertical_01_Pink_Big_1s.uexp" 3675
"C:/Users/jeanc/Documents/GitHub/Felix/Multiplayer/Content/Vefects/Easy_Shockwaves_VFX/VFX/Shockwaves_Distortion/Particles/Vertical/VFX_Shockwave_Vertical_Distortion_01_Big_1s.uasset" 3676
"C:/Users/jeanc/Documents/GitHub/Felix/Multiplayer/Content/Vefects/Easy_Shockwaves_VFX/VFX/Shockwaves_Distortion/Particles/Vertical/VFX_Shockwave_Vertical_Distortion_01_Big_1s.uexp" 3677
"C:/Users/jeanc/Documents/GitHub/Felix/Multiplayer/Content/Vefects/Easy_Shockwaves_VFX/VFX/Shockwaves/Particles/Color_Variation/VFX_Shockwave_Vertical_01_Black_Small_1s.uasset" 3678
"C:/Users/jeanc/Documents/GitHub/Felix/Multiplayer/Content/Vefects/Easy_Shockwaves_VFX/VFX/Shockwaves/Particles/Color_Variation/VFX_Shockwave_Vertical_01_Black_Small_1s.uexp" 3679
"C:/Users/jeanc/Documents/GitHub/Felix/Multiplayer/Content/Vefects/Easy_Shockwaves_VFX/VFX/Shockwaves/Particles/Vertical/VFX_Shockwave_Vertical_02_White_Small_1s.uasset" 3680
"C:/Users/jeanc/Documents/GitHub/Felix/Multiplayer/Content/Vefects/Easy_Shockwaves_VFX/VFX/Shockwaves/Particles/Vertical/VFX_Shockwave_Vertical_02_White_Small_1s.uexp" 3681
"C:/Users/jeanc/Documents/GitHub/Felix/Multiplayer/Content/Vefects/Easy_Shockwaves_VFX/VFX/Shockwaves/Particles/RGB/Vertical/VFX_Shockwave_Vertical_01_RGB_Big_1s.uasset" 3682
"C:/Users/jeanc/Documents/GitHub/Felix/Multiplayer/Content/Vefects/Easy_Shockwaves_VFX/VFX/Shockwaves/Particles/RGB/Vertical/VFX_Shockwave_Vertical_01_RGB_Big_1s.uexp" 3683
"C:/Users/jeanc/Documents/GitHub/Felix/Multiplayer/Content/Vefects/Easy_Shockwaves_VFX/VFX/Shockwaves/Particles/Color_Variation/VFX_Shockwave_Vertical_01_Green_1s.uasset" 3684
"C:/Users/jeanc/Documents/GitHub/Felix/Multiplayer/Content/Vefects/Easy_Shockwaves_VFX/VFX/Shockwaves/Particles/Color_Variation/VFX_Shockwave_Vertical_01_Green_1s.uexp" 3685
"C:/Users/jeanc/Documents/GitHub/Felix/Multiplayer/Content/Vefects/Easy_Shockwaves_VFX/VFX/Shockwaves/Particles/Color_Variation/VFX_Shockwave_Vertical_01_Teal_Small_1s.uasset" 3686
"C:/Users/jeanc/Documents/GitHub/Felix/Multiplayer/Content/Vefects/Easy_Shockwaves_VFX/VFX/Shockwaves/Particles/Color_Variation/VFX_Shockwave_Vertical_01_Teal_Small_1s.uexp" 3687
"C:/Users/jeanc/Documents/GitHub/Felix/Multiplayer/Content/Vefects/Easy_Shockwaves_VFX/VFX/Shockwaves/Particles/Color_Variation/VFX_Shockwave_01_Lavender_Small_1s.uasset" 3688
"C:/Users/jeanc/Documents/GitHub/Felix/Multiplayer/Content/Vefects/Easy_Shockwaves_VFX/VFX/Shockwaves/Particles/Color_Variation/VFX_Shockwave_01_Lavender_Small_1s.uexp" 3689
"C:/Users/jeanc/Documents/GitHub/Felix/Multiplayer/Content/Vefects/Easy_Shockwaves_VFX/VFX/Shockwaves_Distortion/Particles/Vertical/VFX_Shockwave_Vertical_Distortion_02_Small_1s.uasset" 3690
"C:/Users/jeanc/Documents/GitHub/Felix/Multiplayer/Content/Vefects/Easy_Shockwaves_VFX/VFX/Shockwaves_Distortion/Particles/Vertical/VFX_Shockwave_Vertical_Distortion_02_Small_1s.uexp" 3691
"C:/Users/jeanc/Documents/GitHub/Felix/Multiplayer/Content/Vefects/Easy_Shockwaves_VFX/VFX/Shockwaves/Particles/Color_Variation/VFX_Shockwave_Vertical_01_Green_Big_1s.uasset" 3692
"C:/Users/jeanc/Documents/GitHub/Felix/Multiplayer/Content/Vefects/Easy_Shockwaves_VFX/VFX/Shockwaves/Particles/Color_Variation/VFX_Shockwave_Vertical_01_Green_Big_1s.uexp" 3693
"C:/Users/jeanc/Documents/GitHub/Felix/Multiplayer/Content/Vefects/Easy_Shockwaves_VFX/VFX/Shockwaves/Particles/VFX_Shockwave_02_White_1s.uasset" 3694
"C:/Users/jeanc/Documents/GitHub/Felix/Multiplayer/Content/Vefects/Easy_Shockwaves_VFX/VFX/Shockwaves/Particles/VFX_Shockwave_02_White_1s.uexp" 3695
"C:/Users/jeanc/Documents/GitHub/Felix/Multiplayer/Content/Vefects/Easy_Shockwaves_VFX/VFX/Shockwaves/Particles/Color_Variation/VFX_Shockwave_01_Yellow_Big_1s.uasset" 3696
"C:/Users/jeanc/Documents/GitHub/Felix/Multiplayer/Content/Vefects/Easy_Shockwaves_VFX/VFX/Shockwaves/Particles/Color_Variation/VFX_Shockwave_01_Yellow_Big_1s.uexp" 3697
"C:/Users/jeanc/Documents/GitHub/Felix/Multiplayer/Content/Vefects/Easy_Shockwaves_VFX/VFX/Shockwaves/Particles/Color_Variation/VFX_Shockwave_01_Black_1s.uasset" 3698
"C:/Users/jeanc/Documents/GitHub/Felix/Multiplayer/Content/Vefects/Easy_Shockwaves_VFX/VFX/Shockwaves/Particles/Color_Variation/VFX_Shockwave_01_Black_1s.uexp" 3699
"C:/Users/jeanc/Documents/GitHub/Felix/Multiplayer/Content/Vefects/Easy_Shockwaves_VFX/VFX/Shockwaves_Distortion/Particles/VFX_Shockwave_Distortion_02_1s.uasset" 3700
"C:/Users/jeanc/Documents/GitHub/Felix/Multiplayer/Content/Vefects/Easy_Shockwaves_VFX/VFX/Shockwaves_Distortion/Particles/VFX_Shockwave_Distortion_02_1s.uexp" 3701
"C:/Users/jeanc/Documents/GitHub/Felix/Multiplayer/Content/Vefects/Easy_Shockwaves_VFX/VFX/Shockwaves/Particles/Color_Variation/VFX_Shockwave_Vertical_01_Lavender_Big_1s.uasset" 3702
"C:/Users/jeanc/Documents/GitHub/Felix/Multiplayer/Content/Vefects/Easy_Shockwaves_VFX/VFX/Shockwaves/Particles/Color_Variation/VFX_Shockwave_Vertical_01_Lavender_Big_1s.uexp" 3703
"C:/Users/jeanc/Documents/GitHub/Felix/Multiplayer/Content/Vefects/Easy_Shockwaves_VFX/VFX/Shockwaves/Particles/Color_Variation/VFX_Shockwave_Vertical_01_Orange_Big_1s.uasset" 3704
"C:/Users/jeanc/Documents/GitHub/Felix/Multiplayer/Content/Vefects/Easy_Shockwaves_VFX/VFX/Shockwaves/Particles/Color_Variation/VFX_Shockwave_Vertical_01_Orange_Big_1s.uexp" 3705
"C:/Users/jeanc/Documents/GitHub/Felix/Multiplayer/Content/Vefects/Easy_Shockwaves_VFX/VFX/Shockwaves/Particles/RGB/VFX_Shockwave_01_RGB_1s.uasset" 3706
"C:/Users/jeanc/Documents/GitHub/Felix/Multiplayer/Content/Vefects/Easy_Shockwaves_VFX/VFX/Shockwaves/Particles/RGB/VFX_Shockwave_01_RGB_1s.uexp" 3707
"C:/Users/jeanc/Documents/GitHub/Felix/Multiplayer/Content/Vefects/Easy_Shockwaves_VFX/Maps/Overview_Map_Light_BuiltData.uasset" 3708
"C:/Users/jeanc/Documents/GitHub/Felix/Multiplayer/Content/Vefects/Easy_Shockwaves_VFX/Maps/Overview_Map_Light_BuiltData.uexp" 3709
"C:/Users/jeanc/Documents/GitHub/Felix/Multiplayer/Content/Vefects/Easy_Shockwaves_VFX/VFX/Shockwaves/Particles/Color_Variation/VFX_Shockwave_01_Pink_Small_1s.uasset" 3710
"C:/Users/jeanc/Documents/GitHub/Felix/Multiplayer/Content/Vefects/Easy_Shockwaves_VFX/VFX/Shockwaves/Particles/Color_Variation/VFX_Shockwave_01_Pink_Small_1s.uexp" 3711
"C:/Users/jeanc/Documents/GitHub/Felix/Multiplayer/Content/Vefects/Easy_Shockwaves_VFX/VFX/Shockwaves/Particles/Color_Variation/VFX_Shockwave_01_Purple_Small_1s.uasset" 3712
"C:/Users/jeanc/Documents/GitHub/Felix/Multiplayer/Content/Vefects/Easy_Shockwaves_VFX/VFX/Shockwaves/Particles/Color_Variation/VFX_Shockwave_01_Purple_Small_1s.uexp" 3713
"C:/Users/jeanc/Documents/GitHub/Felix/Multiplayer/Content/Vefects/Easy_Shockwaves_VFX/VFX/Shockwaves/Particles/Color_Variation/VFX_Shockwave_01_Yellow_Small_1s.uasset" 3714
"C:/Users/jeanc/Documents/GitHub/Felix/Multiplayer/Content/Vefects/Easy_Shockwaves_VFX/VFX/Shockwaves/Particles/Color_Variation/VFX_Shockwave_01_Yellow_Small_1s.uexp" 3715
"C:/Users/jeanc/Documents/GitHub/Felix/Multiplayer/Content/Vefects/Easy_Shockwaves_VFX/VFX/Shockwaves/Particles/Color_Variation/VFX_Shockwave_Vertical_01_Purple_1s.uasset" 3716
"C:/Users/jeanc/Documents/GitHub/Felix/Multiplayer/Content/Vefects/Easy_Shockwaves_VFX/VFX/Shockwaves/Particles/Color_Variation/VFX_Shockwave_Vertical_01_Purple_1s.uexp" 3717
"C:/Users/jeanc/Documents/GitHub/Felix/Multiplayer/Content/Vefects/Easy_Shockwaves_VFX/VFX/Shockwaves/Particles/Color_Variation/VFX_Shockwave_01_Teal_1s.uasset" 3718
"C:/Users/jeanc/Documents/GitHub/Felix/Multiplayer/Content/Vefects/Easy_Shockwaves_VFX/VFX/Shockwaves/Particles/Color_Variation/VFX_Shockwave_01_Teal_1s.uexp" 3719
"C:/Users/jeanc/Documents/GitHub/Felix/Multiplayer/Content/Vefects/Easy_Shockwaves_VFX/VFX/Shockwaves/Particles/Color_Variation/VFX_Shockwave_Vertical_01_Pink_1s.uasset" 3720
"C:/Users/jeanc/Documents/GitHub/Felix/Multiplayer/Content/Vefects/Easy_Shockwaves_VFX/VFX/Shockwaves/Particles/Color_Variation/VFX_Shockwave_Vertical_01_Pink_1s.uexp" 3721
"C:/Users/jeanc/Documents/GitHub/Felix/Multiplayer/Content/Vefects/Easy_Shockwaves_VFX/VFX/Shockwaves_Distortion/Particles/VFX_Shockwave_Distortion_02_Small_1s.uasset" 3722
"C:/Users/jeanc/Documents/GitHub/Felix/Multiplayer/Content/Vefects/Easy_Shockwaves_VFX/VFX/Shockwaves_Distortion/Particles/VFX_Shockwave_Distortion_02_Small_1s.uexp" 3723
"C:/Users/jeanc/Documents/GitHub/Felix/Multiplayer/Content/Vefects/Easy_Shockwaves_VFX/VFX/Shockwaves/Particles/Color_Variation/VFX_Shockwave_Vertical_01_Green_Small_1s.uasset" 3724
"C:/Users/jeanc/Documents/GitHub/Felix/Multiplayer/Content/Vefects/Easy_Shockwaves_VFX/VFX/Shockwaves/Particles/Color_Variation/VFX_Shockwave_Vertical_01_Green_Small_1s.uexp" 3725
"C:/Users/jeanc/Documents/GitHub/Felix/Multiplayer/Content/Vefects/Easy_Shockwaves_VFX/VFX/Shockwaves/Particles/Color_Variation/VFX_Shockwave_Vertical_01_Teal_1s.uasset" 3726
"C:/Users/jeanc/Documents/GitHub/Felix/Multiplayer/Content/Vefects/Easy_Shockwaves_VFX/VFX/Shockwaves/Particles/Color_Variation/VFX_Shockwave_Vertical_01_Teal_1s.uexp" 3727
"C:/Users/jeanc/Documents/GitHub/Felix/Multiplayer/Content/Vefects/Easy_Shockwaves_VFX/VFX/Shockwaves/Particles/Vertical/VFX_Shockwave_Vertical_01_White_1s.uasset" 3728
"C:/Users/jeanc/Documents/GitHub/Felix/Multiplayer/Content/Vefects/Easy_Shockwaves_VFX/VFX/Shockwaves/Particles/Vertical/VFX_Shockwave_Vertical_01_White_1s.uexp" 3729
"C:/Users/jeanc/Documents/GitHub/Felix/Multiplayer/Content/Vefects/Easy_Shockwaves_VFX/VFX/Shockwaves_Distortion/Particles/Vertical/VFX_Shockwave_Vertical_Distortion_01_Small_1s.uasset" 3730
"C:/Users/jeanc/Documents/GitHub/Felix/Multiplayer/Content/Vefects/Easy_Shockwaves_VFX/VFX/Shockwaves_Distortion/Particles/Vertical/VFX_Shockwave_Vertical_Distortion_01_Small_1s.uexp" 3731
"C:/Users/jeanc/Documents/GitHub/Felix/Multiplayer/Content/Vefects/Easy_Shockwaves_VFX/VFX/Shockwaves/Particles/Vertical/VFX_Shockwave_Vertical_02_White_Big_1s.uasset" 3732
"C:/Users/jeanc/Documents/GitHub/Felix/Multiplayer/Content/Vefects/Easy_Shockwaves_VFX/VFX/Shockwaves/Particles/Vertical/VFX_Shockwave_Vertical_02_White_Big_1s.uexp" 3733
"C:/Users/jeanc/Documents/GitHub/Felix/Multiplayer/Content/Vefects/Easy_Shockwaves_VFX/VFX/Shockwaves/Particles/Color_Variation/VFX_Shockwave_Vertical_01_Yellow_Big_1s.uasset" 3734
"C:/Users/jeanc/Documents/GitHub/Felix/Multiplayer/Content/Vefects/Easy_Shockwaves_VFX/VFX/Shockwaves/Particles/Color_Variation/VFX_Shockwave_Vertical_01_Yellow_Big_1s.uexp" 3735
"C:/Users/jeanc/Documents/GitHub/Felix/Multiplayer/Content/Vefects/Easy_Shockwaves_VFX/VFX/Shockwaves/Particles/VFX_Shockwave_01_White_1s.uasset" 3736
"C:/Users/jeanc/Documents/GitHub/Felix/Multiplayer/Content/Vefects/Easy_Shockwaves_VFX/VFX/Shockwaves/Particles/VFX_Shockwave_01_White_1s.uexp" 3737
"C:/Users/jeanc/Documents/GitHub/Felix/Multiplayer/Content/Vefects/Easy_Shockwaves_VFX/VFX/Shockwaves/Particles/Color_Variation/VFX_Shockwave_Vertical_01_Red_Big_1s.uasset" 3738
"C:/Users/jeanc/Documents/GitHub/Felix/Multiplayer/Content/Vefects/Easy_Shockwaves_VFX/VFX/Shockwaves/Particles/Color_Variation/VFX_Shockwave_Vertical_01_Red_Big_1s.uexp" 3739
"C:/Users/jeanc/Documents/GitHub/Felix/Multiplayer/Content/Vefects/Easy_Shockwaves_VFX/VFX/Shockwaves/Particles/Color_Variation/VFX_Shockwave_01_Red_1s.uasset" 3740
"C:/Users/jeanc/Documents/GitHub/Felix/Multiplayer/Content/Vefects/Easy_Shockwaves_VFX/VFX/Shockwaves/Particles/Color_Variation/VFX_Shockwave_01_Red_1s.uexp" 3741
"C:/Users/jeanc/Documents/GitHub/Felix/Multiplayer/Content/Vefects/Easy_Shockwaves_VFX/Demo/Scene/Textures/Grid/T_VFX_Grid_01_Texture.ubulk" 3742
"C:/Users/jeanc/Documents/GitHub/Felix/Multiplayer/Content/Vefects/Easy_Shockwaves_VFX/Demo/Scene/Textures/Grid/T_VFX_Grid_01_Texture.uasset" 3743
"C:/Users/jeanc/Documents/GitHub/Felix/Multiplayer/Content/Vefects/Easy_Shockwaves_VFX/Demo/Scene/Textures/Grid/T_VFX_Grid_01_Texture.uexp" 3744
"C:/Users/jeanc/Documents/GitHub/Felix/Multiplayer/Content/Vefects/Easy_Shockwaves_VFX/Demo/Scene/Textures/Grid/T_VFX_Grid_01_Normal.ubulk" 3745
"C:/Users/jeanc/Documents/GitHub/Felix/Multiplayer/Content/Vefects/Easy_Shockwaves_VFX/Demo/Scene/Textures/Grid/T_VFX_Grid_01_Normal.uasset" 3746
"C:/Users/jeanc/Documents/GitHub/Felix/Multiplayer/Content/Vefects/Easy_Shockwaves_VFX/Demo/Scene/Textures/Grid/T_VFX_Grid_01_Normal.uexp" 3747
"C:/Users/jeanc/Documents/GitHub/Felix/Multiplayer/Content/Vefects/Easy_Shockwaves_VFX/Demo/Scene/Textures/Grid/T_VFX_Grid_01_Masks.ubulk" 3748
"C:/Users/jeanc/Documents/GitHub/Felix/Multiplayer/Content/Vefects/Easy_Shockwaves_VFX/Demo/Scene/Textures/Grid/T_VFX_Grid_01_Masks.uasset" 3749
"C:/Users/jeanc/Documents/GitHub/Felix/Multiplayer/Content/Vefects/Easy_Shockwaves_VFX/Demo/Scene/Textures/Grid/T_VFX_Grid_01_Masks.uexp" 3750
"C:/Users/jeanc/Documents/GitHub/Felix/Multiplayer/Content/Vefects/Easy_Shockwaves_VFX/Demo/Scene/Materials/MM_Vefects_Grid.uasset" 3751
"C:/Users/jeanc/Documents/GitHub/Felix/Multiplayer/Content/Vefects/Easy_Shockwaves_VFX/Demo/Scene/Materials/MM_Vefects_Grid.uexp" 3752
"C:/Users/jeanc/Documents/GitHub/Felix/Multiplayer/Content/Vefects/Easy_Shockwaves_VFX/Demo/Scene/Materials/MI_Vefects_Grid_02.uasset" 3753
"C:/Users/jeanc/Documents/GitHub/Felix/Multiplayer/Content/Vefects/Easy_Shockwaves_VFX/Demo/Scene/Materials/MI_Vefects_Grid_02.uexp" 3754
"C:/Users/jeanc/Documents/GitHub/Felix/Multiplayer/Content/Vefects/Easy_Shockwaves_VFX/VFX/Shockwaves/Particles/Color_Variation/VFX_Shockwave_01_Pink_Big_1s.uasset" 3755
"C:/Users/jeanc/Documents/GitHub/Felix/Multiplayer/Content/Vefects/Easy_Shockwaves_VFX/VFX/Shockwaves/Particles/Color_Variation/VFX_Shockwave_01_Pink_Big_1s.uexp" 3756
"C:/Users/jeanc/Documents/GitHub/Felix/Multiplayer/Content/Vefects/Easy_Shockwaves_VFX/VFX/Shockwaves/Particles/Color_Variation/VFX_Shockwave_Vertical_01_Purple_Big_1s.uasset" 3757
"C:/Users/jeanc/Documents/GitHub/Felix/Multiplayer/Content/Vefects/Easy_Shockwaves_VFX/VFX/Shockwaves/Particles/Color_Variation/VFX_Shockwave_Vertical_01_Purple_Big_1s.uexp" 3758
"C:/Users/jeanc/Documents/GitHub/Felix/Multiplayer/Content/Vefects/Easy_Shockwaves_VFX/VFX/Shockwaves/Particles/Color_Variation/VFX_Shockwave_Vertical_01_Black_Big_1s.uasset" 3759
"C:/Users/jeanc/Documents/GitHub/Felix/Multiplayer/Content/Vefects/Easy_Shockwaves_VFX/VFX/Shockwaves/Particles/Color_Variation/VFX_Shockwave_Vertical_01_Black_Big_1s.uexp" 3760
"C:/Users/jeanc/Documents/GitHub/Felix/Multiplayer/Content/Vefects/Easy_Shockwaves_VFX/VFX/Shockwaves_Distortion/Particles/VFX_Shockwave_Distortion_01_1s.uasset" 3761
"C:/Users/jeanc/Documents/GitHub/Felix/Multiplayer/Content/Vefects/Easy_Shockwaves_VFX/VFX/Shockwaves_Distortion/Particles/VFX_Shockwave_Distortion_01_1s.uexp" 3762
"C:/Users/jeanc/Documents/GitHub/Felix/Multiplayer/Content/Vefects/Easy_Shockwaves_VFX/VFX/Shockwaves_Distortion/Particles/VFX_Shockwave_Distortion_01_Big_1s.uasset" 3763
"C:/Users/jeanc/Documents/GitHub/Felix/Multiplayer/Content/Vefects/Easy_Shockwaves_VFX/VFX/Shockwaves_Distortion/Particles/VFX_Shockwave_Distortion_01_Big_1s.uexp" 3764
"C:/Users/jeanc/Documents/GitHub/Felix/Multiplayer/Content/Vefects/Easy_Shockwaves_VFX/VFX/Shockwaves/Particles/Vertical/VFX_Shockwave_Vertical_01_White_Small_1s.uasset" 3765
"C:/Users/jeanc/Documents/GitHub/Felix/Multiplayer/Content/Vefects/Easy_Shockwaves_VFX/VFX/Shockwaves/Particles/Vertical/VFX_Shockwave_Vertical_01_White_Small_1s.uexp" 3766
"C:/Users/jeanc/Documents/GitHub/Felix/Multiplayer/Content/Vefects/Easy_Shockwaves_VFX/VFX/Shockwaves/Particles/RGB/Vertical/VFX_Shockwave_Vertical_01_RGB_1s.uasset" 3767
"C:/Users/jeanc/Documents/GitHub/Felix/Multiplayer/Content/Vefects/Easy_Shockwaves_VFX/VFX/Shockwaves/Particles/RGB/Vertical/VFX_Shockwave_Vertical_01_RGB_1s.uexp" 3768
"C:/Users/jeanc/Documents/GitHub/Felix/Multiplayer/Content/Vefects/Easy_Shockwaves_VFX/VFX/Shockwaves/Particles/VFX_Shockwave_01_White_Small_1s.uasset" 3769
"C:/Users/jeanc/Documents/GitHub/Felix/Multiplayer/Content/Vefects/Easy_Shockwaves_VFX/VFX/Shockwaves/Particles/VFX_Shockwave_01_White_Small_1s.uexp" 3770
"C:/Users/jeanc/Documents/GitHub/Felix/Multiplayer/Content/Vefects/Easy_Shockwaves_VFX/Maps/Overview_Map_Light.uexp" 3771
"C:/Users/jeanc/Documents/GitHub/Felix/Multiplayer/Content/Vefects/Easy_Shockwaves_VFX/Maps/Overview_Map_Light.umap" 3772
"C:/Users/jeanc/Documents/GitHub/Felix/Multiplayer/Content/Vefects/Easy_Shockwaves_VFX/Maps/Overview_Map_Dark_BuiltData.uasset" 3773
"C:/Users/jeanc/Documents/GitHub/Felix/Multiplayer/Content/Vefects/Easy_Shockwaves_VFX/Maps/Overview_Map_Dark_BuiltData.uexp" 3774
"C:/Users/jeanc/Documents/GitHub/Felix/Multiplayer/Content/Vefects/Easy_Shockwaves_VFX/Demo/Scene/Materials/MI_Vefects_Grid_01.uasset" 3775
"C:/Users/jeanc/Documents/GitHub/Felix/Multiplayer/Content/Vefects/Easy_Shockwaves_VFX/Demo/Scene/Materials/MI_Vefects_Grid_01.uexp" 3776
"C:/Users/jeanc/Documents/GitHub/Felix/Multiplayer/Content/Vefects/Easy_Shockwaves_VFX/Demo/Scene/Textures/Sky/T_Lush_HDRI_05_Blur_Opti.uasset" 3777
"C:/Users/jeanc/Documents/GitHub/Felix/Multiplayer/Content/Vefects/Easy_Shockwaves_VFX/Demo/Scene/Textures/Sky/T_Lush_HDRI_05_Blur_Opti.uexp" 3778
"C:/Users/jeanc/Documents/GitHub/Felix/Multiplayer/Content/Vefects/Easy_Shockwaves_VFX/Maps/Overview_Map_Dark.uexp" 3779
"C:/Users/jeanc/Documents/GitHub/Felix/Multiplayer/Content/Vefects/Easy_Shockwaves_VFX/Maps/Overview_Map_Dark.umap" 3780
"C:/Users/jeanc/Documents/GitHub/Felix/Multiplayer/Content/Vefects/Easy_Shockwaves_VFX/Maps/LVL_BuiltData.uasset" 3781
"C:/Users/jeanc/Documents/GitHub/Felix/Multiplayer/Content/Vefects/Easy_Shockwaves_VFX/Maps/LVL_BuiltData.uexp" 3782
"C:/Users/jeanc/Documents/GitHub/Felix/Multiplayer/Content/Vefects/Easy_Shockwaves_VFX/Maps/LVL.uexp" 3783
"C:/Users/jeanc/Documents/GitHub/Felix/Multiplayer/Content/Vefects/Easy_Shockwaves_VFX/Maps/LVL.umap" 3784
"C:/Users/jeanc/Documents/GitHub/Felix/Multiplayer/Content/Blueprints/Gameplay/TUTO/BP_TutorialWaterTrigger.uasset" 3785
"C:/Users/jeanc/Documents/GitHub/Felix/Multiplayer/Content/Blueprints/Gameplay/TUTO/BP_TutorialWaterTrigger.uexp" 3786
"C:/Users/jeanc/Documents/GitHub/Felix/Multiplayer/Content/Blueprints/Gameplay/TUTO/BP_TutorialWidget.uasset" 3787
"C:/Users/jeanc/Documents/GitHub/Felix/Multiplayer/Content/Blueprints/Gameplay/TUTO/BP_TutorialWidget.uexp" 3788
"C:/Users/jeanc/Documents/GitHub/Felix/Multiplayer/Content/Blueprints/Gameplay/TUTO/BP_WormsCharacterTuto.uasset" 3789
"C:/Users/jeanc/Documents/GitHub/Felix/Multiplayer/Content/Blueprints/Gameplay/TUTO/BP_WormsCharacterTuto.uexp" 3790
"../../../Engine/Plugins/FX/Niagara/Content/DefaultAssets/DefaultRIbbonMaterial.uasset" 3791
"../../../Engine/Plugins/FX/Niagara/Content/DefaultAssets/DefaultRIbbonMaterial.uexp" 3792
"../../../Engine/Plugins/FX/Niagara/Content/DefaultAssets/DefaultSpriteMaterial.uasset" 3793
"../../../Engine/Plugins/FX/Niagara/Content/DefaultAssets/DefaultSpriteMaterial.uexp" 3794
"../../../Engine/Plugins/FX/Niagara/Content/DefaultAssets/Templates/Systems/DirectionalBurst.uasset" 3795
"../../../Engine/Plugins/FX/Niagara/Content/DefaultAssets/Templates/Systems/DirectionalBurst.uexp" 3796
"C:/Users/jeanc/Documents/GitHub/Felix/Multiplayer/Content/Blueprints/Gameplay/TUTO/BP_ATutorialTargetBuilding.uasset" 3797
"C:/Users/jeanc/Documents/GitHub/Felix/Multiplayer/Content/Blueprints/Gameplay/TUTO/BP_ATutorialTargetBuilding.uexp" 3798
"C:/Users/jeanc/Documents/GitHub/Felix/Multiplayer/Content/Blueprints/Gameplay/TUTO/BP_WormTutorialGameMode.uasset" 3799
"C:/Users/jeanc/Documents/GitHub/Felix/Multiplayer/Content/Blueprints/Gameplay/TUTO/BP_WormTutorialGameMode.uexp" 3800
"C:/Users/jeanc/Documents/GitHub/Felix/Multiplayer/Content/Blueprints/Gameplay/TUTO/BP_EnvironementalManagerTUTO.uasset" 3801
"C:/Users/jeanc/Documents/GitHub/Felix/Multiplayer/Content/Blueprints/Gameplay/TUTO/BP_EnvironementalManagerTUTO.uexp" 3802
"C:/Users/jeanc/Documents/GitHub/Felix/Multiplayer/Content/Blueprints/Gameplay/TUTO/TUTO.uexp" 3803
"C:/Users/jeanc/Documents/GitHub/Felix/Multiplayer/Content/Blueprints/Gameplay/TUTO/TUTO.umap" 3804
"C:/Users/jeanc/Documents/GitHub/Felix/Multiplayer/Content/AnimalVarietyPack/Wolf/Animations/ANIM_Wolf_GetHitRight.uasset" 3805
"C:/Users/jeanc/Documents/GitHub/Felix/Multiplayer/Content/AnimalVarietyPack/Wolf/Animations/ANIM_Wolf_GetHitRight.uexp" 3806
"C:/Users/jeanc/Documents/GitHub/Felix/Multiplayer/Content/AnimalVarietyPack/Wolf/Maps/Overview_BuiltData.ubulk" 3807
"C:/Users/jeanc/Documents/GitHub/Felix/Multiplayer/Content/AnimalVarietyPack/Wolf/Maps/Overview_BuiltData.uasset" 3808
"C:/Users/jeanc/Documents/GitHub/Felix/Multiplayer/Content/AnimalVarietyPack/Wolf/Maps/Overview_BuiltData.uexp" 3809
"C:/Users/jeanc/Documents/GitHub/Felix/Multiplayer/Content/AnimalVarietyPack/Wolf/Textures/T_WolfArctic_BaseColorAlpha.ubulk" 3810
"C:/Users/jeanc/Documents/GitHub/Felix/Multiplayer/Content/AnimalVarietyPack/Wolf/Textures/T_WolfArctic_BaseColorAlpha.uasset" 3811
"C:/Users/jeanc/Documents/GitHub/Felix/Multiplayer/Content/AnimalVarietyPack/Wolf/Textures/T_WolfArctic_BaseColorAlpha.uexp" 3812
"C:/Users/jeanc/Documents/GitHub/Felix/Multiplayer/Content/AnimalVarietyPack/Wolf/Materials/M_WolfFurArctic.uasset" 3813
"C:/Users/jeanc/Documents/GitHub/Felix/Multiplayer/Content/AnimalVarietyPack/Wolf/Materials/M_WolfFurArctic.uexp" 3814
"C:/Users/jeanc/Documents/GitHub/Felix/Multiplayer/Content/AnimalVarietyPack/Wolf/Animations/ANIM_Wolf_Death.uasset" 3815
"C:/Users/jeanc/Documents/GitHub/Felix/Multiplayer/Content/AnimalVarietyPack/Wolf/Animations/ANIM_Wolf_Death.uexp" 3816
"C:/Users/jeanc/Documents/GitHub/Felix/Multiplayer/Content/AnimalVarietyPack/Wolf/Animations/ANIM_Wolf_Walk_RM.uasset" 3817
"C:/Users/jeanc/Documents/GitHub/Felix/Multiplayer/Content/AnimalVarietyPack/Wolf/Animations/ANIM_Wolf_Walk_RM.uexp" 3818
"C:/Users/jeanc/Documents/GitHub/Felix/Multiplayer/Content/AnimalVarietyPack/Wolf/Animations/ANIM_Wolf_RunBite_RM.uasset" 3819
"C:/Users/jeanc/Documents/GitHub/Felix/Multiplayer/Content/AnimalVarietyPack/Wolf/Animations/ANIM_Wolf_RunBite_RM.uexp" 3820
"C:/Users/jeanc/Documents/GitHub/Felix/Multiplayer/Content/AnimalVarietyPack/Wolf/Textures/T_WolfDark_BaseColorAlpha.ubulk" 3821
"C:/Users/jeanc/Documents/GitHub/Felix/Multiplayer/Content/AnimalVarietyPack/Wolf/Textures/T_WolfDark_BaseColorAlpha.uasset" 3822
"C:/Users/jeanc/Documents/GitHub/Felix/Multiplayer/Content/AnimalVarietyPack/Wolf/Textures/T_WolfDark_BaseColorAlpha.uexp" 3823
"C:/Users/jeanc/Documents/GitHub/Felix/Multiplayer/Content/AnimalVarietyPack/Wolf/Materials/M_WolfFurDark.uasset" 3824
"C:/Users/jeanc/Documents/GitHub/Felix/Multiplayer/Content/AnimalVarietyPack/Wolf/Materials/M_WolfFurDark.uexp" 3825
"C:/Users/jeanc/Documents/GitHub/Felix/Multiplayer/Content/AnimalVarietyPack/Wolf/Animations/ANIM_Wolf_Bite.uasset" 3826
"C:/Users/jeanc/Documents/GitHub/Felix/Multiplayer/Content/AnimalVarietyPack/Wolf/Animations/ANIM_Wolf_Bite.uexp" 3827
"C:/Users/jeanc/Documents/GitHub/Felix/Multiplayer/Content/AnimalVarietyPack/Wolf/Materials/M_WolfArctic.uasset" 3828
"C:/Users/jeanc/Documents/GitHub/Felix/Multiplayer/Content/AnimalVarietyPack/Wolf/Materials/M_WolfArctic.uexp" 3829
"C:/Users/jeanc/Documents/GitHub/Felix/Multiplayer/Content/AnimalVarietyPack/Wolf/Animations/ANIM_Wolf_JumpBite.uasset" 3830
"C:/Users/jeanc/Documents/GitHub/Felix/Multiplayer/Content/AnimalVarietyPack/Wolf/Animations/ANIM_Wolf_JumpBite.uexp" 3831
"C:/Users/jeanc/Documents/GitHub/Felix/Multiplayer/Content/AnimalVarietyPack/Wolf/Animations/ANIM_Wolf_GetHitFront.uasset" 3832
"C:/Users/jeanc/Documents/GitHub/Felix/Multiplayer/Content/AnimalVarietyPack/Wolf/Animations/ANIM_Wolf_GetHitFront.uexp" 3833
"C:/Users/jeanc/Documents/GitHub/Felix/Multiplayer/Content/AnimalVarietyPack/Wolf/Animations/ANIM_Wolf_Howl.uasset" 3834
"C:/Users/jeanc/Documents/GitHub/Felix/Multiplayer/Content/AnimalVarietyPack/Wolf/Animations/ANIM_Wolf_Howl.uexp" 3835
"C:/Users/jeanc/Documents/GitHub/Felix/Multiplayer/Content/AnimalVarietyPack/Wolf/Animations/ANIM_Wolf_Run_RM.uasset" 3836
"C:/Users/jeanc/Documents/GitHub/Felix/Multiplayer/Content/AnimalVarietyPack/Wolf/Animations/ANIM_Wolf_Run_RM.uexp" 3837
"C:/Users/jeanc/Documents/GitHub/Felix/Multiplayer/Content/AnimalVarietyPack/Wolf/Animations/ANIM_Wolf_JumpBite_RM.uasset" 3838
"C:/Users/jeanc/Documents/GitHub/Felix/Multiplayer/Content/AnimalVarietyPack/Wolf/Animations/ANIM_Wolf_JumpBite_RM.uexp" 3839
"C:/Users/jeanc/Documents/GitHub/Felix/Multiplayer/Content/AnimalVarietyPack/Wolf/Textures/T_WolfDark_Illum.ubulk" 3840
"C:/Users/jeanc/Documents/GitHub/Felix/Multiplayer/Content/AnimalVarietyPack/Wolf/Textures/T_WolfDark_Illum.uasset" 3841
"C:/Users/jeanc/Documents/GitHub/Felix/Multiplayer/Content/AnimalVarietyPack/Wolf/Textures/T_WolfDark_Illum.uexp" 3842
"C:/Users/jeanc/Documents/GitHub/Felix/Multiplayer/Content/AnimalVarietyPack/Wolf/Materials/M_WolfDark.uasset" 3843
"C:/Users/jeanc/Documents/GitHub/Felix/Multiplayer/Content/AnimalVarietyPack/Wolf/Materials/M_WolfDark.uexp" 3844
"C:/Users/jeanc/Documents/GitHub/Felix/Multiplayer/Content/AnimalVarietyPack/Wolf/Animations/ANIM_Wolf_GetHitLeft.uasset" 3845
"C:/Users/jeanc/Documents/GitHub/Felix/Multiplayer/Content/AnimalVarietyPack/Wolf/Animations/ANIM_Wolf_GetHitLeft.uexp" 3846
"C:/Users/jeanc/Documents/GitHub/Felix/Multiplayer/Content/AnimalVarietyPack/Wolf/Maps/Overview.uexp" 3847
"C:/Users/jeanc/Documents/GitHub/Felix/Multiplayer/Content/AnimalVarietyPack/Wolf/Maps/Overview.umap" 3848
"C:/Users/jeanc/Documents/GitHub/Felix/Multiplayer/Content/AnimalVarietyPack/Pig/Animations/ANIM_Pig_IdleBreathe.uasset" 3849
"C:/Users/jeanc/Documents/GitHub/Felix/Multiplayer/Content/AnimalVarietyPack/Pig/Animations/ANIM_Pig_IdleBreathe.uexp" 3850
"C:/Users/jeanc/Documents/GitHub/Felix/Multiplayer/Content/AnimalVarietyPack/Pig/Animations/ANIM_Pig_ComboAttackForward_RM.uasset" 3851
"C:/Users/jeanc/Documents/GitHub/Felix/Multiplayer/Content/AnimalVarietyPack/Pig/Animations/ANIM_Pig_ComboAttackForward_RM.uexp" 3852
"C:/Users/jeanc/Documents/GitHub/Felix/Multiplayer/Content/AnimalVarietyPack/Pig/Animations/ANIM_Pig_Chew.uasset" 3853
"C:/Users/jeanc/Documents/GitHub/Felix/Multiplayer/Content/AnimalVarietyPack/Pig/Animations/ANIM_Pig_Chew.uexp" 3854
"C:/Users/jeanc/Documents/GitHub/Felix/Multiplayer/Content/AnimalVarietyPack/Pig/Textures/T_PigDirty_BaseColor.ubulk" 3855
"C:/Users/jeanc/Documents/GitHub/Felix/Multiplayer/Content/AnimalVarietyPack/Pig/Textures/T_PigDirty_BaseColor.uasset" 3856
"C:/Users/jeanc/Documents/GitHub/Felix/Multiplayer/Content/AnimalVarietyPack/Pig/Textures/T_PigDirty_BaseColor.uexp" 3857
"C:/Users/jeanc/Documents/GitHub/Felix/Multiplayer/Content/AnimalVarietyPack/Pig/Textures/T_PigDirty_Nml.ubulk" 3858
"C:/Users/jeanc/Documents/GitHub/Felix/Multiplayer/Content/AnimalVarietyPack/Pig/Textures/T_PigDirty_Nml.uasset" 3859
"C:/Users/jeanc/Documents/GitHub/Felix/Multiplayer/Content/AnimalVarietyPack/Pig/Textures/T_PigDirty_Nml.uexp" 3860
"C:/Users/jeanc/Documents/GitHub/Felix/Multiplayer/Content/AnimalVarietyPack/Pig/Textures/T_PigDirty_OcclusionRoughnessMetallic.ubulk" 3861
"C:/Users/jeanc/Documents/GitHub/Felix/Multiplayer/Content/AnimalVarietyPack/Pig/Textures/T_PigDirty_OcclusionRoughnessMetallic.uasset" 3862
"C:/Users/jeanc/Documents/GitHub/Felix/Multiplayer/Content/AnimalVarietyPack/Pig/Textures/T_PigDirty_OcclusionRoughnessMetallic.uexp" 3863
"C:/Users/jeanc/Documents/GitHub/Felix/Multiplayer/Content/AnimalVarietyPack/Pig/Materials/M_PigHairDirty.uasset" 3864
"C:/Users/jeanc/Documents/GitHub/Felix/Multiplayer/Content/AnimalVarietyPack/Pig/Materials/M_PigHairDirty.uexp" 3865
"C:/Users/jeanc/Documents/GitHub/Felix/Multiplayer/Content/AnimalVarietyPack/Pig/Animations/ANIM_Pig_Walk_RM.uasset" 3866
"C:/Users/jeanc/Documents/GitHub/Felix/Multiplayer/Content/AnimalVarietyPack/Pig/Animations/ANIM_Pig_Walk_RM.uexp" 3867
"C:/Users/jeanc/Documents/GitHub/Felix/Multiplayer/Content/AnimalVarietyPack/Pig/Animations/ANIM_Pig_ComboAttackForward.uasset" 3868
"C:/Users/jeanc/Documents/GitHub/Felix/Multiplayer/Content/AnimalVarietyPack/Pig/Animations/ANIM_Pig_ComboAttackForward.uexp" 3869
"C:/Users/jeanc/Documents/GitHub/Felix/Multiplayer/Content/AnimalVarietyPack/Pig/Animations/ANIM_Pig_Death.uasset" 3870
"C:/Users/jeanc/Documents/GitHub/Felix/Multiplayer/Content/AnimalVarietyPack/Pig/Animations/ANIM_Pig_Death.uexp" 3871
"C:/Users/jeanc/Documents/GitHub/Felix/Multiplayer/Content/AnimalVarietyPack/Pig/Animations/ANIM_Pig_SniffleforFood.uasset" 3872
"C:/Users/jeanc/Documents/GitHub/Felix/Multiplayer/Content/AnimalVarietyPack/Pig/Animations/ANIM_Pig_SniffleforFood.uexp" 3873
"C:/Users/jeanc/Documents/GitHub/Felix/Multiplayer/Content/AnimalVarietyPack/Pig/Animations/ANIM_Pig_GetHit.uasset" 3874
"C:/Users/jeanc/Documents/GitHub/Felix/Multiplayer/Content/AnimalVarietyPack/Pig/Animations/ANIM_Pig_GetHit.uexp" 3875
"C:/Users/jeanc/Documents/GitHub/Felix/Multiplayer/Content/AnimalVarietyPack/Pig/Animations/ANIM_Pig_attack.uasset" 3876
"C:/Users/jeanc/Documents/GitHub/Felix/Multiplayer/Content/AnimalVarietyPack/Pig/Animations/ANIM_Pig_attack.uexp" 3877
"C:/Users/jeanc/Documents/GitHub/Felix/Multiplayer/Content/AnimalVarietyPack/Pig/Animations/ANIM_Pig_Run_RM.uasset" 3878
"C:/Users/jeanc/Documents/GitHub/Felix/Multiplayer/Content/AnimalVarietyPack/Pig/Animations/ANIM_Pig_Run_RM.uexp" 3879
"C:/Users/jeanc/Documents/GitHub/Felix/Multiplayer/Content/AnimalVarietyPack/Pig/Maps/Overview_BuiltData.ubulk" 3880
"C:/Users/jeanc/Documents/GitHub/Felix/Multiplayer/Content/AnimalVarietyPack/Pig/Maps/Overview_BuiltData.uasset" 3881
"C:/Users/jeanc/Documents/GitHub/Felix/Multiplayer/Content/AnimalVarietyPack/Pig/Maps/Overview_BuiltData.uexp" 3882
"C:/Users/jeanc/Documents/GitHub/Felix/Multiplayer/Content/AnimalVarietyPack/Pig/Materials/M_PigDirty.uasset" 3883
"C:/Users/jeanc/Documents/GitHub/Felix/Multiplayer/Content/AnimalVarietyPack/Pig/Materials/M_PigDirty.uexp" 3884
"C:/Users/jeanc/Documents/GitHub/Felix/Multiplayer/Content/AnimalVarietyPack/Pig/Maps/Overview.uexp" 3885
"C:/Users/jeanc/Documents/GitHub/Felix/Multiplayer/Content/AnimalVarietyPack/Pig/Maps/Overview.umap" 3886
"C:/Users/jeanc/Documents/GitHub/Felix/Multiplayer/Content/AnimalVarietyPack/Fox/Animations/ANIM_Fox_RunBite.uasset" 3887
"C:/Users/jeanc/Documents/GitHub/Felix/Multiplayer/Content/AnimalVarietyPack/Fox/Animations/ANIM_Fox_RunBite.uexp" 3888
"C:/Users/jeanc/Documents/GitHub/Felix/Multiplayer/Content/AnimalVarietyPack/Fox/Animations/ANIM_Fox_Bite.uasset" 3889
"C:/Users/jeanc/Documents/GitHub/Felix/Multiplayer/Content/AnimalVarietyPack/Fox/Animations/ANIM_Fox_Bite.uexp" 3890
"C:/Users/jeanc/Documents/GitHub/Felix/Multiplayer/Content/AnimalVarietyPack/Fox/Animations/ANIM_Fox_JumpBite_RM.uasset" 3891
"C:/Users/jeanc/Documents/GitHub/Felix/Multiplayer/Content/AnimalVarietyPack/Fox/Animations/ANIM_Fox_JumpBite_RM.uexp" 3892
"C:/Users/jeanc/Documents/GitHub/Felix/Multiplayer/Content/AnimalVarietyPack/Fox/Animations/ANIM_Fox_Run_RM.uasset" 3893
"C:/Users/jeanc/Documents/GitHub/Felix/Multiplayer/Content/AnimalVarietyPack/Fox/Animations/ANIM_Fox_Run_RM.uexp" 3894
"C:/Users/jeanc/Documents/GitHub/Felix/Multiplayer/Content/AnimalVarietyPack/Fox/Animations/ANIM_Fox_GetHitRight.uasset" 3895
"C:/Users/jeanc/Documents/GitHub/Felix/Multiplayer/Content/AnimalVarietyPack/Fox/Animations/ANIM_Fox_GetHitRight.uexp" 3896
"C:/Users/jeanc/Documents/GitHub/Felix/Multiplayer/Content/AnimalVarietyPack/Fox/Animations/ANIM_Fox_Death.uasset" 3897
"C:/Users/jeanc/Documents/GitHub/Felix/Multiplayer/Content/AnimalVarietyPack/Fox/Animations/ANIM_Fox_Death.uexp" 3898
"C:/Users/jeanc/Documents/GitHub/Felix/Multiplayer/Content/AnimalVarietyPack/Fox/Animations/ANIM_Fox_GetHitFront.uasset" 3899
"C:/Users/jeanc/Documents/GitHub/Felix/Multiplayer/Content/AnimalVarietyPack/Fox/Animations/ANIM_Fox_GetHitFront.uexp" 3900
"C:/Users/jeanc/Documents/GitHub/Felix/Multiplayer/Content/AnimalVarietyPack/Fox/Animations/ANIM_Fox_Walk_RM.uasset" 3901
"C:/Users/jeanc/Documents/GitHub/Felix/Multiplayer/Content/AnimalVarietyPack/Fox/Animations/ANIM_Fox_Walk_RM.uexp" 3902
"C:/Users/jeanc/Documents/GitHub/Felix/Multiplayer/Content/AnimalVarietyPack/Fox/Animations/ANIM_Fox_RunBite_RM.uasset" 3903
"C:/Users/jeanc/Documents/GitHub/Felix/Multiplayer/Content/AnimalVarietyPack/Fox/Animations/ANIM_Fox_RunBite_RM.uexp" 3904
"C:/Users/jeanc/Documents/GitHub/Felix/Multiplayer/Content/AnimalVarietyPack/Fox/Maps/Overview_BuiltData.ubulk" 3905
"C:/Users/jeanc/Documents/GitHub/Felix/Multiplayer/Content/AnimalVarietyPack/Fox/Maps/Overview_BuiltData.uasset" 3906
"C:/Users/jeanc/Documents/GitHub/Felix/Multiplayer/Content/AnimalVarietyPack/Fox/Maps/Overview_BuiltData.uexp" 3907
"C:/Users/jeanc/Documents/GitHub/Felix/Multiplayer/Content/AnimalVarietyPack/Fox/Animations/ANIM_Fox_GetHitLeft.uasset" 3908
"C:/Users/jeanc/Documents/GitHub/Felix/Multiplayer/Content/AnimalVarietyPack/Fox/Animations/ANIM_Fox_GetHitLeft.uexp" 3909
"C:/Users/jeanc/Documents/GitHub/Felix/Multiplayer/Content/AnimalVarietyPack/Fox/Animations/ANIM_Fox_JumpBite.uasset" 3910
"C:/Users/jeanc/Documents/GitHub/Felix/Multiplayer/Content/AnimalVarietyPack/Fox/Animations/ANIM_Fox_JumpBite.uexp" 3911
"C:/Users/jeanc/Documents/GitHub/Felix/Multiplayer/Content/AnimalVarietyPack/Fox/Maps/Overview.uexp" 3912
"C:/Users/jeanc/Documents/GitHub/Felix/Multiplayer/Content/AnimalVarietyPack/Fox/Maps/Overview.umap" 3913
"C:/Users/jeanc/Documents/GitHub/Felix/Multiplayer/Content/AnimalVarietyPack/DeerStagAndDoe/Meshes/SK_DeerStag_PhysicsAsset.uasset" 3914
"C:/Users/jeanc/Documents/GitHub/Felix/Multiplayer/Content/AnimalVarietyPack/DeerStagAndDoe/Meshes/SK_DeerStag_PhysicsAsset.uexp" 3915
"C:/Users/jeanc/Documents/GitHub/Felix/Multiplayer/Content/AnimalVarietyPack/DeerStagAndDoe/Textures/T_Stag_BaseColor.ubulk" 3916
"C:/Users/jeanc/Documents/GitHub/Felix/Multiplayer/Content/AnimalVarietyPack/DeerStagAndDoe/Textures/T_Stag_BaseColor.uasset" 3917
"C:/Users/jeanc/Documents/GitHub/Felix/Multiplayer/Content/AnimalVarietyPack/DeerStagAndDoe/Textures/T_Stag_BaseColor.uexp" 3918
"C:/Users/jeanc/Documents/GitHub/Felix/Multiplayer/Content/AnimalVarietyPack/DeerStagAndDoe/Textures/T_Stag_Specular.uasset" 3919
"C:/Users/jeanc/Documents/GitHub/Felix/Multiplayer/Content/AnimalVarietyPack/DeerStagAndDoe/Textures/T_Stag_Specular.uexp" 3920
"C:/Users/jeanc/Documents/GitHub/Felix/Multiplayer/Content/AnimalVarietyPack/DeerStagAndDoe/Textures/T_Stag_OcclusionRoughnessMetllic.ubulk" 3921
"C:/Users/jeanc/Documents/GitHub/Felix/Multiplayer/Content/AnimalVarietyPack/DeerStagAndDoe/Textures/T_Stag_OcclusionRoughnessMetllic.uasset" 3922
"C:/Users/jeanc/Documents/GitHub/Felix/Multiplayer/Content/AnimalVarietyPack/DeerStagAndDoe/Textures/T_Stag_OcclusionRoughnessMetllic.uexp" 3923
"C:/Users/jeanc/Documents/GitHub/Felix/Multiplayer/Content/AnimalVarietyPack/DeerStagAndDoe/Textures/T_Stag_Nml.ubulk" 3924
"C:/Users/jeanc/Documents/GitHub/Felix/Multiplayer/Content/AnimalVarietyPack/DeerStagAndDoe/Textures/T_Stag_Nml.uasset" 3925
"C:/Users/jeanc/Documents/GitHub/Felix/Multiplayer/Content/AnimalVarietyPack/DeerStagAndDoe/Textures/T_Stag_Nml.uexp" 3926
"C:/Users/jeanc/Documents/GitHub/Felix/Multiplayer/Content/AnimalVarietyPack/DeerStagAndDoe/Materials/M_DeerStagFur.uasset" 3927
"C:/Users/jeanc/Documents/GitHub/Felix/Multiplayer/Content/AnimalVarietyPack/DeerStagAndDoe/Materials/M_DeerStagFur.uexp" 3928
"C:/Users/jeanc/Documents/GitHub/Felix/Multiplayer/Content/AnimalVarietyPack/DeerStagAndDoe/Materials/M_DeerStag.uasset" 3929
"C:/Users/jeanc/Documents/GitHub/Felix/Multiplayer/Content/AnimalVarietyPack/DeerStagAndDoe/Materials/M_DeerStag.uexp" 3930
"C:/Users/jeanc/Documents/GitHub/Felix/Multiplayer/Content/AnimalVarietyPack/DeerStagAndDoe/Meshes/SK_DeerStag.uasset" 3931
"C:/Users/jeanc/Documents/GitHub/Felix/Multiplayer/Content/AnimalVarietyPack/DeerStagAndDoe/Meshes/SK_DeerStag.uexp" 3932
"C:/Users/jeanc/Documents/GitHub/Felix/Multiplayer/Content/AnimalVarietyPack/DeerStagAndDoe/Animations/ANIM_DeerStag_Death.uasset" 3933
"C:/Users/jeanc/Documents/GitHub/Felix/Multiplayer/Content/AnimalVarietyPack/DeerStagAndDoe/Animations/ANIM_DeerStag_Death.uexp" 3934
"C:/Users/jeanc/Documents/GitHub/Felix/Multiplayer/Content/AnimalVarietyPack/DeerStagAndDoe/Meshes/SK_DeerDoe_Skeleton.uasset" 3935
"C:/Users/jeanc/Documents/GitHub/Felix/Multiplayer/Content/AnimalVarietyPack/DeerStagAndDoe/Meshes/SK_DeerDoe_Skeleton.uexp" 3936
"C:/Users/jeanc/Documents/GitHub/Felix/Multiplayer/Content/AnimalVarietyPack/DeerStagAndDoe/Animations/ANIM_DeerDoe_WalkTurnR.uasset" 3937
"C:/Users/jeanc/Documents/GitHub/Felix/Multiplayer/Content/AnimalVarietyPack/DeerStagAndDoe/Animations/ANIM_DeerDoe_WalkTurnR.uexp" 3938
"C:/Users/jeanc/Documents/GitHub/Felix/Multiplayer/Content/AnimalVarietyPack/DeerStagAndDoe/Maps/Overview_BuiltData.ubulk" 3939
"C:/Users/jeanc/Documents/GitHub/Felix/Multiplayer/Content/AnimalVarietyPack/DeerStagAndDoe/Maps/Overview_BuiltData.uasset" 3940
"C:/Users/jeanc/Documents/GitHub/Felix/Multiplayer/Content/AnimalVarietyPack/DeerStagAndDoe/Maps/Overview_BuiltData.uexp" 3941
"C:/Users/jeanc/Documents/GitHub/Felix/Multiplayer/Content/AnimalVarietyPack/DeerStagAndDoe/Animations/ANIM_DeerStag_Run_RM.uasset" 3942
"C:/Users/jeanc/Documents/GitHub/Felix/Multiplayer/Content/AnimalVarietyPack/DeerStagAndDoe/Animations/ANIM_DeerStag_Run_RM.uexp" 3943
"C:/Users/jeanc/Documents/GitHub/Felix/Multiplayer/Content/AnimalVarietyPack/DeerStagAndDoe/Animations/ANIM_DeerDoe_WalkTurnL.uasset" 3944
"C:/Users/jeanc/Documents/GitHub/Felix/Multiplayer/Content/AnimalVarietyPack/DeerStagAndDoe/Animations/ANIM_DeerDoe_WalkTurnL.uexp" 3945
"C:/Users/jeanc/Documents/GitHub/Felix/Multiplayer/Content/AnimalVarietyPack/DeerStagAndDoe/Animations/ANIM_DeerDoe_IdleChew.uasset" 3946
"C:/Users/jeanc/Documents/GitHub/Felix/Multiplayer/Content/AnimalVarietyPack/DeerStagAndDoe/Animations/ANIM_DeerDoe_IdleChew.uexp" 3947
"C:/Users/jeanc/Documents/GitHub/Felix/Multiplayer/Content/AnimalVarietyPack/DeerStagAndDoe/Animations/ANIM_DeerStag_AntlersAttack.uasset" 3948
"C:/Users/jeanc/Documents/GitHub/Felix/Multiplayer/Content/AnimalVarietyPack/DeerStagAndDoe/Animations/ANIM_DeerStag_AntlersAttack.uexp" 3949
"C:/Users/jeanc/Documents/GitHub/Felix/Multiplayer/Content/AnimalVarietyPack/DeerStagAndDoe/Animations/ANIM_DeerDoe_IdleLookAround.uasset" 3950
"C:/Users/jeanc/Documents/GitHub/Felix/Multiplayer/Content/AnimalVarietyPack/DeerStagAndDoe/Animations/ANIM_DeerDoe_IdleLookAround.uexp" 3951
"C:/Users/jeanc/Documents/GitHub/Felix/Multiplayer/Content/AnimalVarietyPack/DeerStagAndDoe/Animations/ANIM_DeerDoe_IdleGraze.uasset" 3952
"C:/Users/jeanc/Documents/GitHub/Felix/Multiplayer/Content/AnimalVarietyPack/DeerStagAndDoe/Animations/ANIM_DeerDoe_IdleGraze.uexp" 3953
"C:/Users/jeanc/Documents/GitHub/Felix/Multiplayer/Content/AnimalVarietyPack/DeerStagAndDoe/Animations/ANIM_DeerStag_AntlersComboAttack.uasset" 3954
"C:/Users/jeanc/Documents/GitHub/Felix/Multiplayer/Content/AnimalVarietyPack/DeerStagAndDoe/Animations/ANIM_DeerStag_AntlersComboAttack.uexp" 3955
"C:/Users/jeanc/Documents/GitHub/Felix/Multiplayer/Content/AnimalVarietyPack/DeerStagAndDoe/Animations/ANIM_DeerDoe_WalkTurnR_RM.uasset" 3956
"C:/Users/jeanc/Documents/GitHub/Felix/Multiplayer/Content/AnimalVarietyPack/DeerStagAndDoe/Animations/ANIM_DeerDoe_WalkTurnR_RM.uexp" 3957
"C:/Users/jeanc/Documents/GitHub/Felix/Multiplayer/Content/AnimalVarietyPack/DeerStagAndDoe/Animations/ANIM_DeerDoe_IdleRest.uasset" 3958
"C:/Users/jeanc/Documents/GitHub/Felix/Multiplayer/Content/AnimalVarietyPack/DeerStagAndDoe/Animations/ANIM_DeerDoe_IdleRest.uexp" 3959
"C:/Users/jeanc/Documents/GitHub/Felix/Multiplayer/Content/AnimalVarietyPack/DeerStagAndDoe/Animations/ANIM_DeerDoe_Walk.uasset" 3960
"C:/Users/jeanc/Documents/GitHub/Felix/Multiplayer/Content/AnimalVarietyPack/DeerStagAndDoe/Animations/ANIM_DeerDoe_Walk.uexp" 3961
"C:/Users/jeanc/Documents/GitHub/Felix/Multiplayer/Content/AnimalVarietyPack/DeerStagAndDoe/Animations/ANIM_DeerDoe_WalkTurnL_RM.uasset" 3962
"C:/Users/jeanc/Documents/GitHub/Felix/Multiplayer/Content/AnimalVarietyPack/DeerStagAndDoe/Animations/ANIM_DeerDoe_WalkTurnL_RM.uexp" 3963
"C:/Users/jeanc/Documents/GitHub/Felix/Multiplayer/Content/AnimalVarietyPack/DeerStagAndDoe/Animations/ANIM_DeerStag_Walk.uasset" 3964
"C:/Users/jeanc/Documents/GitHub/Felix/Multiplayer/Content/AnimalVarietyPack/DeerStagAndDoe/Animations/ANIM_DeerStag_Walk.uexp" 3965
"C:/Users/jeanc/Documents/GitHub/Felix/Multiplayer/Content/AnimalVarietyPack/DeerStagAndDoe/Meshes/SK_DeerDoe_PhysicsAsset.uasset" 3966
"C:/Users/jeanc/Documents/GitHub/Felix/Multiplayer/Content/AnimalVarietyPack/DeerStagAndDoe/Meshes/SK_DeerDoe_PhysicsAsset.uexp" 3967
"C:/Users/jeanc/Documents/GitHub/Felix/Multiplayer/Content/AnimalVarietyPack/DeerStagAndDoe/Textures/T_DeerDoe_OcclusionRoughnessMetallic.ubulk" 3968
"C:/Users/jeanc/Documents/GitHub/Felix/Multiplayer/Content/AnimalVarietyPack/DeerStagAndDoe/Textures/T_DeerDoe_OcclusionRoughnessMetallic.uasset" 3969
"C:/Users/jeanc/Documents/GitHub/Felix/Multiplayer/Content/AnimalVarietyPack/DeerStagAndDoe/Textures/T_DeerDoe_OcclusionRoughnessMetallic.uexp" 3970
"C:/Users/jeanc/Documents/GitHub/Felix/Multiplayer/Content/AnimalVarietyPack/DeerStagAndDoe/Textures/T_DeeDoe_Nml.ubulk" 3971
"C:/Users/jeanc/Documents/GitHub/Felix/Multiplayer/Content/AnimalVarietyPack/DeerStagAndDoe/Textures/T_DeeDoe_Nml.uasset" 3972
"C:/Users/jeanc/Documents/GitHub/Felix/Multiplayer/Content/AnimalVarietyPack/DeerStagAndDoe/Textures/T_DeeDoe_Nml.uexp" 3973
"C:/Users/jeanc/Documents/GitHub/Felix/Multiplayer/Content/AnimalVarietyPack/DeerStagAndDoe/Textures/T_DeeDoe_BaseColor.ubulk" 3974
"C:/Users/jeanc/Documents/GitHub/Felix/Multiplayer/Content/AnimalVarietyPack/DeerStagAndDoe/Textures/T_DeeDoe_BaseColor.uasset" 3975
"C:/Users/jeanc/Documents/GitHub/Felix/Multiplayer/Content/AnimalVarietyPack/DeerStagAndDoe/Textures/T_DeeDoe_BaseColor.uexp" 3976
"C:/Users/jeanc/Documents/GitHub/Felix/Multiplayer/Content/AnimalVarietyPack/DeerStagAndDoe/Materials/M_DeerDoeFur.uasset" 3977
"C:/Users/jeanc/Documents/GitHub/Felix/Multiplayer/Content/AnimalVarietyPack/DeerStagAndDoe/Materials/M_DeerDoeFur.uexp" 3978
"C:/Users/jeanc/Documents/GitHub/Felix/Multiplayer/Content/AnimalVarietyPack/DeerStagAndDoe/Materials/M_DeerDoe.uasset" 3979
"C:/Users/jeanc/Documents/GitHub/Felix/Multiplayer/Content/AnimalVarietyPack/DeerStagAndDoe/Materials/M_DeerDoe.uexp" 3980
"C:/Users/jeanc/Documents/GitHub/Felix/Multiplayer/Content/AnimalVarietyPack/DeerStagAndDoe/Meshes/SK_DeerDoe.uasset" 3981
"C:/Users/jeanc/Documents/GitHub/Felix/Multiplayer/Content/AnimalVarietyPack/DeerStagAndDoe/Meshes/SK_DeerDoe.uexp" 3982
"C:/Users/jeanc/Documents/GitHub/Felix/Multiplayer/Content/AnimalVarietyPack/DeerStagAndDoe/Animations/ANIM_DeerDoe_RestToGoBackUp.uasset" 3983
"C:/Users/jeanc/Documents/GitHub/Felix/Multiplayer/Content/AnimalVarietyPack/DeerStagAndDoe/Animations/ANIM_DeerDoe_RestToGoBackUp.uexp" 3984
"C:/Users/jeanc/Documents/GitHub/Felix/Multiplayer/Content/AnimalVarietyPack/DeerStagAndDoe/Animations/ANIM_DeerStag_IdleLookAround.uasset" 3985
"C:/Users/jeanc/Documents/GitHub/Felix/Multiplayer/Content/AnimalVarietyPack/DeerStagAndDoe/Animations/ANIM_DeerStag_IdleLookAround.uexp" 3986
"C:/Users/jeanc/Documents/GitHub/Felix/Multiplayer/Content/AnimalVarietyPack/DeerStagAndDoe/Animations/ANIM_DeerStag_Run.uasset" 3987
"C:/Users/jeanc/Documents/GitHub/Felix/Multiplayer/Content/AnimalVarietyPack/DeerStagAndDoe/Animations/ANIM_DeerStag_Run.uexp" 3988
"C:/Users/jeanc/Documents/GitHub/Felix/Multiplayer/Content/AnimalVarietyPack/DeerStagAndDoe/Animations/ANIM_DeerDoe_WalkGraze.uasset" 3989
"C:/Users/jeanc/Documents/GitHub/Felix/Multiplayer/Content/AnimalVarietyPack/DeerStagAndDoe/Animations/ANIM_DeerDoe_WalkGraze.uexp" 3990
"C:/Users/jeanc/Documents/GitHub/Felix/Multiplayer/Content/AnimalVarietyPack/DeerStagAndDoe/Animations/ANIM_DeerDoe_SleepToGoBackUp.uasset" 3991
"C:/Users/jeanc/Documents/GitHub/Felix/Multiplayer/Content/AnimalVarietyPack/DeerStagAndDoe/Animations/ANIM_DeerDoe_SleepToGoBackUp.uexp" 3992
"C:/Users/jeanc/Documents/GitHub/Felix/Multiplayer/Content/AnimalVarietyPack/DeerStagAndDoe/Animations/ANIM_DeerDoe_Run.uasset" 3993
"C:/Users/jeanc/Documents/GitHub/Felix/Multiplayer/Content/AnimalVarietyPack/DeerStagAndDoe/Animations/ANIM_DeerDoe_Run.uexp" 3994
"C:/Users/jeanc/Documents/GitHub/Felix/Multiplayer/Content/AnimalVarietyPack/DeerStagAndDoe/Animations/ANIM_DeerDoe_Death.uasset" 3995
"C:/Users/jeanc/Documents/GitHub/Felix/Multiplayer/Content/AnimalVarietyPack/DeerStagAndDoe/Animations/ANIM_DeerDoe_Death.uexp" 3996
"C:/Users/jeanc/Documents/GitHub/Felix/Multiplayer/Content/AnimalVarietyPack/DeerStagAndDoe/Animations/ANIM_DeerDoe_IdleBreathe.uasset" 3997
"C:/Users/jeanc/Documents/GitHub/Felix/Multiplayer/Content/AnimalVarietyPack/DeerStagAndDoe/Animations/ANIM_DeerDoe_IdleBreathe.uexp" 3998
"C:/Users/jeanc/Documents/GitHub/Felix/Multiplayer/Content/AnimalVarietyPack/DeerStagAndDoe/Animations/ANIM_DeerStag_IdleBreathe.uasset" 3999
"C:/Users/jeanc/Documents/GitHub/Felix/Multiplayer/Content/AnimalVarietyPack/DeerStagAndDoe/Animations/ANIM_DeerStag_IdleBreathe.uexp" 4000
"C:/Users/jeanc/Documents/GitHub/Felix/Multiplayer/Content/AnimalVarietyPack/DeerStagAndDoe/Animations/ANIM_DeerDoe_Run_RM.uasset" 4001
"C:/Users/jeanc/Documents/GitHub/Felix/Multiplayer/Content/AnimalVarietyPack/DeerStagAndDoe/Animations/ANIM_DeerDoe_Run_RM.uexp" 4002
"C:/Users/jeanc/Documents/GitHub/Felix/Multiplayer/Content/AnimalVarietyPack/DeerStagAndDoe/Animations/ANIM_DeerDoe_IdleSleep.uasset" 4003
"C:/Users/jeanc/Documents/GitHub/Felix/Multiplayer/Content/AnimalVarietyPack/DeerStagAndDoe/Animations/ANIM_DeerDoe_IdleSleep.uexp" 4004
"C:/Users/jeanc/Documents/GitHub/Felix/Multiplayer/Content/AnimalVarietyPack/DeerStagAndDoe/Animations/ANIM_DeerStag_AntlersComboAttack_RM.uasset" 4005
"C:/Users/jeanc/Documents/GitHub/Felix/Multiplayer/Content/AnimalVarietyPack/DeerStagAndDoe/Animations/ANIM_DeerStag_AntlersComboAttack_RM.uexp" 4006
"C:/Users/jeanc/Documents/GitHub/Felix/Multiplayer/Content/AnimalVarietyPack/DeerStagAndDoe/Animations/ANIM_DeerStag_Walk_RM.uasset" 4007
"C:/Users/jeanc/Documents/GitHub/Felix/Multiplayer/Content/AnimalVarietyPack/DeerStagAndDoe/Animations/ANIM_DeerStag_Walk_RM.uexp" 4008
"C:/Users/jeanc/Documents/GitHub/Felix/Multiplayer/Content/AnimalVarietyPack/DeerStagAndDoe/Animations/ANIM_DeerDoe_WalkGraze_RM.uasset" 4009
"C:/Users/jeanc/Documents/GitHub/Felix/Multiplayer/Content/AnimalVarietyPack/DeerStagAndDoe/Animations/ANIM_DeerDoe_WalkGraze_RM.uexp" 4010
"C:/Users/jeanc/Documents/GitHub/Felix/Multiplayer/Content/AnimalVarietyPack/DeerStagAndDoe/Animations/ANIM_DeerStag_GetHit.uasset" 4011
"C:/Users/jeanc/Documents/GitHub/Felix/Multiplayer/Content/AnimalVarietyPack/DeerStagAndDoe/Animations/ANIM_DeerStag_GetHit.uexp" 4012
"C:/Users/jeanc/Documents/GitHub/Felix/Multiplayer/Content/AnimalVarietyPack/DeerStagAndDoe/Animations/ANIM_DeerDoe_GoToRest.uasset" 4013
"C:/Users/jeanc/Documents/GitHub/Felix/Multiplayer/Content/AnimalVarietyPack/DeerStagAndDoe/Animations/ANIM_DeerDoe_GoToRest.uexp" 4014
"C:/Users/jeanc/Documents/GitHub/Felix/Multiplayer/Content/AnimalVarietyPack/DeerStagAndDoe/Animations/ANIM_DeerDoe_GetHit.uasset" 4015
"C:/Users/jeanc/Documents/GitHub/Felix/Multiplayer/Content/AnimalVarietyPack/DeerStagAndDoe/Animations/ANIM_DeerDoe_GetHit.uexp" 4016
"C:/Users/jeanc/Documents/GitHub/Felix/Multiplayer/Content/AnimalVarietyPack/DeerStagAndDoe/Animations/ANIM_DeerDoe_GrazeOnce.uasset" 4017
"C:/Users/jeanc/Documents/GitHub/Felix/Multiplayer/Content/AnimalVarietyPack/DeerStagAndDoe/Animations/ANIM_DeerDoe_GrazeOnce.uexp" 4018
"C:/Users/jeanc/Documents/GitHub/Felix/Multiplayer/Content/AnimalVarietyPack/DeerStagAndDoe/Animations/ANIM_DeerDoe_Walk_RM.uasset" 4019
"C:/Users/jeanc/Documents/GitHub/Felix/Multiplayer/Content/AnimalVarietyPack/DeerStagAndDoe/Animations/ANIM_DeerDoe_Walk_RM.uexp" 4020
"C:/Users/jeanc/Documents/GitHub/Felix/Multiplayer/Content/AnimalVarietyPack/DeerStagAndDoe/Maps/Overview.uexp" 4021
"C:/Users/jeanc/Documents/GitHub/Felix/Multiplayer/Content/AnimalVarietyPack/DeerStagAndDoe/Maps/Overview.umap" 4022
"C:/Users/jeanc/Documents/GitHub/Felix/Multiplayer/Content/AnimalVarietyPack/Crow/Animations/ANIM_Crow_Landing.uasset" 4023
"C:/Users/jeanc/Documents/GitHub/Felix/Multiplayer/Content/AnimalVarietyPack/Crow/Animations/ANIM_Crow_Landing.uexp" 4024
"C:/Users/jeanc/Documents/GitHub/Felix/Multiplayer/Content/AnimalVarietyPack/Crow/Animations/ANIM_Crow_EatSomething.uasset" 4025
"C:/Users/jeanc/Documents/GitHub/Felix/Multiplayer/Content/AnimalVarietyPack/Crow/Animations/ANIM_Crow_EatSomething.uexp" 4026
"C:/Users/jeanc/Documents/GitHub/Felix/Multiplayer/Content/AnimalVarietyPack/Crow/Animations/ANIM_Crow_Hop_RM.uasset" 4027
"C:/Users/jeanc/Documents/GitHub/Felix/Multiplayer/Content/AnimalVarietyPack/Crow/Animations/ANIM_Crow_Hop_RM.uexp" 4028
"C:/Users/jeanc/Documents/GitHub/Felix/Multiplayer/Content/AnimalVarietyPack/Crow/Animations/ANIM_Crow_FlyingAttack.uasset" 4029
"C:/Users/jeanc/Documents/GitHub/Felix/Multiplayer/Content/AnimalVarietyPack/Crow/Animations/ANIM_Crow_FlyingAttack.uexp" 4030
"C:/Users/jeanc/Documents/GitHub/Felix/Multiplayer/Content/AnimalVarietyPack/Crow/Animations/ANIM_Crow_Fly.uasset" 4031
"C:/Users/jeanc/Documents/GitHub/Felix/Multiplayer/Content/AnimalVarietyPack/Crow/Animations/ANIM_Crow_Fly.uexp" 4032
"C:/Users/jeanc/Documents/GitHub/Felix/Multiplayer/Content/AnimalVarietyPack/Crow/Animations/ANIM_Crow_DeathHitTheGround.uasset" 4033
"C:/Users/jeanc/Documents/GitHub/Felix/Multiplayer/Content/AnimalVarietyPack/Crow/Animations/ANIM_Crow_DeathHitTheGround.uexp" 4034
"C:/Users/jeanc/Documents/GitHub/Felix/Multiplayer/Content/AnimalVarietyPack/Crow/Animations/ANIM_Crow_DeathGrounded.uasset" 4035
"C:/Users/jeanc/Documents/GitHub/Felix/Multiplayer/Content/AnimalVarietyPack/Crow/Animations/ANIM_Crow_DeathGrounded.uexp" 4036
"C:/Users/jeanc/Documents/GitHub/Felix/Multiplayer/Content/AnimalVarietyPack/Crow/Animations/ANIM_Crow_Walk_RM.uasset" 4037
"C:/Users/jeanc/Documents/GitHub/Felix/Multiplayer/Content/AnimalVarietyPack/Crow/Animations/ANIM_Crow_Walk_RM.uexp" 4038
"C:/Users/jeanc/Documents/GitHub/Felix/Multiplayer/Content/AnimalVarietyPack/Crow/Maps/Overview_BuiltData.ubulk" 4039
"C:/Users/jeanc/Documents/GitHub/Felix/Multiplayer/Content/AnimalVarietyPack/Crow/Maps/Overview_BuiltData.uasset" 4040
"C:/Users/jeanc/Documents/GitHub/Felix/Multiplayer/Content/AnimalVarietyPack/Crow/Maps/Overview_BuiltData.uexp" 4041
"C:/Users/jeanc/Documents/GitHub/Felix/Multiplayer/Content/AnimalVarietyPack/Crow/Animations/ANIM_Crow_Glide.uasset" 4042
"C:/Users/jeanc/Documents/GitHub/Felix/Multiplayer/Content/AnimalVarietyPack/Crow/Animations/ANIM_Crow_Glide.uexp" 4043
"C:/Users/jeanc/Documents/GitHub/Felix/Multiplayer/Content/AnimalVarietyPack/Crow/Animations/ANIM_Crow_TakeOff.uasset" 4044
"C:/Users/jeanc/Documents/GitHub/Felix/Multiplayer/Content/AnimalVarietyPack/Crow/Animations/ANIM_Crow_TakeOff.uexp" 4045
"C:/Users/jeanc/Documents/GitHub/Felix/Multiplayer/Content/AnimalVarietyPack/Crow/Animations/ANIM_Crow_Falling.uasset" 4046
"C:/Users/jeanc/Documents/GitHub/Felix/Multiplayer/Content/AnimalVarietyPack/Crow/Animations/ANIM_Crow_Falling.uexp" 4047
"C:/Users/jeanc/Documents/GitHub/Felix/Multiplayer/Content/AnimalVarietyPack/Crow/Animations/ANIM_Crow_InAirDeathGoToFall.uasset" 4048
"C:/Users/jeanc/Documents/GitHub/Felix/Multiplayer/Content/AnimalVarietyPack/Crow/Animations/ANIM_Crow_InAirDeathGoToFall.uexp" 4049
"C:/Users/jeanc/Documents/GitHub/Felix/Multiplayer/Content/AnimalVarietyPack/Crow/Maps/Overview.uexp" 4050
"C:/Users/jeanc/Documents/GitHub/Felix/Multiplayer/Content/AnimalVarietyPack/Crow/Maps/Overview.umap" 4051
"C:/Users/jeanc/Documents/GitHub/Felix/Multiplayer/Content/Vefects/Easy_Shockwaves_VFX/Demo/_Extra/Demo/Environment/T_VFX_Metrics_Grid_Base_Color.ubulk" 4052
"C:/Users/jeanc/Documents/GitHub/Felix/Multiplayer/Content/Vefects/Easy_Shockwaves_VFX/Demo/_Extra/Demo/Environment/T_VFX_Metrics_Grid_Base_Color.uasset" 4053
"C:/Users/jeanc/Documents/GitHub/Felix/Multiplayer/Content/Vefects/Easy_Shockwaves_VFX/Demo/_Extra/Demo/Environment/T_VFX_Metrics_Grid_Base_Color.uexp" 4054
"C:/Users/jeanc/Documents/GitHub/Felix/Multiplayer/Content/Vefects/Easy_Shockwaves_VFX/Demo/_Extra/Demo/Environment/T_VFX_Metrics_Grid_Normal.ubulk" 4055
"C:/Users/jeanc/Documents/GitHub/Felix/Multiplayer/Content/Vefects/Easy_Shockwaves_VFX/Demo/_Extra/Demo/Environment/T_VFX_Metrics_Grid_Normal.uasset" 4056
"C:/Users/jeanc/Documents/GitHub/Felix/Multiplayer/Content/Vefects/Easy_Shockwaves_VFX/Demo/_Extra/Demo/Environment/T_VFX_Metrics_Grid_Normal.uexp" 4057
"C:/Users/jeanc/Documents/GitHub/Felix/Multiplayer/Content/Vefects/Easy_Shockwaves_VFX/Demo/_Extra/Demo/Extra/Materials/MM_Extra_Grid.uasset" 4058
"C:/Users/jeanc/Documents/GitHub/Felix/Multiplayer/Content/Vefects/Easy_Shockwaves_VFX/Demo/_Extra/Demo/Extra/Materials/MM_Extra_Grid.uexp" 4059
"C:/Users/jeanc/Documents/GitHub/Felix/Multiplayer/Content/Vefects/Easy_Shockwaves_VFX/Demo/_Extra/Demo/Extra/Materials/MI_Extra_Grid_01.uasset" 4060
"C:/Users/jeanc/Documents/GitHub/Felix/Multiplayer/Content/Vefects/Easy_Shockwaves_VFX/Demo/_Extra/Demo/Extra/Materials/MI_Extra_Grid_01.uexp" 4061
"C:/Users/jeanc/Documents/GitHub/Felix/Multiplayer/Content/Vefects/Easy_Shockwaves_VFX/Demo/_Extra/Demo/Extra/Materials/MM_Extra_Frame.uasset" 4062
"C:/Users/jeanc/Documents/GitHub/Felix/Multiplayer/Content/Vefects/Easy_Shockwaves_VFX/Demo/_Extra/Demo/Extra/Materials/MM_Extra_Frame.uexp" 4063
"C:/Users/jeanc/Documents/GitHub/Felix/Multiplayer/Content/Vefects/Easy_Shockwaves_VFX/Demo/_Extra/Demo/Extra/Materials/MI_Extra_Frame_01.uasset" 4064
"C:/Users/jeanc/Documents/GitHub/Felix/Multiplayer/Content/Vefects/Easy_Shockwaves_VFX/Demo/_Extra/Demo/Extra/Materials/MI_Extra_Frame_01.uexp" 4065
"C:/Users/jeanc/Documents/GitHub/Felix/Multiplayer/Content/Vefects/Easy_Shockwaves_VFX/Demo/_Extra/Demo/Extra/SM/SM_Extra_Billboard_Base_01.ubulk" 4066
"C:/Users/jeanc/Documents/GitHub/Felix/Multiplayer/Content/Vefects/Easy_Shockwaves_VFX/Demo/_Extra/Demo/Extra/SM/SM_Extra_Billboard_Base_01.uasset" 4067
"C:/Users/jeanc/Documents/GitHub/Felix/Multiplayer/Content/Vefects/Easy_Shockwaves_VFX/Demo/_Extra/Demo/Extra/SM/SM_Extra_Billboard_Base_01.uexp" 4068
"C:/Users/jeanc/Documents/GitHub/Felix/Multiplayer/Content/Vefects/Easy_Shockwaves_VFX/Demo/_Extra/Demo/Environment/M_Grid.uasset" 4069
"C:/Users/jeanc/Documents/GitHub/Felix/Multiplayer/Content/Vefects/Easy_Shockwaves_VFX/Demo/_Extra/Demo/Environment/M_Grid.uexp" 4070
"C:/Users/jeanc/Documents/GitHub/Felix/Multiplayer/Content/Vefects/Easy_Shockwaves_VFX/Demo/_Extra/Demo/Environment/MI_Grid.uasset" 4071
"C:/Users/jeanc/Documents/GitHub/Felix/Multiplayer/Content/Vefects/Easy_Shockwaves_VFX/Demo/_Extra/Demo/Environment/MI_Grid.uexp" 4072
"C:/Users/jeanc/Documents/GitHub/Felix/Multiplayer/Content/Vefects/Easy_Shockwaves_VFX/Demo/_Extra/Demo/Extra/Textures/Vefects_VFX_Book_Screenshot_01.uasset" 4073
"C:/Users/jeanc/Documents/GitHub/Felix/Multiplayer/Content/Vefects/Easy_Shockwaves_VFX/Demo/_Extra/Demo/Extra/Textures/Vefects_VFX_Book_Screenshot_01.uexp" 4074
"C:/Users/jeanc/Documents/GitHub/Felix/Multiplayer/Content/Vefects/Easy_Shockwaves_VFX/Demo/_Extra/Demo/Extra/Materials/MM_Extra_Billboard.uasset" 4075
"C:/Users/jeanc/Documents/GitHub/Felix/Multiplayer/Content/Vefects/Easy_Shockwaves_VFX/Demo/_Extra/Demo/Extra/Materials/MM_Extra_Billboard.uexp" 4076
"C:/Users/jeanc/Documents/GitHub/Felix/Multiplayer/Content/Vefects/Easy_Shockwaves_VFX/Demo/_Extra/Demo/Extra/Materials/MI_Extra_Vefects_Book_01.uasset" 4077
"C:/Users/jeanc/Documents/GitHub/Felix/Multiplayer/Content/Vefects/Easy_Shockwaves_VFX/Demo/_Extra/Demo/Extra/Materials/MI_Extra_Vefects_Book_01.uexp" 4078
"C:/Users/jeanc/Documents/GitHub/Felix/Multiplayer/Content/Vefects/Easy_Shockwaves_VFX/Demo/_Extra/Demo/Extra/Textures/Vefects_VFX_Mega_Bundle_Pack_Unreal_Engine_Marketplace_Featured_Image_02.uasset" 4079
"C:/Users/jeanc/Documents/GitHub/Felix/Multiplayer/Content/Vefects/Easy_Shockwaves_VFX/Demo/_Extra/Demo/Extra/Textures/Vefects_VFX_Mega_Bundle_Pack_Unreal_Engine_Marketplace_Featured_Image_02.uexp" 4080
"C:/Users/jeanc/Documents/GitHub/Felix/Multiplayer/Content/Vefects/Easy_Shockwaves_VFX/Demo/_Extra/Demo/Extra/Materials/MI_Extra_Vefects_Bundle_01.uasset" 4081
"C:/Users/jeanc/Documents/GitHub/Felix/Multiplayer/Content/Vefects/Easy_Shockwaves_VFX/Demo/_Extra/Demo/Extra/Materials/MI_Extra_Vefects_Bundle_01.uexp" 4082
"C:/Users/jeanc/Documents/GitHub/Felix/Multiplayer/Content/Vefects/Easy_Shockwaves_VFX/Demo/_Extra/Demo/Extra/SM/SM_Extra_Billboard_01.ubulk" 4083
"C:/Users/jeanc/Documents/GitHub/Felix/Multiplayer/Content/Vefects/Easy_Shockwaves_VFX/Demo/_Extra/Demo/Extra/SM/SM_Extra_Billboard_01.uasset" 4084
"C:/Users/jeanc/Documents/GitHub/Felix/Multiplayer/Content/Vefects/Easy_Shockwaves_VFX/Demo/_Extra/Demo/Extra/SM/SM_Extra_Billboard_01.uexp" 4085
"C:/Users/jeanc/Documents/GitHub/Felix/Multiplayer/Content/Vefects/Easy_Shockwaves_VFX/Demo/_Extra/Maps/Extra_Secret.uexp" 4086
"C:/Users/jeanc/Documents/GitHub/Felix/Multiplayer/Content/Vefects/Easy_Shockwaves_VFX/Demo/_Extra/Maps/Extra_Secret.umap" 4087
"C:/Users/jeanc/Documents/GitHub/Felix/Multiplayer/Content/Vefects/Easy_Shockwaves_VFX/Demo/_Extra/Demo/Extra/Textures/Vefects_Blood_VFX_Unreal_Engine_Marketplace_Featured_Image_01.uasset" 4088
"C:/Users/jeanc/Documents/GitHub/Felix/Multiplayer/Content/Vefects/Easy_Shockwaves_VFX/Demo/_Extra/Demo/Extra/Textures/Vefects_Blood_VFX_Unreal_Engine_Marketplace_Featured_Image_01.uexp" 4089
"C:/Users/jeanc/Documents/GitHub/Felix/Multiplayer/Content/Vefects/Easy_Shockwaves_VFX/Demo/_Extra/Demo/Extra/Materials/MI_Extra_Vefects_Bundle_08.uasset" 4090
"C:/Users/jeanc/Documents/GitHub/Felix/Multiplayer/Content/Vefects/Easy_Shockwaves_VFX/Demo/_Extra/Demo/Extra/Materials/MI_Extra_Vefects_Bundle_08.uexp" 4091
"C:/Users/jeanc/Documents/GitHub/Felix/Multiplayer/Content/Vefects/Easy_Shockwaves_VFX/Demo/_Extra/Demo/Extra/Textures/Vefects_Vignette_VFX_Unreal_Engine_Marketplace_Featured_Image_01.uasset" 4092
"C:/Users/jeanc/Documents/GitHub/Felix/Multiplayer/Content/Vefects/Easy_Shockwaves_VFX/Demo/_Extra/Demo/Extra/Textures/Vefects_Vignette_VFX_Unreal_Engine_Marketplace_Featured_Image_01.uexp" 4093
"C:/Users/jeanc/Documents/GitHub/Felix/Multiplayer/Content/Vefects/Easy_Shockwaves_VFX/Demo/_Extra/Demo/Extra/Materials/MI_Extra_Vefects_Bundle_10.uasset" 4094
"C:/Users/jeanc/Documents/GitHub/Felix/Multiplayer/Content/Vefects/Easy_Shockwaves_VFX/Demo/_Extra/Demo/Extra/Materials/MI_Extra_Vefects_Bundle_10.uexp" 4095
"C:/Users/jeanc/Documents/GitHub/Felix/Multiplayer/Content/Vefects/Easy_Shockwaves_VFX/Demo/_Extra/Demo/Extra/Textures/Vefects_Loot_VFX_Unreal_Engine_Marketplace_Featured_Image_01.uasset" 4096
"C:/Users/jeanc/Documents/GitHub/Felix/Multiplayer/Content/Vefects/Easy_Shockwaves_VFX/Demo/_Extra/Demo/Extra/Textures/Vefects_Loot_VFX_Unreal_Engine_Marketplace_Featured_Image_01.uexp" 4097
"C:/Users/jeanc/Documents/GitHub/Felix/Multiplayer/Content/Vefects/Easy_Shockwaves_VFX/Demo/_Extra/Demo/Extra/Materials/MI_Extra_Vefects_Bundle_11.uasset" 4098
"C:/Users/jeanc/Documents/GitHub/Felix/Multiplayer/Content/Vefects/Easy_Shockwaves_VFX/Demo/_Extra/Demo/Extra/Materials/MI_Extra_Vefects_Bundle_11.uexp" 4099
"C:/Users/jeanc/Documents/GitHub/Felix/Multiplayer/Content/Vefects/Easy_Shockwaves_VFX/Demo/_Extra/Demo/Extra/Textures/Vefects_Item_Pickup_VFX_Unreal_Engine_Marketplace_Featured_Image_01.uasset" 4100
"C:/Users/jeanc/Documents/GitHub/Felix/Multiplayer/Content/Vefects/Easy_Shockwaves_VFX/Demo/_Extra/Demo/Extra/Textures/Vefects_Item_Pickup_VFX_Unreal_Engine_Marketplace_Featured_Image_01.uexp" 4101
"C:/Users/jeanc/Documents/GitHub/Felix/Multiplayer/Content/Vefects/Easy_Shockwaves_VFX/Demo/_Extra/Demo/Extra/Materials/MI_Extra_Vefects_Bundle_12.uasset" 4102
"C:/Users/jeanc/Documents/GitHub/Felix/Multiplayer/Content/Vefects/Easy_Shockwaves_VFX/Demo/_Extra/Demo/Extra/Materials/MI_Extra_Vefects_Bundle_12.uexp" 4103
"C:/Users/jeanc/Documents/GitHub/Felix/Multiplayer/Content/Vefects/Easy_Shockwaves_VFX/Demo/_Extra/Demo/Extra/Textures/Vefects_Space_VFX_Unreal_Engine_Marketplace_Featured_Image_01.uasset" 4104
"C:/Users/jeanc/Documents/GitHub/Felix/Multiplayer/Content/Vefects/Easy_Shockwaves_VFX/Demo/_Extra/Demo/Extra/Textures/Vefects_Space_VFX_Unreal_Engine_Marketplace_Featured_Image_01.uexp" 4105
"C:/Users/jeanc/Documents/GitHub/Felix/Multiplayer/Content/Vefects/Easy_Shockwaves_VFX/Demo/_Extra/Demo/Extra/Materials/MI_Extra_Vefects_Bundle_13.uasset" 4106
"C:/Users/jeanc/Documents/GitHub/Felix/Multiplayer/Content/Vefects/Easy_Shockwaves_VFX/Demo/_Extra/Demo/Extra/Materials/MI_Extra_Vefects_Bundle_13.uexp" 4107
"C:/Users/jeanc/Documents/GitHub/Felix/Multiplayer/Content/Vefects/Easy_Shockwaves_VFX/Demo/_Extra/Demo/Extra/Textures/Vefects_Flipbook_VFX_Unreal_Engine_Marketplace_Featured_Image_01.uasset" 4108
"C:/Users/jeanc/Documents/GitHub/Felix/Multiplayer/Content/Vefects/Easy_Shockwaves_VFX/Demo/_Extra/Demo/Extra/Textures/Vefects_Flipbook_VFX_Unreal_Engine_Marketplace_Featured_Image_01.uexp" 4109
"C:/Users/jeanc/Documents/GitHub/Felix/Multiplayer/Content/Vefects/Easy_Shockwaves_VFX/Demo/_Extra/Demo/Extra/Materials/MI_Extra_Vefects_Bundle_14.uasset" 4110
"C:/Users/jeanc/Documents/GitHub/Felix/Multiplayer/Content/Vefects/Easy_Shockwaves_VFX/Demo/_Extra/Demo/Extra/Materials/MI_Extra_Vefects_Bundle_14.uexp" 4111
"C:/Users/jeanc/Documents/GitHub/Felix/Multiplayer/Content/Vefects/Easy_Shockwaves_VFX/Demo/_Extra/Demo/Extra/Textures/Vefects_Slime_VFX_Unreal_Engine_Marketplace_Featured_Image_01.uasset" 4112
"C:/Users/jeanc/Documents/GitHub/Felix/Multiplayer/Content/Vefects/Easy_Shockwaves_VFX/Demo/_Extra/Demo/Extra/Textures/Vefects_Slime_VFX_Unreal_Engine_Marketplace_Featured_Image_01.uexp" 4113
"C:/Users/jeanc/Documents/GitHub/Felix/Multiplayer/Content/Vefects/Easy_Shockwaves_VFX/Demo/_Extra/Demo/Extra/Materials/MI_Extra_Vefects_Bundle_15.uasset" 4114
"C:/Users/jeanc/Documents/GitHub/Felix/Multiplayer/Content/Vefects/Easy_Shockwaves_VFX/Demo/_Extra/Demo/Extra/Materials/MI_Extra_Vefects_Bundle_15.uexp" 4115
"C:/Users/jeanc/Documents/GitHub/Felix/Multiplayer/Content/Vefects/Easy_Shockwaves_VFX/Demo/_Extra/Demo/Extra/Textures/Vefects_Smoke_Bombs_VFX_Unreal_Engine_Marketplace_Featured_Image_01.uasset" 4116
"C:/Users/jeanc/Documents/GitHub/Felix/Multiplayer/Content/Vefects/Easy_Shockwaves_VFX/Demo/_Extra/Demo/Extra/Textures/Vefects_Smoke_Bombs_VFX_Unreal_Engine_Marketplace_Featured_Image_01.uexp" 4117
"C:/Users/jeanc/Documents/GitHub/Felix/Multiplayer/Content/Vefects/Easy_Shockwaves_VFX/Demo/_Extra/Demo/Extra/Materials/MI_Extra_Vefects_Bundle_09.uasset" 4118
"C:/Users/jeanc/Documents/GitHub/Felix/Multiplayer/Content/Vefects/Easy_Shockwaves_VFX/Demo/_Extra/Demo/Extra/Materials/MI_Extra_Vefects_Bundle_09.uexp" 4119
"C:/Users/jeanc/Documents/GitHub/Felix/Multiplayer/Content/Vefects/Easy_Shockwaves_VFX/Demo/_Extra/Demo/Extra/Textures/Vefects_Anime_Stylized_VFX_Unreal_Engine_Marketplace_Featured_Image_01.uasset" 4120
"C:/Users/jeanc/Documents/GitHub/Felix/Multiplayer/Content/Vefects/Easy_Shockwaves_VFX/Demo/_Extra/Demo/Extra/Textures/Vefects_Anime_Stylized_VFX_Unreal_Engine_Marketplace_Featured_Image_01.uexp" 4121
"C:/Users/jeanc/Documents/GitHub/Felix/Multiplayer/Content/Vefects/Easy_Shockwaves_VFX/Demo/_Extra/Demo/Extra/Materials/MI_Extra_Vefects_Bundle_02.uasset" 4122
"C:/Users/jeanc/Documents/GitHub/Felix/Multiplayer/Content/Vefects/Easy_Shockwaves_VFX/Demo/_Extra/Demo/Extra/Materials/MI_Extra_Vefects_Bundle_02.uexp" 4123
"C:/Users/jeanc/Documents/GitHub/Felix/Multiplayer/Content/Vefects/Easy_Shockwaves_VFX/Demo/_Extra/Demo/Extra/Textures/Vefects_Shots_VFX_Unreal_Engine_Marketplace_Featured_Image_01.uasset" 4124
"C:/Users/jeanc/Documents/GitHub/Felix/Multiplayer/Content/Vefects/Easy_Shockwaves_VFX/Demo/_Extra/Demo/Extra/Textures/Vefects_Shots_VFX_Unreal_Engine_Marketplace_Featured_Image_01.uexp" 4125
"C:/Users/jeanc/Documents/GitHub/Felix/Multiplayer/Content/Vefects/Easy_Shockwaves_VFX/Demo/_Extra/Demo/Extra/Materials/MI_Extra_Vefects_Bundle_06.uasset" 4126
"C:/Users/jeanc/Documents/GitHub/Felix/Multiplayer/Content/Vefects/Easy_Shockwaves_VFX/Demo/_Extra/Demo/Extra/Materials/MI_Extra_Vefects_Bundle_06.uexp" 4127
"C:/Users/jeanc/Documents/GitHub/Felix/Multiplayer/Content/Vefects/Easy_Shockwaves_VFX/Demo/_Extra/Demo/Extra/Textures/Vefects_Realistic_Water_VFX_Unreal_Engine_Marketplace_Featured_Image_01.uasset" 4128
"C:/Users/jeanc/Documents/GitHub/Felix/Multiplayer/Content/Vefects/Easy_Shockwaves_VFX/Demo/_Extra/Demo/Extra/Textures/Vefects_Realistic_Water_VFX_Unreal_Engine_Marketplace_Featured_Image_01.uexp" 4129
"C:/Users/jeanc/Documents/GitHub/Felix/Multiplayer/Content/Vefects/Easy_Shockwaves_VFX/Demo/_Extra/Demo/Extra/Materials/MI_Extra_Vefects_Bundle_04.uasset" 4130
"C:/Users/jeanc/Documents/GitHub/Felix/Multiplayer/Content/Vefects/Easy_Shockwaves_VFX/Demo/_Extra/Demo/Extra/Materials/MI_Extra_Vefects_Bundle_04.uexp" 4131
"C:/Users/jeanc/Documents/GitHub/Felix/Multiplayer/Content/Vefects/Easy_Shockwaves_VFX/Demo/_Extra/Demo/Extra/Textures/Vefects_Anime_VFX_Unreal_Engine_Marketplace_Featured_Image_01.uasset" 4132
"C:/Users/jeanc/Documents/GitHub/Felix/Multiplayer/Content/Vefects/Easy_Shockwaves_VFX/Demo/_Extra/Demo/Extra/Textures/Vefects_Anime_VFX_Unreal_Engine_Marketplace_Featured_Image_01.uexp" 4133
"C:/Users/jeanc/Documents/GitHub/Felix/Multiplayer/Content/Vefects/Easy_Shockwaves_VFX/Demo/_Extra/Demo/Extra/Materials/MI_Extra_Vefects_Bundle_03.uasset" 4134
"C:/Users/jeanc/Documents/GitHub/Felix/Multiplayer/Content/Vefects/Easy_Shockwaves_VFX/Demo/_Extra/Demo/Extra/Materials/MI_Extra_Vefects_Bundle_03.uexp" 4135
"C:/Users/jeanc/Documents/GitHub/Felix/Multiplayer/Content/Vefects/Easy_Shockwaves_VFX/Demo/_Extra/Demo/Extra/Textures/Vefects_Explosions_VFX_Unreal_Engine_Marketplace_Featured_Image_01.uasset" 4136
"C:/Users/jeanc/Documents/GitHub/Felix/Multiplayer/Content/Vefects/Easy_Shockwaves_VFX/Demo/_Extra/Demo/Extra/Textures/Vefects_Explosions_VFX_Unreal_Engine_Marketplace_Featured_Image_01.uexp" 4137
"C:/Users/jeanc/Documents/GitHub/Felix/Multiplayer/Content/Vefects/Easy_Shockwaves_VFX/Demo/_Extra/Demo/Extra/Materials/MI_Extra_Vefects_Bundle_07.uasset" 4138
"C:/Users/jeanc/Documents/GitHub/Felix/Multiplayer/Content/Vefects/Easy_Shockwaves_VFX/Demo/_Extra/Demo/Extra/Materials/MI_Extra_Vefects_Bundle_07.uexp" 4139
"C:/Users/jeanc/Documents/GitHub/Felix/Multiplayer/Content/Vefects/Easy_Shockwaves_VFX/Demo/_Extra/Demo/Extra/Textures/Vefects_Sand_VFX_Unreal_Engine_Marketplace_Featured_Image_01.uasset" 4140
"C:/Users/jeanc/Documents/GitHub/Felix/Multiplayer/Content/Vefects/Easy_Shockwaves_VFX/Demo/_Extra/Demo/Extra/Textures/Vefects_Sand_VFX_Unreal_Engine_Marketplace_Featured_Image_01.uexp" 4141
"C:/Users/jeanc/Documents/GitHub/Felix/Multiplayer/Content/Vefects/Easy_Shockwaves_VFX/Demo/_Extra/Demo/Extra/Materials/MI_Extra_Vefects_Bundle_05.uasset" 4142
"C:/Users/jeanc/Documents/GitHub/Felix/Multiplayer/Content/Vefects/Easy_Shockwaves_VFX/Demo/_Extra/Demo/Extra/Materials/MI_Extra_Vefects_Bundle_05.uexp" 4143
"C:/Users/jeanc/Documents/GitHub/Felix/Multiplayer/Content/Vefects/Easy_Shockwaves_VFX/Demo/_Extra/Demo/Extra/Textures/Vefects_VFX_Master_Bundle_Unreal_Engine_Thumbnail_01.uasset" 4144
"C:/Users/jeanc/Documents/GitHub/Felix/Multiplayer/Content/Vefects/Easy_Shockwaves_VFX/Demo/_Extra/Demo/Extra/Textures/Vefects_VFX_Master_Bundle_Unreal_Engine_Thumbnail_01.uexp" 4145
"C:/Users/jeanc/Documents/GitHub/Felix/Multiplayer/Content/Vefects/Easy_Shockwaves_VFX/Demo/_Extra/Demo/Extra/Materials/MI_Extra_Vefects_Bundle_Master_01.uasset" 4146
"C:/Users/jeanc/Documents/GitHub/Felix/Multiplayer/Content/Vefects/Easy_Shockwaves_VFX/Demo/_Extra/Demo/Extra/Materials/MI_Extra_Vefects_Bundle_Master_01.uexp" 4147
"C:/Users/jeanc/Documents/GitHub/Felix/Multiplayer/Content/Vefects/Easy_Shockwaves_VFX/Demo/_Extra/Maps/Extra.uexp" 4148
"C:/Users/jeanc/Documents/GitHub/Felix/Multiplayer/Content/Vefects/Easy_Shockwaves_VFX/Demo/_Extra/Maps/Extra.umap" 4149
